name,dataset,F1,IoU,MAE
Casiav1__Sp_D_CND_A_pla0005_pla0023_0281.png,Casiav1,0.04950191570881226,0.025379115266755715,0.11511895805597305
Casiav1__Sp_D_CND_A_sec0056_sec0015_0282.png,Casiav1,0.04808403610001479,0.02463427575229288,0.12377842515707016
Casiav1__Sp_D_CNN_A_ani0049_ani0084_0266.png,Casiav1,0.11254137550570062,0.05962587685113016,0.047927360981702805
Casiav1__Sp_D_CNN_A_ani0053_ani0054_0267.png,Casiav1,0.0,0.0,0.028214706107974052
Casiav1__Sp_D_CNN_A_art0024_ani0032_0268.png,Casiav1,0.15513884619325752,0.08409242390579871,0.07899899780750275
Casiav1__Sp_D_CNN_A_cha0025_pla0067_0269.png,Casiav1,0.23405531489503498,0.13253830477771908,0.11586978286504745
Casiav1__Sp_D_CNN_A_nat0014_nat0017_0097.png,Casiav1,0.0,0.0,0.10489179939031601
Casiav1__Sp_D_CNN_A_nat0071_ani0024_0270.png,Casiav1,0.0,0.0,0.06960486620664597
Casiav1__Sp_D_CNN_A_nat0085_ani0027_0271.png,Casiav1,0.04044659785127449,0.020640722425284884,0.04559716209769249
Casiav1__Sp_D_CNN_A_pla0030_pla0061_0272.png,Casiav1,0.08849912973624313,0.04629824192757582,0.13142578303813934
Casiav1__Sp_D_CNN_A_pla0070_pla0073_0273.png,Casiav1,0.34338388343740706,0.20728029867892017,0.1102387085556984
Casiav1__Sp_D_CNN_A_pla0079_pla0049_0274.png,Casiav1,0.12503427474636689,0.06668616554548114,0.14740125834941864
Casiav1__Sp_D_CNN_A_sec0012_ani0007_0275.png,Casiav1,0.2520174848688635,0.14417620467442532,0.09034190326929092
Casiav1__Sp_D_CNN_A_sec0041_pla0037_0098.png,Casiav1,0.0,0.0,0.1137118935585022
Casiav1__Sp_D_CNN_C_ani0068_ani0045_0099.png,Casiav1,0.0,0.0,0.01909741386771202
Casiav1__Sp_D_CNN_R_art0006_art0087_0276.png,Casiav1,0.3398937619177336,0.20474217500102557,0.20052017271518707
Casiav1__Sp_D_CNN_R_art0017_art0090_0277.png,Casiav1,0.2919369786839666,0.17091698317959847,0.04311436787247658
Casiav1__Sp_D_CNN_R_art0027_art0066_0100.png,Casiav1,0.017494089834515367,0.00882423086095874,0.07203076779842377
Casiav1__Sp_D_CNN_R_art0044_art0018_0278.png,Casiav1,0.12108427381077945,0.06444369596946221,0.07555052638053894
Casiav1__Sp_D_CNN_R_sec0018_sec0004_0101.png,Casiav1,0.05661053385883196,0.029129793510324485,0.02542414702475071
Casiav1__Sp_D_CRN_A_ani0036_ani0066_0372.png,Casiav1,0.0,0.0,0.07102163881063461
Casiav1__Sp_D_CRN_A_ani0043_ani0041_0373.png,Casiav1,0.09728793229826081,0.05113119002591581,0.13646377623081207
Casiav1__Sp_D_CRN_A_ani0092_ani0052_0374.png,Casiav1,0.250836778893483,0.14340387212967132,0.03596807271242142
Casiav1__Sp_D_CRN_A_arc0007_arc0005_0228.png,Casiav1,0.12871287128712872,0.06878306878306878,0.013957123272120953
Casiav1__Sp_D_CRN_A_arc0009_ani0048_0375.png,Casiav1,0.0,0.0,0.07206374406814575
Casiav1__Sp_D_CRN_A_arc0023_arc0003_0376.png,Casiav1,0.023444826508283837,0.011861458168590858,0.06048397719860077
Casiav1__Sp_D_CRN_A_arc0024_ani0031_0265.png,Casiav1,0.0,0.0,0.14916503429412842
Casiav1__Sp_D_CRN_A_arc0064_cha0053_0377.png,Casiav1,0.041400859263116783,0.02113799521403882,0.14375443756580353
Casiav1__Sp_D_CRN_A_arc0082_ani0076_0378.png,Casiav1,0.0,0.0,0.04589865729212761
Casiav1__Sp_D_CRN_A_art0042_sec0086_0379.png,Casiav1,0.0034597471723220225,0.00173287123433751,0.0703258216381073
Casiav1__Sp_D_CRN_A_art0075_art0019_0279.png,Casiav1,0.0,0.0,0.05314415320754051
Casiav1__Sp_D_CRN_A_art0093_art0013_0380.png,Casiav1,0.30071879125715123,0.1769682320441989,0.04058303311467171
Casiav1__Sp_D_CRN_A_cha0073_ani0090_0381.png,Casiav1,0.24202822791427078,0.13767469521260778,0.02848636917769909
Casiav1__Sp_D_CRN_A_cha0077_pla0022_0382.png,Casiav1,0.25724232251647394,0.14760647784832703,0.12158531695604324
Casiav1__Sp_D_CRN_A_nat0013_cha0086_0383.png,Casiav1,0.0,0.0,0.05859258770942688
Casiav1__Sp_D_CRN_A_nat0014_art0048_0384.png,Casiav1,0.0,0.0,0.054854799062013626
Casiav1__Sp_D_CRN_A_nat0033_obj0059_0385.png,Casiav1,0.07871928214540634,0.04097229593461416,0.08918952941894531
Casiav1__Sp_D_CRN_A_nat0066_art0021_0386.png,Casiav1,0.004003431512725193,0.0020057306590257878,0.07062362134456635
Casiav1__Sp_D_CRN_A_nat0077_nat0067_0387.png,Casiav1,0.0,0.0,0.05180078372359276
Casiav1__Sp_D_CRN_A_nat0093_art0037_0388.png,Casiav1,0.027613608145021108,0.014000100720149065,0.192663311958313
Casiav1__Sp_D_CRN_A_nat0094_art0096_0389.png,Casiav1,0.09187169106197446,0.04814754365921332,0.05853308364748955
Casiav1__Sp_D_CRN_A_nat0096_art0028_0390.png,Casiav1,0.00234375,0.0011732499022291747,0.023816347122192383
Casiav1__Sp_D_CRN_A_pla0002_pla0076_0280.png,Casiav1,0.37051724137931036,0.22738334567770607,0.0728805735707283
Casiav1__Sp_D_CRN_A_pla0006_pla0009_0391.png,Casiav1,0.1087465833658727,0.05749974192216373,0.0882185697555542
Casiav1__Sp_D_CRN_A_pla0064_ani0004_0392.png,Casiav1,0.03941670349094123,0.02010457987738911,0.10488805174827576
Casiav1__Sp_D_CRN_A_pla0072_ani0019_0393.png,Casiav1,0.046942256152034435,0.024035262807717898,0.11508200317621231
Casiav1__Sp_D_CRN_A_pla0074_pla0060_0394.png,Casiav1,0.0,0.0,0.0357736237347126
Casiav1__Sp_D_CRN_A_sec0001_art0001_0395.png,Casiav1,0.027865786158720464,0.014129761536079281,0.25634676218032837
Casiav1__Sp_D_CRN_A_sec0007_art0094_0396.png,Casiav1,0.2644746247319514,0.15238879736408567,0.020714890211820602
Casiav1__Sp_D_CRN_A_sec0038_cha0087_0397.png,Casiav1,0.0032177332856632105,0.0016114592658907788,0.056186918169260025
Casiav1__Sp_D_CRN_A_sec0039_sec0070_0398.png,Casiav1,0.005036918321790395,0.002524817811442015,0.17358142137527466
Casiav1__Sp_D_CRN_A_sec0062_cha0063_0399.png,Casiav1,0.19711829519312266,0.10933512424445938,0.06520780175924301
Casiav1__Sp_D_CRN_A_sec0069_ani0081_0400.png,Casiav1,0.042284325637910083,0.02159880834160874,0.03570057824254036
Casiav1__Sp_D_CRN_A_sec0083_ani0039_0401.png,Casiav1,0.010899182561307902,0.005479452054794521,0.12850041687488556
Casiav1__Sp_D_CRN_A_sec0086_sec0084_0402.png,Casiav1,0.0,0.0,0.03843298181891441
Casiav1__Sp_D_CRN_C_art0009_art0098_0403.png,Casiav1,0.0,0.0,0.1895792931318283
Casiav1__Sp_D_CRN_R_cha0077_sec0075_0173.png,Casiav1,0.006133625410733845,0.0030762469786860033,0.13118547201156616
Casiav1__Sp_D_NND_A_ani0025_cha0014_0593.png,Casiav1,0.05656009510104486,0.0291030841542721,0.14878973364830017
Casiav1__Sp_D_NND_A_ani0025_cha0081_0594.png,Casiav1,0.12445062586926287,0.06635422537300151,0.3229086697101593
Casiav1__Sp_D_NND_A_ani0085_arc0089_0595.png,Casiav1,0.0,0.0,0.11319596320390701
Casiav1__Sp_D_NND_A_ani0093_ani0075_0596.png,Casiav1,0.04283502494409083,0.021886261756174738,0.10377383977174759
Casiav1__Sp_D_NND_A_ani0097_ani0047_0597.png,Casiav1,0.14020221473278768,0.07538573055814435,0.08833637833595276
Casiav1__Sp_D_NND_A_arc0011_art0062_0598.png,Casiav1,0.02062991337439287,0.010422463951429295,0.19408665597438812
Casiav1__Sp_D_NND_A_arc0025_arc0090_0185.png,Casiav1,0.0,0.0,0.019473886117339134
Casiav1__Sp_D_NND_A_arc0087_arc0018_0186.png,Casiav1,0.10852309694209498,0.0573747936158503,0.06094677746295929
Casiav1__Sp_D_NND_A_art0010_art0011_0599.png,Casiav1,0.0,0.0,0.26824304461479187
Casiav1__Sp_D_NND_A_art0025_art0019_0090.png,Casiav1,0.0,0.0,0.01439092680811882
Casiav1__Sp_D_NND_A_art0040_arc0079_0600.png,Casiav1,0.05942567261527312,0.030622724302119316,0.10264147073030472
Casiav1__Sp_D_NND_A_art0050_art0080_0092.png,Casiav1,0.0,0.0,0.05723639950156212
Casiav1__Sp_D_NND_A_cha0042_arc0036_0601.png,Casiav1,0.13255780554358754,0.07098361916480812,0.1235291138291359
Casiav1__Sp_D_NND_A_cha0059_cha0081_0602.png,Casiav1,0.0,0.0,0.046178046613931656
Casiav1__Sp_D_NND_A_cha0066_cha0071_0603.png,Casiav1,0.23765826460680683,0.13485367782757712,0.06501669436693192
Casiav1__Sp_D_NND_A_cha0079_cha0005_0604.png,Casiav1,0.0,0.0,0.02845659665763378
Casiav1__Sp_D_NND_A_cha0090_cha0082_0187.png,Casiav1,0.0,0.0,0.022444212809205055
Casiav1__Sp_D_NND_A_cha0094_cha0089_0605.png,Casiav1,0.09196693684295,0.048199865410497984,0.11309996247291565
Casiav1__Sp_D_NND_A_cha0097_arc0005_0606.png,Casiav1,0.04456706281833616,0.02279140438463208,0.09035680443048477
Casiav1__Sp_D_NND_A_nat0015_nat0014_0607.png,Casiav1,0.0351558287501348,0.017892425905598242,0.0903843566775322
Casiav1__Sp_D_NND_A_nat0022_ani0063_0188.png,Casiav1,0.18401486988847585,0.10133060388945753,0.09700646996498108
Casiav1__Sp_D_NND_A_nat0023_nat0013_0608.png,Casiav1,0.0,0.0,0.03510143980383873
Casiav1__Sp_D_NND_A_nat0031_nat0033_0609.png,Casiav1,0.2355894217839534,0.13352301595366325,0.08561292290687561
Casiav1__Sp_D_NND_A_nat0031_nat0096_0610.png,Casiav1,0.16201347820107276,0.08814726129901228,0.12193740159273148
Casiav1__Sp_D_NND_A_nat0072_nat0002_0611.png,Casiav1,0.07180277349768875,0.03723829311171488,0.05459113046526909
Casiav1__Sp_D_NND_A_nat0075_arc0069_0612.png,Casiav1,0.002109276761448911,0.0010557518171113007,0.24662534892559052
Casiav1__Sp_D_NND_A_nat0090_cha0008_0613.png,Casiav1,0.0,0.0,0.028108907863497734
Casiav1__Sp_D_NND_A_pla0042_pla0043_0614.png,Casiav1,0.14843483210017075,0.08016721996803147,0.07737765461206436
Casiav1__Sp_D_NND_A_pla0058_ani0082_0592.png,Casiav1,0.0,0.0,0.14878733456134796
Casiav1__Sp_D_NND_A_sec0008_ani0011_0615.png,Casiav1,0.0013963230160577147,0.0006986492780624127,0.03782162070274353
Casiav1__Sp_D_NND_A_sec0009_ani0008_0616.png,Casiav1,0.061046032007919485,0.031484002722940774,0.05610828474164009
Casiav1__Sp_D_NND_A_sec0014_ani0016_0617.png,Casiav1,0.0,0.0,0.054571494460105896
Casiav1__Sp_D_NND_A_sec0019_ani0006_0618.png,Casiav1,0.00041549807832138777,0.0002077922077922078,0.09106356650590897
Casiav1__Sp_D_NND_A_sec0066_cha0030_0619.png,Casiav1,0.10496073549128519,0.055387103294926215,0.08843513578176498
Casiav1__Sp_D_NND_A_sec0067_ani0096_0620.png,Casiav1,0.027409243329931478,0.013895048041389505,0.12679772078990936
Casiav1__Sp_D_NND_A_sec0072_sec0010_0621.png,Casiav1,0.0,0.0,0.12838424742221832
Casiav1__Sp_D_NND_A_sec0084_ani0038_0622.png,Casiav1,0.10097532989099255,0.053172205438066465,0.04638148844242096
Casiav1__Sp_D_NND_A_sec0095_art0086_0623.png,Casiav1,0.0,0.0,0.04306488856673241
Casiav1__Sp_D_NND_C_cha0076_cha0065_0190.png,Casiav1,0.21743004811976474,0.1219756048790242,0.037149522453546524
Casiav1__Sp_D_NND_C_nat0029_nat0054_0624.png,Casiav1,0.005366115420264403,0.002690275875562512,0.20255835354328156
Casiav1__Sp_D_NND_R_cha0080_art0089_0625.png,Casiav1,0.0640066071336396,0.03306137684637125,0.17643208801746368
Casiav1__Sp_D_NNN_A_ani0014_ani0015_0283.png,Casiav1,0.0,0.0,0.09615379571914673
Casiav1__Sp_D_NNN_A_ani0028_pla0007_0284.png,Casiav1,0.15561015561015562,0.08436944937833037,0.1124073937535286
Casiav1__Sp_D_NNN_A_ani0033_ani0034_0285.png,Casiav1,0.0,0.0,0.09014997631311417
Casiav1__Sp_D_NNN_A_ani0044_ani0051_0286.png,Casiav1,0.12008141112618724,0.06387585709130278,0.02634216658771038
Casiav1__Sp_D_NNN_A_ani0055_pla0025_0287.png,Casiav1,0.013597033374536464,0.006845052893590542,0.11130473017692566
Casiav1__Sp_D_NNN_A_ani0099_ani0100.0288.png,Casiav1,0.08415244007587515,0.043924392439243926,0.053605273365974426
Casiav1__Sp_D_NNN_A_arc0002_arc0026_0201.png,Casiav1,0.0,0.0,0.04757849872112274
Casiav1__Sp_D_NNN_A_arc0002_sec0063_0102.png,Casiav1,0.0,0.0,0.023452363908290863
Casiav1__Sp_D_NNN_A_arc0012_cha0098_0289.png,Casiav1,0.15057777777777778,0.08141882149379986,0.09553212672472
Casiav1__Sp_D_NNN_A_arc0026_arc0008_0290.png,Casiav1,0.005238095238095238,0.0026259250417760803,0.0400436669588089
Casiav1__Sp_D_NNN_A_arc0027_arc0094_0291.png,Casiav1,0.07387769529869212,0.038355661589282435,0.10414894670248032
Casiav1__Sp_D_NNN_A_arc0028_arc0034_0103.png,Casiav1,0.0,0.0,0.039389826357364655
Casiav1__Sp_D_NNN_A_arc0030_art0034_0292.png,Casiav1,0.026658557599716182,0.013509348674748305,0.19578035175800323
Casiav1__Sp_D_NNN_A_arc0032_arc0031_0104.png,Casiav1,0.0,0.0,0.06847739219665527
Casiav1__Sp_D_NNN_A_arc0043_arc0044_0105.png,Casiav1,0.032926181625066386,0.01673866090712743,0.01399549562484026
Casiav1__Sp_D_NNN_A_arc0051_arc0029_0018.png,Casiav1,0.0,0.0,0.01309299748390913
Casiav1__Sp_D_NNN_A_arc0052_ani0017_0293.png,Casiav1,0.027959958577839145,0.014178190092770873,0.05439703166484833
Casiav1__Sp_D_NNN_A_arc0072_pla0097_0294.png,Casiav1,0.1925941466484842,0.1065583284968079,0.154909148812294
Casiav1__Sp_D_NNN_A_arc0075_cha0055_0295.png,Casiav1,0.05329283446085876,0.027375886524822694,0.0665656104683876
Casiav1__Sp_D_NNN_A_arc0078_arc0064_0106.png,Casiav1,0.07134071340713408,0.036989795918367346,0.02845284901559353
Casiav1__Sp_D_NNN_A_art0033_cha0095_0296.png,Casiav1,0.2127995626158005,0.119068660774983,0.2639879882335663
Casiav1__Sp_D_NNN_A_art0035_cha0045_0297.png,Casiav1,0.07159904534606205,0.03712871287128713,0.2744811475276947
Casiav1__Sp_D_NNN_A_art0039_art0038_0298.png,Casiav1,0.0,0.0,0.09025269746780396
Casiav1__Sp_D_NNN_A_art0043_cha0047_0299.png,Casiav1,0.30172709596248426,0.17766702586206898,0.12212073057889938
Casiav1__Sp_D_NNN_A_art0045_cha0091_0300.png,Casiav1,0.23509655751469352,0.13320647002854424,0.1928156614303589
Casiav1__Sp_D_NNN_A_art0067_cha0071_0301.png,Casiav1,0.2929018221376122,0.17157877967181775,0.10492434352636337
Casiav1__Sp_D_NNN_A_art0072_cha0060_0107.png,Casiav1,0.0,0.0,0.07863801717758179
Casiav1__Sp_D_NNN_A_art0084_cha0033_0302.png,Casiav1,0.16504420827007235,0.08994451474739609,0.08997467160224915
Casiav1__Sp_D_NNN_A_art0088_art0092_0108.png,Casiav1,0.1481630194740012,0.08000867302688638,0.11074439436197281
Casiav1__Sp_D_NNN_A_cha0006_cha0003_0303.png,Casiav1,0.05870646766169154,0.030240902101486417,0.018888967111706734
Casiav1__Sp_D_NNN_A_cha0009_sec0022_0109.png,Casiav1,0.0,0.0,0.0181757602840662
Casiav1__Sp_D_NNN_A_cha0021_cha0020_0304.png,Casiav1,0.02216226633262671,0.011205300594368119,0.10267433524131775
Casiav1__Sp_D_NNN_A_cha0022_pla0055_0305.png,Casiav1,0.0872016748080949,0.04558853573825993,0.33036330342292786
Casiav1__Sp_D_NNN_A_cha0034_cha0040_0306.png,Casiav1,0.04741379310344827,0.024282560706401765,0.1109672412276268
Casiav1__Sp_D_NNN_A_cha0036_cha0028_0307.png,Casiav1,0.0,0.0,0.14833591878414154
Casiav1__Sp_D_NNN_A_cha0037_arc0053_0308.png,Casiav1,0.0,0.0,0.05409698188304901
Casiav1__Sp_D_NNN_A_cha0039_nat0019_0320.png,Casiav1,0.10571116769734448,0.05580520029189231,0.24888868629932404
Casiav1__Sp_D_NNN_A_cha0056_cha0057_0310.png,Casiav1,0.03271889400921659,0.016631529632232373,0.04222486540675163
Casiav1__Sp_D_NNN_A_cha0058_cha0027_0311.png,Casiav1,0.01050292870127247,0.005279187817258883,0.19189898669719696
Casiav1__Sp_D_NNN_A_cha0079_cha0002_0312.png,Casiav1,0.0,0.0,0.13826976716518402
Casiav1__Sp_D_NNN_A_cha0082_arc0050_0111.png,Casiav1,0.026603606266627253,0.01348112642300779,0.12682627141475677
Casiav1__Sp_D_NNN_A_cha0085_ani0037_0313.png,Casiav1,0.14999204708127883,0.08107643366864414,0.21800076961517334
Casiav1__Sp_D_NNN_A_cha0089_ani0073_0314.png,Casiav1,0.02192448233861145,0.011083743842364532,0.2083262950181961
Casiav1__Sp_D_NNN_A_cha0092_cha0097_0315.png,Casiav1,0.0,0.0,0.10567589849233627
Casiav1__Sp_D_NNN_A_cha0092_sec0090_0316.png,Casiav1,0.0,0.0,0.05975161865353584
Casiav1__Sp_D_NNN_A_cha0094_ani0059_0317.png,Casiav1,0.10097637476602418,0.05317278491128989,0.17822180688381195
Casiav1__Sp_D_NNN_A_nat0007_cha0004_0112.png,Casiav1,0.18164021533943928,0.09989234081820979,0.11762574315071106
Casiav1__Sp_D_NNN_A_nat0009_cha0099_0318.png,Casiav1,0.08129745790689996,0.04237105863122123,0.22647123038768768
Casiav1__Sp_D_NNN_A_nat0015_sec0059_0319.png,Casiav1,0.17795535748588112,0.09766794585248598,0.22186093032360077
Casiav1__Sp_D_NNN_A_nat0020_nat0017_0321.png,Casiav1,0.0,0.0,0.016158508136868477
Casiav1__Sp_D_NNN_A_nat0026_art0019_0322.png,Casiav1,0.0023358422008824295,0.0011692867350915942,0.15594200789928436
Casiav1__Sp_D_NNN_A_nat0036_nat0034_0323.png,Casiav1,0.0,0.0,0.02216130681335926
Casiav1__Sp_D_NNN_A_nat0051_cha0056_0324.png,Casiav1,0.005990016638935108,0.0030040053404539386,0.12112046033143997
Casiav1__Sp_D_NNN_A_nat0069_cha0090_0326.png,Casiav1,0.0,0.0,0.09169897437095642
Casiav1__Sp_D_NNN_A_nat0074_nat0021_0327.png,Casiav1,0.0,0.0,0.3418111503124237
Casiav1__Sp_D_NNN_A_nat0076_cha0067_0328.png,Casiav1,0.13118878605445233,0.07019905760169247,0.09782914072275162
Casiav1__Sp_D_NNN_A_nat0077_cha0068_0329.png,Casiav1,0.16114768595853396,0.08763492572405686,0.2566279172897339
Casiav1__Sp_D_NNN_A_nat0082_sec0052_0330.png,Casiav1,0.06972735819492322,0.03612306193684552,0.11774494498968124
Casiav1__Sp_D_NNN_A_nat0087_cha0016_0331.png,Casiav1,0.049700387733521326,0.025483462859208387,0.10976868122816086
Casiav1__Sp_D_NNN_A_nat0088_cha0058_0332.png,Casiav1,0.027774615822424586,0.01408288121897726,0.1722956746816635
Casiav1__Sp_D_NNN_A_pla0006_pla0082_0334.png,Casiav1,0.06561070978858771,0.03391804851308757,0.14091810584068298
Casiav1__Sp_D_NNN_A_pla0014_pla0015_0335.png,Casiav1,0.11696331274972757,0.062114197530864196,0.04815080389380455
Casiav1__Sp_D_NNN_A_pla0016_pla0020_0336.png,Casiav1,0.10060887213685125,0.0529690123645245,0.12186982482671738
Casiav1__Sp_D_NNN_A_pla0024_pla0023_0337.png,Casiav1,0.22452299955627866,0.12645784738420526,0.10651203989982605
Casiav1__Sp_D_NNN_A_pla0054_pla0014_0338.png,Casiav1,0.00133422281521014,0.0006675567423230974,0.05602792277932167
Casiav1__Sp_D_NNN_A_pla0055_pla0054_0339.png,Casiav1,0.021480221182475542,0.010856712888315597,0.08894168585538864
Casiav1__Sp_D_NNN_A_pla0063_pla0013_0340.png,Casiav1,0.0520497466605251,0.026720264838023172,0.034510646015405655
Casiav1__Sp_D_NNN_A_pla0069_pla0053_0341.png,Casiav1,0.1773237482658595,0.0972875726543039,0.0619424432516098
Casiav1__Sp_D_NNN_A_pla0075_pla0073_0342.png,Casiav1,0.3068607068607069,0.181237721021611,0.10110864788293839
Casiav1__Sp_D_NNN_A_pla0078_ani0058_0343.png,Casiav1,0.3485658042744657,0.21106853980417198,0.08560528606176376
Casiav1__Sp_D_NNN_A_pla0084_pla0060_0114.png,Casiav1,0.036737692872887584,0.0187125748502994,0.11422685533761978
Casiav1__Sp_D_NNN_A_pla0088_ani0024_0344.png,Casiav1,0.0,0.0,0.06692733615636826
Casiav1__Sp_D_NNN_A_pla0096_ani0022_0345.png,Casiav1,0.0759036980503712,0.03944901197172941,0.1341812163591385
Casiav1__Sp_D_NNN_A_sec0002_cha0001_0346.png,Casiav1,0.037291280148423006,0.0189999054731071,0.10456275939941406
Casiav1__Sp_D_NNN_A_sec0003_cha0003_0347.png,Casiav1,0.061837455830388695,0.03190519598906107,0.027930036187171936
Casiav1__Sp_D_NNN_A_sec0005_sec0002_0348.png,Casiav1,0.0,0.0,0.022859536111354828
Casiav1__Sp_D_NNN_A_sec0014_sec0041_0115.png,Casiav1,0.034834010661318415,0.017725734543696622,0.18539559841156006
Casiav1__Sp_D_NNN_A_sec0020_sec0011_0349.png,Casiav1,0.054625786584549474,0.02807983482450103,0.43182241916656494
Casiav1__Sp_D_NNN_A_sec0021_art0032_0116.png,Casiav1,0.006269592476489028,0.0031446540880503146,0.10773872584104538
Casiav1__Sp_D_NNN_A_sec0023_sec0022_0350.png,Casiav1,0.0,0.0,0.014951537363231182
Casiav1__Sp_D_NNN_A_sec0024_ani0026_0351.png,Casiav1,0.0562494689438355,0.02893862563385207,0.10677028447389603
Casiav1__Sp_D_NNN_A_sec0026_cha0048_0352.png,Casiav1,0.0005681280181800966,0.00028414472437961733,0.10324952751398087
Casiav1__Sp_D_NNN_A_sec0030_sec0033_0353.png,Casiav1,0.14175578214374535,0.07628479657387581,0.172202467918396
Casiav1__Sp_D_NNN_A_sec0032_sec0058_0354.png,Casiav1,0.0,0.0,0.06740418821573257
Casiav1__Sp_D_NNN_A_sec0036_sec0042_0355.png,Casiav1,0.144358407079646,0.07779433681073025,0.0632617250084877
Casiav1__Sp_D_NNN_A_sec0036_sec0059_0356.png,Casiav1,0.0,0.0,0.1036590039730072
Casiav1__Sp_D_NNN_A_sec0037_sec0006_0357.png,Casiav1,0.1078788906793317,0.057014791573285525,0.10773327946662903
Casiav1__Sp_D_NNN_A_sec0040_cha0040_0358.png,Casiav1,0.17754569190600522,0.09742120343839542,0.09304049611091614
Casiav1__Sp_D_NNN_A_sec0042_sec0046_0040.png,Casiav1,0.0,0.0,0.01923719234764576
Casiav1__Sp_D_NNN_A_sec0043_sec0034_0359.png,Casiav1,0.047221461812209146,0.024181677998177612,0.13966301083564758
Casiav1__Sp_D_NNN_A_sec0049_sec0050_0117.png,Casiav1,0.21317011397214014,0.11930073234112923,0.07715336233377457
Casiav1__Sp_D_NNN_A_sec0053_ani0062_0360.png,Casiav1,0.017844064185365206,0.009002351360429962,0.14290177822113037
Casiav1__Sp_D_NNN_A_sec0057_ani0053_0361.png,Casiav1,0.06454939162713962,0.03335109216835375,0.08259210735559464
Casiav1__Sp_D_NNN_A_sec0068_sec0055_0118.png,Casiav1,0.0,0.0,0.09404560178518295
Casiav1__Sp_D_NNN_A_sec0070_cha0070_0362.png,Casiav1,0.08761033017325924,0.04581196581196581,0.19426535069942474
Casiav1__Sp_D_NNN_A_sec0072_sec0067_0120.png,Casiav1,0.08838203848895225,0.04623415361670395,0.02440408617258072
Casiav1__Sp_D_NNN_A_sec0076_ani0020_0363.png,Casiav1,0.0,0.0,0.12789638340473175
Casiav1__Sp_D_NNN_A_sec0080_cha0098_0364.png,Casiav1,0.026187656270561917,0.013267551170078004,0.2890239953994751
Casiav1__Sp_D_NNN_A_sec0081_sec0043_0365.png,Casiav1,0.038238337307121326,0.01949183636030086,0.20851178467273712
Casiav1__Sp_D_NNN_A_txt0001_txt0003_0121.png,Casiav1,0.032068455356071814,0.01629551365409623,0.23546500504016876
Casiav1__Sp_D_NNN_A_txt0002_txt0013_0122.png,Casiav1,0.05922340463394669,0.03051531267192371,0.26625552773475647
Casiav1__Sp_D_NNN_A_txt0004_txt0035_0123.png,Casiav1,0.07905658051526482,0.041155080213903746,0.45850691199302673
Casiav1__Sp_D_NNN_A_txt0007_txt0012_0125.png,Casiav1,0.03042390642958556,0.015446931209666346,0.2918127775192261
Casiav1__Sp_D_NNN_A_txt0009_txt0008_0126.png,Casiav1,0.05185282178866047,0.02661648070977282,0.21939079463481903
Casiav1__Sp_D_NNN_A_txt0011_txt0098_0127.png,Casiav1,0.0,0.0,0.165217325091362
Casiav1__Sp_D_NNN_A_txt0016_txt0027_0128.png,Casiav1,0.05050971179259135,0.0259091887239079,0.21972672641277313
Casiav1__Sp_D_NNN_A_txt0019_txt0010_0129.png,Casiav1,0.006683585014698862,0.0033529975293702416,0.40196582674980164
Casiav1__Sp_D_NNN_A_txt0020_txt0018_0130.png,Casiav1,0.0,0.0,0.20299094915390015
Casiav1__Sp_D_NNN_A_txt0022_txt0039_0131.png,Casiav1,0.029971756105665392,0.01521387127243287,0.2961016893386841
Casiav1__Sp_D_NNN_A_txt0023_txt0028_0132.png,Casiav1,0.2648602298062082,0.1526448960227722,0.2198926955461502
Casiav1__Sp_D_NNN_A_txt0024_txt0071_0133.png,Casiav1,0.21300650568943252,0.11919825470411781,0.3327871859073639
Casiav1__Sp_D_NNN_A_txt0030_txt0093_0134.png,Casiav1,0.14546489923755893,0.0784373933810986,0.2751372754573822
Casiav1__Sp_D_NNN_A_txt0033_txt0025_0135.png,Casiav1,0.03205750066143399,0.016289856371417687,0.44600388407707214
Casiav1__Sp_D_NNN_A_txt0034_txt0082_0136.png,Casiav1,0.02556732223903177,0.012949199295073174,0.26108619570732117
Casiav1__Sp_D_NNN_A_txt0036_txt0038_0137.png,Casiav1,0.07720827370885912,0.040154257298467576,0.287863165140152
Casiav1__Sp_D_NNN_A_txt0037_txt0017_0138.png,Casiav1,0.3276044420941301,0.1958893280632411,0.26436468958854675
Casiav1__Sp_D_NNN_A_txt0040_txt0029_0139.png,Casiav1,0.017454684952527093,0.008804179566563467,0.3043474853038788
Casiav1__Sp_D_NNN_A_txt0042_txt0056_0146.png,Casiav1,0.009374457496672647,0.0047093023255813955,0.3474135100841522
Casiav1__Sp_D_NNN_A_txt0043_txt0006_0124.png,Casiav1,0.04661225292555807,0.023862263391059204,0.2933676242828369
Casiav1__Sp_D_NNN_A_txt0048_txt0046_0140.png,Casiav1,0.011218847664075647,0.005641066967523572,0.3749162256717682
Casiav1__Sp_D_NNN_A_txt0050_txt0014_0141.png,Casiav1,0.026891338219170176,0.013628919045390734,0.16655297577381134
Casiav1__Sp_D_NNN_A_txt0051_txt0044_0142.png,Casiav1,0.015619138560174608,0.007871038702137899,0.29373881220817566
Casiav1__Sp_D_NNN_A_txt0052_txt0076_0143.png,Casiav1,0.09660493827160493,0.05075401329657856,0.2994745075702667
Casiav1__Sp_D_NNN_A_txt0054_txt0059_0144.png,Casiav1,0.025538707102952914,0.012934518997574777,0.2717413008213043
Casiav1__Sp_D_NNN_A_txt0055_txt0021_0145.png,Casiav1,0.036720554272517324,0.018703681919774146,0.25407305359840393
Casiav1__Sp_D_NNN_A_txt0057_txt0049_0147.png,Casiav1,0.009798547348225299,0.00492339473231193,0.29189449548721313
Casiav1__Sp_D_NNN_A_txt0058_txt0066_0148.png,Casiav1,0.08638526794951376,0.04514245553332973,0.178520068526268
Casiav1__Sp_D_NNN_A_txt0062_txt0060_0149.png,Casiav1,0.10083023404335249,0.053091743482217034,0.24370674788951874
Casiav1__Sp_D_NNN_A_txt0064_txt0091_0150.png,Casiav1,0.12889004149377592,0.06888426888426888,0.27470651268959045
Casiav1__Sp_D_NNN_A_txt0065_txt0067_0151.png,Casiav1,0.12452979607998416,0.06639923994510714,0.4306081533432007
Casiav1__Sp_D_NNN_A_txt0068_txt0063_0152.png,Casiav1,0.19670247314514114,0.10907932286038845,0.3265893757343292
Casiav1__Sp_D_NNN_A_txt0069_txt0053_0153.png,Casiav1,0.07654980927420402,0.039798176029356216,0.36244598031044006
Casiav1__Sp_D_NNN_A_txt0073_txt0072_0154.png,Casiav1,0.10232782535279218,0.05392281486754462,0.3629789352416992
Casiav1__Sp_D_NNN_A_txt0074_txt0015_0155.png,Casiav1,0.14478868194842406,0.07804430715768136,0.19487719237804413
Casiav1__Sp_D_NNN_A_txt0075_txt0005_0156.png,Casiav1,0.0436049001970359,0.022288391645137278,0.22571586072444916
Casiav1__Sp_D_NNN_A_txt0078_txt0041_0157.png,Casiav1,0.042135435327839484,0.021521118512553984,0.2605321705341339
Casiav1__Sp_D_NNN_A_txt0081_txt0031_0158.png,Casiav1,0.04874133527909522,0.024979433101488296,0.39892616868019104
Casiav1__Sp_D_NNN_A_txt0083_txt0047_0159.png,Casiav1,0.05080461706967731,0.026064404581802463,0.21341711282730103
Casiav1__Sp_D_NNN_A_txt0084_txt0079_0160.png,Casiav1,0.24891318666842313,0.14214782772239984,0.2205580323934555
Casiav1__Sp_D_NNN_A_txt0085_txt0061_0161.png,Casiav1,0.035659014702089244,0.018153169418639006,0.29423752427101135
Casiav1__Sp_D_NNN_A_txt0086_txt0095_0162.png,Casiav1,0.22722572153802764,0.12817521344858673,0.3331950604915619
Casiav1__Sp_D_NNN_A_txt0087_txt0096_0163.png,Casiav1,0.004254888055921386,0.002131979695431472,0.19947075843811035
Casiav1__Sp_D_NNN_A_txt0088_txt0080_0164.png,Casiav1,0.04740608228980322,0.024278515803939534,0.25843966007232666
Casiav1__Sp_D_NNN_A_txt0089_txt0045_0165.png,Casiav1,0.3264301476829061,0.19505020793183894,0.16938115656375885
Casiav1__Sp_D_NNN_A_txt0090_txt0092_0166.png,Casiav1,0.21173445388692025,0.11840213236067759,0.25826647877693176
Casiav1__Sp_D_NNN_A_txt0094_txt0077_0167.png,Casiav1,0.0,0.0,0.10627726465463638
Casiav1__Sp_D_NNN_A_txt0097_txt0026_0168.png,Casiav1,0.07877621449429253,0.04100314345918685,0.2771410644054413
Casiav1__Sp_D_NNN_A_txt0099_txt0032_0169.png,Casiav1,0.01814929256789722,0.009157749622530034,0.29593756794929504
Casiav1__Sp_D_NNN_A_txt0100_txt0070_0170.png,Casiav1,0.2494987359428123,0.14252988047808765,0.17617346346378326
Casiav1__Sp_D_NNN_C_art0017_art0018_0366.png,Casiav1,0.0,0.0,0.03097979538142681
Casiav1__Sp_D_NNN_R_arc0041_arc0040_0171.png,Casiav1,0.10120068610634649,0.053297199638663056,0.019093604758381844
Casiav1__Sp_D_NNN_R_arc0067_arc0071_0062.png,Casiav1,0.0,0.0,0.06565196067094803
Casiav1__Sp_D_NNN_R_art0038_art0008_0368.png,Casiav1,0.022854891143729683,0.011559541604384653,0.0938057079911232
Casiav1__Sp_D_NNN_R_cha0084_sec0061_0369.png,Casiav1,0.031334221827336,0.015916476110241905,0.3333287537097931
Casiav1__Sp_D_NNN_R_nat0053_nat0049_0370.png,Casiav1,0.001511452156725962,0.0007562976322066438,0.6980158686637878
Casiav1__Sp_D_NNN_R_sec0001_sec0007_0371.png,Casiav1,0.012589050453791354,0.006334397250184139,0.20373016595840454
Casiav1__Sp_D_NNN_R_sec0091_arc0062_0172.png,Casiav1,0.1839307411907655,0.10127958518022916,0.10319983214139938
Casiav1__Sp_D_NRD_A_ani0002_pla0068_0574.png,Casiav1,0.04827330115113257,0.024733637747336376,0.05013362690806389
Casiav1__Sp_D_NRD_A_ani0012_ani0008_0584.png,Casiav1,0.0,0.0,0.08194037526845932
Casiav1__Sp_D_NRD_A_ani0023_pla0050_0575.png,Casiav1,0.0,0.0,0.07019457221031189
Casiav1__Sp_D_NRD_A_ani0040_ani0054_0257.png,Casiav1,0.06269993602047345,0.03236459709379128,0.028428910300135612
Casiav1__Sp_D_NRD_A_arc0020_arc0084_0576.png,Casiav1,0.053402858940933204,0.027433955292813596,0.10538897663354874
Casiav1__Sp_D_NRD_A_arc0066_arc0021_0577.png,Casiav1,0.0,0.0,0.19445450603961945
Casiav1__Sp_D_NRD_A_art0003_art0042_0088.png,Casiav1,0.17125984251968504,0.09364908503767493,0.03285057097673416
Casiav1__Sp_D_NRD_A_art0033_art0029_0578.png,Casiav1,0.048127223268466204,0.024656946826758147,0.13241560757160187
Casiav1__Sp_D_NRD_A_art0070_pla0044_0585.png,Casiav1,0.1943464537690308,0.10763219454512737,0.36132553219795227
Casiav1__Sp_D_NRD_A_cha0001_cha0031_0579.png,Casiav1,0.026243093922651933,0.013296011196641007,0.08416607230901718
Casiav1__Sp_D_NRD_A_nat0041_art0024_0580.png,Casiav1,0.0,0.0,0.08073096722364426
Casiav1__Sp_D_NRD_A_nat0086_pla0091_0586.png,Casiav1,0.023943620440539028,0.012116871101560869,0.33644071221351624
Casiav1__Sp_D_NRD_A_nat0092_cha0019_0581.png,Casiav1,0.16238437821171633,0.0883668903803132,0.23048992455005646
Casiav1__Sp_D_NRD_A_nat0093_nat0094_0182.png,Casiav1,0.04352891830171972,0.022248689852310623,0.20719744265079498
Casiav1__Sp_D_NRD_A_nat0095_art0058_0582.png,Casiav1,0.0,0.0,0.13343483209609985
Casiav1__Sp_D_NRD_A_pla0015_ani0009_0587.png,Casiav1,0.0,0.0,0.08322648704051971
Casiav1__Sp_D_NRD_A_pla0070_pla0081_0183.png,Casiav1,0.24709233325421315,0.14096140825998646,0.053024545311927795
Casiav1__Sp_D_NRD_A_sec0017_ani0010_0589.png,Casiav1,0.0,0.0,0.03272595629096031
Casiav1__Sp_D_NRD_A_sec0028_arc0060_0583.png,Casiav1,0.0,0.0,0.032644227147102356
Casiav1__Sp_D_NRD_A_sec0063_ani0078_0590.png,Casiav1,0.1135472629591985,0.06019088669950739,0.05628395453095436
Casiav1__Sp_D_NRD_A_sec0071_nat0049_0184.png,Casiav1,0.17062634989200864,0.09327036599763873,0.06217275187373161
Casiav1__Sp_D_NRD_A_sec0100_sec0098_0591.png,Casiav1,0.0,0.0,0.35129523277282715
Casiav1__Sp_D_NRN_A_ani0013_ani0069_0433.png,Casiav1,0.0,0.0,0.0408259741961956
Casiav1__Sp_D_NRN_A_ani0021_pla0001_0434.png,Casiav1,0.14715109806699728,0.07941883329691939,0.08044271916151047
Casiav1__Sp_D_NRN_A_ani0026_ani0013_0409.png,Casiav1,0.0,0.0,0.030555998906493187
Casiav1__Sp_D_NRN_A_ani0044_arc0078_0435.png,Casiav1,0.0,0.0,0.03862795978784561
Casiav1__Sp_D_NRN_A_ani0046_cha0075_0436.png,Casiav1,0.07931316434995912,0.04129416773094934,0.08639702200889587
Casiav1__Sp_D_NRN_A_ani0056_ani0059_0418.png,Casiav1,0.005993407252022775,0.003005710850616171,0.1654355376958847
Casiav1__Sp_D_NRN_A_ani0056_cha0062_0437.png,Casiav1,0.013141809290953545,0.006614367020458391,0.061918094754219055
Casiav1__Sp_D_NRN_A_ani0057_art0076_0438.png,Casiav1,0.0,0.0,0.05528657138347626
Casiav1__Sp_D_NRN_A_ani0077_ani0095_0439.png,Casiav1,0.0,0.0,0.05889187008142471
Casiav1__Sp_D_NRN_A_ani0081_ani0088_0430.png,Casiav1,0.1273356401384083,0.0679970436067997,0.036367956548929214
Casiav1__Sp_D_NRN_A_ani0086_ani0085_0429.png,Casiav1,0.034013605442176874,0.01730103806228374,0.04675969481468201
Casiav1__Sp_D_NRN_A_ani0086_pla0034_0440.png,Casiav1,0.0,0.0,0.10314951092004776
Casiav1__Sp_D_NRN_A_ani0088_cha0044_0441.png,Casiav1,0.018474531538664556,0.009323388385721897,0.1433439999818802
Casiav1__Sp_D_NRN_A_ani0096_pla0009_0442.png,Casiav1,0.13572166724078538,0.07280118255728012,0.020391199737787247
Casiav1__Sp_D_NRN_A_ani0097_ani0082_0427.png,Casiav1,0.029843383894438278,0.01514772158237356,0.07676305621862411
Casiav1__Sp_D_NRN_A_arc0002_art0098_0468.png,Casiav1,0.010951760104302478,0.00550603041426324,0.03621582314372063
Casiav1__Sp_D_NRN_A_arc0003_arc0009_0233.png,Casiav1,0.0,0.0,0.015326905064284801
Casiav1__Sp_D_NRN_A_arc0004_art0100_0469.png,Casiav1,0.10903037869330004,0.05765845070422535,0.041358012706041336
Casiav1__Sp_D_NRN_A_arc0007_ani0015_0446.png,Casiav1,0.0041116005873715125,0.0020600353148911123,0.033443696796894073
Casiav1__Sp_D_NRN_A_arc0008_arc0028_0234.png,Casiav1,0.08064900978286806,0.042018896071606165,0.03471231833100319
Casiav1__Sp_D_NRN_A_arc0013_art0077_0464.png,Casiav1,0.0,0.0,0.06457018107175827
Casiav1__Sp_D_NRN_A_arc0029_art0092_0466.png,Casiav1,0.23036205801397416,0.13017468293850204,0.030706537887454033
Casiav1__Sp_D_NRN_A_arc0030_ani0092_0431.png,Casiav1,0.0,0.0,0.20379173755645752
Casiav1__Sp_D_NRN_A_arc0033_arc0025_0444.png,Casiav1,0.1905165114309907,0.10528778661675246,0.09648483246564865
Casiav1__Sp_D_NRN_A_arc0033_art0054_0447.png,Casiav1,0.0,0.0,0.06471166759729385
Casiav1__Sp_D_NRN_A_arc0034_art0011_0456.png,Casiav1,0.05538004977982003,0.02847859797671499,0.39737191796302795
Casiav1__Sp_D_NRN_A_arc0036_arc0033_0236.png,Casiav1,0.0,0.0,0.036550626158714294
Casiav1__Sp_D_NRN_A_arc0038_arc0039_0237.png,Casiav1,0.0,0.0,0.08953405171632767
Casiav1__Sp_D_NRN_A_arc0045_cha0091_0504.png,Casiav1,0.020887728459530026,0.010554089709762533,0.050842225551605225
Casiav1__Sp_D_NRN_A_arc0048_arc0050_0238.png,Casiav1,0.03747203579418344,0.01909375890567113,0.032922010868787766
Casiav1__Sp_D_NRN_A_arc0052_arc0001_0239.png,Casiav1,0.0,0.0,0.011813707649707794
Casiav1__Sp_D_NRN_A_arc0054_ani0042_0448.png,Casiav1,0.0,0.0,0.06653247773647308
Casiav1__Sp_D_NRN_A_arc0057_ani0074_0449.png,Casiav1,0.23719528896192824,0.13455562461155998,0.05788322910666466
Casiav1__Sp_D_NRN_A_arc0059_ani0001_0404.png,Casiav1,0.04946505488397943,0.025359737854395215,0.06844955682754517
Casiav1__Sp_D_NRN_A_arc0059_arc0073_0240.png,Casiav1,0.0,0.0,0.010609944351017475
Casiav1__Sp_D_NRN_A_arc0059_art0099_0450.png,Casiav1,0.008519409137753349,0.004277927275236321,0.14602582156658173
Casiav1__Sp_D_NRN_A_arc0063_ani0032_0413.png,Casiav1,0.04835164835164835,0.024774774774774775,0.06922826170921326
Casiav1__Sp_D_NRN_A_arc0066_ani0003_0405.png,Casiav1,0.04051863857374392,0.0206782464846981,0.16330231726169586
Casiav1__Sp_D_NRN_A_arc0069_ani0001_0451.png,Casiav1,0.1163692042681468,0.06177920032515369,0.18854881823062897
Casiav1__Sp_D_NRN_A_arc0069_arc0085_0241.png,Casiav1,0.0,0.0,0.03518829494714737
Casiav1__Sp_D_NRN_A_arc0070_cha0030_0492.png,Casiav1,0.16492411467116358,0.08987318507627275,0.09583669155836105
Casiav1__Sp_D_NRN_A_arc0080_ani0045_0452.png,Casiav1,0.0,0.0,0.04708490148186684
Casiav1__Sp_D_NRN_A_arc0080_arc0095_0243.png,Casiav1,0.0,0.0,0.027452848851680756
Casiav1__Sp_D_NRN_A_arc0096_cha0025_0490.png,Casiav1,0.39477434679334916,0.24593074874223142,0.02226523496210575
Casiav1__Sp_D_NRN_A_arc0097_arc0013_0453.png,Casiav1,0.0,0.0,0.026348421350121498
Casiav1__Sp_D_NRN_A_art0009_art0014_0470.png,Casiav1,0.010534496157499353,0.005295138888888889,0.3470657169818878
Casiav1__Sp_D_NRN_A_art0021_art0019_0471.png,Casiav1,0.0,0.0,0.077973373234272
Casiav1__Sp_D_NRN_A_art0022_ani0061_0472.png,Casiav1,0.011660807682414473,0.005864596808969383,0.11298161745071411
Casiav1__Sp_D_NRN_A_art0022_art0023_0244.png,Casiav1,0.0,0.0,0.05893556773662567
Casiav1__Sp_D_NRN_A_art0031_ani0100_0432.png,Casiav1,0.18502764780944278,0.10194516053433325,0.03513326868414879
Casiav1__Sp_D_NRN_A_art0036_art0053_0473.png,Casiav1,0.40306347487870403,0.25239793099984936,0.14446140825748444
Casiav1__Sp_D_NRN_A_art0037_art0074_0474.png,Casiav1,0.00676564555534674,0.0033943051103149163,0.0463079996407032
Casiav1__Sp_D_NRN_A_art0052_art0028_0475.png,Casiav1,0.0,0.0,0.021746577695012093
Casiav1__Sp_D_NRN_A_art0055_art0057_0174.png,Casiav1,0.0,0.0,0.02399042434990406
Casiav1__Sp_D_NRN_A_art0062_art0064_0476.png,Casiav1,0.009761561849895984,0.00490471978773016,0.11826338618993759
Casiav1__Sp_D_NRN_A_art0067_art0057_0175.png,Casiav1,0.05486284289276808,0.028205128205128206,0.03723639249801636
Casiav1__Sp_D_NRN_A_art0070_art0081_0477.png,Casiav1,0.0031684960959601676,0.0015867618723790094,0.08935520797967911
Casiav1__Sp_D_NRN_A_art0071_art0029_0478.png,Casiav1,0.14702207413577675,0.07934367273544617,0.1202765703201294
Casiav1__Sp_D_NRN_A_art0074_art0010_0455.png,Casiav1,0.13086582947785855,0.07001414427157002,0.03767029941082001
Casiav1__Sp_D_NRN_A_art0078_art0077_0176.png,Casiav1,0.10577876261006473,0.05584287649304273,0.1481330543756485
Casiav1__Sp_D_NRN_A_art0079_ani0065_0420.png,Casiav1,0.10161124442920809,0.053524992776654144,0.13284491002559662
Casiav1__Sp_D_NRN_A_art0079_nat0078_0479.png,Casiav1,0.0,0.0,0.3963361084461212
Casiav1__Sp_D_NRN_A_art0080_art0014_0480.png,Casiav1,0.12321407251164086,0.06565163917044828,0.22352053225040436
Casiav1__Sp_D_NRN_A_art0083_pla0031_0481.png,Casiav1,0.2709956217660772,0.15673506971849513,0.12965232133865356
Casiav1__Sp_D_NRN_A_art0091_ani0100_0177.png,Casiav1,0.07837322601143826,0.040784832451499116,0.043345529586076736
Casiav1__Sp_D_NRN_A_art0093_art0059_0482.png,Casiav1,0.0,0.0,0.079266257584095
Casiav1__Sp_D_NRN_A_art0096_cha0026_0491.png,Casiav1,0.08377870865231836,0.04372078998944671,0.058129023760557175
Casiav1__Sp_D_NRN_A_art0097_cha0021_0483.png,Casiav1,0.1498823435568141,0.08101233077520048,0.2175428867340088
Casiav1__Sp_D_NRN_A_art0100_art0092_0178.png,Casiav1,0.0,0.0,0.01825936697423458
Casiav1__Sp_D_NRN_A_cha0002_art0009_0454.png,Casiav1,0.20526671168129643,0.1143717080511663,0.06903360038995743
Casiav1__Sp_D_NRN_A_cha0003_pla0043_0538.png,Casiav1,0.14297175866495507,0.07698954462974164,0.10844054073095322
Casiav1__Sp_D_NRN_A_cha0004_cha0016_0505.png,Casiav1,0.01213090088395712,0.006102464638819244,0.21149741113185883
Casiav1__Sp_D_NRN_A_cha0006_ani0035_0506.png,Casiav1,0.0,0.0,0.06851223856210709
Casiav1__Sp_D_NRN_A_cha0010_art0012_0457.png,Casiav1,0.36520446096654274,0.223394578861197,0.03731320798397064
Casiav1__Sp_D_NRN_A_cha0011_cha0014_0488.png,Casiav1,0.38215645427770994,0.23621348015273955,0.08755690604448318
Casiav1__Sp_D_NRN_A_cha0011_cha0042_0507.png,Casiav1,0.0,0.0,0.042892083525657654
Casiav1__Sp_D_NRN_A_cha0017_cha0006_0485.png,Casiav1,0.20877554253128466,0.11655465157410683,0.10223964601755142
Casiav1__Sp_D_NRN_A_cha0017_cha0038_0508.png,Casiav1,0.21190328580285184,0.118507731780043,0.12566596269607544
Casiav1__Sp_D_NRN_A_cha0018_art0013_0458.png,Casiav1,0.0,0.0,0.08240184187889099
Casiav1__Sp_D_NRN_A_cha0018_cha0019_0509.png,Casiav1,0.058780160857908846,0.030280012429651625,0.28716281056404114
Casiav1__Sp_D_NRN_A_cha0023_cha0026_0510.png,Casiav1,0.0,0.0,0.024928780272603035
Casiav1__Sp_D_NRN_A_cha0024_ani0058_0417.png,Casiav1,0.24862424156907012,0.14195939413470834,0.04851502552628517
Casiav1__Sp_D_NRN_A_cha0025_cha0024_0511.png,Casiav1,0.0,0.0,0.060864437371492386
Casiav1__Sp_D_NRN_A_cha0026_art0095_0467.png,Casiav1,0.11518599562363238,0.06111265905080338,0.09869643300771713
Casiav1__Sp_D_NRN_A_cha0028_ani0068_0421.png,Casiav1,0.0,0.0,0.03297325596213341
Casiav1__Sp_D_NRN_A_cha0029_art0068_0463.png,Casiav1,0.5994872806152632,0.4280484370599831,0.018449202179908752
Casiav1__Sp_D_NRN_A_cha0032_ani0079_0512.png,Casiav1,0.3309289232934553,0.198271318646569,0.07176721096038818
Casiav1__Sp_D_NRN_A_cha0036_art0090_0465.png,Casiav1,0.12467063163441994,0.06647932557205942,0.10304125398397446
Casiav1__Sp_D_NRN_A_cha0037_ani0061_0419.png,Casiav1,0.2602878572876546,0.14961547424842694,0.03282010927796364
Casiav1__Sp_D_NRN_A_cha0037_cha0043_0513.png,Casiav1,0.03929137657682498,0.02003937561524399,0.14156140387058258
Casiav1__Sp_D_NRN_A_cha0041_cha0038_0514.png,Casiav1,0.03423967774420947,0.017418032786885244,0.11560562998056412
Casiav1__Sp_D_NRN_A_cha0044_ani0009_0407.png,Casiav1,0.02739120830572123,0.013885778275475923,0.08373633772134781
Casiav1__Sp_D_NRN_A_cha0048_cha0049_0496.png,Casiav1,0.03309580364212193,0.016826342484502054,0.1182076632976532
Casiav1__Sp_D_NRN_A_cha0051_art0014_0459.png,Casiav1,0.011154979006078838,0.005608772372069574,0.1516377180814743
Casiav1__Sp_D_NRN_A_cha0054_cha0040_0494.png,Casiav1,0.0374031007751938,0.019057963858990817,0.0970502719283104
Casiav1__Sp_D_NRN_A_cha0055_ani0079_0425.png,Casiav1,0.01803197858702543,0.009098016916625205,0.13978968560695648
Casiav1__Sp_D_NRN_A_cha0056_ani0005_0406.png,Casiav1,0.4085439229843562,0.256710775047259,0.05503525212407112
Casiav1__Sp_D_NRN_A_cha0057_ani0021_0410.png,Casiav1,0.050623849457966864,0.025969256597240437,0.184326633810997
Casiav1__Sp_D_NRN_A_cha0062_cha0063_0515.png,Casiav1,0.03315135170689995,0.016855059862216575,0.14380517601966858
Casiav1__Sp_D_NRN_A_cha0063_art0029_0461.png,Casiav1,0.1550178243491412,0.08402131272322735,0.14725029468536377
Casiav1__Sp_D_NRN_A_cha0066_ani0040_0516.png,Casiav1,0.0,0.0,0.08400940895080566
Casiav1__Sp_D_NRN_A_cha0068_cha0067_0517.png,Casiav1,0.0,0.0,0.032287586480379105
Casiav1__Sp_D_NRN_A_cha0069_art0081_0518.png,Casiav1,0.04508833922261484,0.023064131299255296,0.12249907106161118
Casiav1__Sp_D_NRN_A_cha0069_cha0080_0179.png,Casiav1,0.05811324385433204,0.029926175494227814,0.18729037046432495
Casiav1__Sp_D_NRN_A_cha0070_cha0075_0500.png,Casiav1,0.0,0.0,0.11158803105354309
Casiav1__Sp_D_NRN_A_cha0070_cha0075_0519.png,Casiav1,0.07687051588657329,0.03997157576834251,0.10241693258285522
Casiav1__Sp_D_NRN_A_cha0071_art0027_0460.png,Casiav1,0.1801711122294917,0.09900442477876106,0.19082067906856537
Casiav1__Sp_D_NRN_A_cha0074_cha0083_0520.png,Casiav1,0.0,0.0,0.18785391747951508
Casiav1__Sp_D_NRN_A_cha0078_cha0099_0521.png,Casiav1,0.00408997955010225,0.0020491803278688526,0.06085861846804619
Casiav1__Sp_D_NRN_A_cha0084_cha0044_0522.png,Casiav1,0.0,0.0,0.0655159056186676
Casiav1__Sp_D_NRN_A_cha0087_cha0098_0523.png,Casiav1,0.0,0.0,0.11952841281890869
Casiav1__Sp_D_NRN_A_cha0088_cha0028_0524.png,Casiav1,0.02685999524601854,0.013612817732803277,0.07366081327199936
Casiav1__Sp_D_NRN_A_cha0094_cha0089_0503.png,Casiav1,0.26586206896551723,0.1533107973752237,0.0886818990111351
Casiav1__Sp_D_NRN_A_cha0095_ani0078_0424.png,Casiav1,0.0,0.0,0.050411682575941086
Casiav1__Sp_D_NRN_A_cha0095_cha0086_0525.png,Casiav1,0.057381436677015306,0.029538190234762483,0.08437275141477585
Casiav1__Sp_D_NRN_A_nat0001_cha0053_0497.png,Casiav1,0.18194244604316548,0.10007518499465791,0.23085789382457733
Casiav1__Sp_D_NRN_A_nat0002_cha0009_0486.png,Casiav1,0.14638828893688505,0.0789746245468669,0.03587838634848595
Casiav1__Sp_D_NRN_A_nat0018_nat0016_0180.png,Casiav1,0.0,0.0,0.06954372674226761
Casiav1__Sp_D_NRN_A_nat0023_art0060_0526.png,Casiav1,0.0786800666415865,0.04095104895104895,0.17041610181331635
Casiav1__Sp_D_NRN_A_nat0028_ani0070_0423.png,Casiav1,0.0,0.0,0.037848860025405884
Casiav1__Sp_D_NRN_A_nat0028_sec0029_0527.png,Casiav1,0.0,0.0,0.0430794395506382
Casiav1__Sp_D_NRN_A_nat0030_nat0028_0528.png,Casiav1,0.0,0.0,0.019384926185011864
Casiav1__Sp_D_NRN_A_nat0032_nat0040_0529.png,Casiav1,0.033053445288551246,0.016804445046754303,0.36922910809516907
Casiav1__Sp_D_NRN_A_nat0033_cha0074_0499.png,Casiav1,0.30691306240354554,0.18127424858598606,0.18151165544986725
Casiav1__Sp_D_NRN_A_nat0035_nat0033_0530.png,Casiav1,0.019832703723691312,0.010015670777406827,0.1466609388589859
Casiav1__Sp_D_NRN_A_nat0038_ani0005_0531.png,Casiav1,0.299795858850977,0.17632933104631218,0.04891784489154816
Casiav1__Sp_D_NRN_A_nat0045_nat0078_0532.png,Casiav1,0.0,0.0,0.010412423871457577
Casiav1__Sp_D_NRN_A_nat0053_cha0031_0533.png,Casiav1,0.0005436752446538601,0.00027191153811293394,0.10875143855810165
Casiav1__Sp_D_NRN_A_nat0061_ani0072_0534.png,Casiav1,0.1309979393582573,0.07008977791778233,0.056776050478219986
Casiav1__Sp_D_NRN_A_nat0063_nat0065_0443.png,Casiav1,0.015919179549977038,0.008023453170806974,0.062103819102048874
Casiav1__Sp_D_NRN_A_nat0065_art0065_0535.png,Casiav1,0.0,0.0,0.03968469426035881
Casiav1__Sp_D_NRN_A_nat0069_ani0034_0414.png,Casiav1,0.07584116869997669,0.03941523301833454,0.12008539587259293
Casiav1__Sp_D_NRN_A_nat0083_arc0080_0445.png,Casiav1,0.01246339815301449,0.006270776669688728,0.13163404166698456
Casiav1__Sp_D_NRN_A_nat0091_cha0040_0536.png,Casiav1,0.02295552367288379,0.011611030478955007,0.05450430139899254
Casiav1__Sp_D_NRN_A_nat0093_ani0069_0422.png,Casiav1,0.1111111111111111,0.058823529411764705,0.1109636053442955
Casiav1__Sp_D_NRN_A_nat0098_pla0024_0537.png,Casiav1,0.1459248901318418,0.07870495070839843,0.17565995454788208
Casiav1__Sp_D_NRN_A_pla0002_cha0013_0487.png,Casiav1,0.33153818536185053,0.19870888410697818,0.1334204226732254
Casiav1__Sp_D_NRN_A_pla0028_ani0034_0539.png,Casiav1,0.09706959706959707,0.05101058710298364,0.07567232102155685
Casiav1__Sp_D_NRN_A_pla0082_cha0005_0484.png,Casiav1,0.01142590649411216,0.00574577861163227,0.23821406066417694
Casiav1__Sp_D_NRN_A_pla0085_cha0043_0495.png,Casiav1,0.0,0.0,0.06197110190987587
Casiav1__Sp_D_NRN_A_pla0088_ani0038_0415.png,Casiav1,0.10130856901646264,0.053357047576700754,0.17405302822589874
Casiav1__Sp_D_NRN_A_pla0094_ani0025_0411.png,Casiav1,0.21511077447453134,0.12051771695310842,0.12661360204219818
Casiav1__Sp_D_NRN_A_pla0094_pla0042_0540.png,Casiav1,0.0,0.0,0.03473331034183502
Casiav1__Sp_D_NRN_A_pla0095_ani0030_0541.png,Casiav1,0.057753393011839446,0.029735355337496282,0.09430994838476181
Casiav1__Sp_D_NRN_A_pla0096_ani0026_0412.png,Casiav1,0.2141280353200883,0.11990111248454882,0.10229616612195969
Casiav1__Sp_D_NRN_A_sec0005_ani0080_0426.png,Casiav1,0.013086454127801754,0.006586322869955157,0.06307339668273926
Casiav1__Sp_D_NRN_A_sec0007_art0054_0462.png,Casiav1,0.0,0.0,0.06295214593410492
Casiav1__Sp_D_NRN_A_sec0009_ani0083_0428.png,Casiav1,0.059137354191156524,0.030469623555721206,0.10374937206506729
Casiav1__Sp_D_NRN_A_sec0013_art0029_0547.png,Casiav1,0.0,0.0,0.14662189781665802
Casiav1__Sp_D_NRN_A_sec0014_cha0042_0543.png,Casiav1,0.0,0.0,0.03303848206996918
Casiav1__Sp_D_NRN_A_sec0016_cha0013_0548.png,Casiav1,0.10071301247771836,0.05302674800563116,0.14538832008838654
Casiav1__Sp_D_NRN_A_sec0017_sec0027_0550.png,Casiav1,0.0,0.0,0.01267225667834282
Casiav1__Sp_D_NRN_A_sec0021_cha0086_0502.png,Casiav1,0.06819258089976322,0.03529988560222259,0.057077210396528244
Casiav1__Sp_D_NRN_A_sec0031_art0003_0551.png,Casiav1,0.07156186612576065,0.037108717603500506,0.115047387778759
Casiav1__Sp_D_NRN_A_sec0035_cha0027_0552.png,Casiav1,0.0,0.0,0.0708237886428833
Casiav1__Sp_D_NRN_A_sec0039_cha0036_0553.png,Casiav1,0.00024289531212047608,0.00012146240738491437,0.08321458101272583
Casiav1__Sp_D_NRN_A_sec0039_cha0065_0498.png,Casiav1,0.11588618850029639,0.0615070001573069,0.05594838783144951
Casiav1__Sp_D_NRN_A_sec0042_ani0010_0408.png,Casiav1,0.0,0.0,0.03996499627828598
Casiav1__Sp_D_NRN_A_sec0043_cha0031_0493.png,Casiav1,0.01795639162035058,0.0090595340811044,0.13870766758918762
Casiav1__Sp_D_NRN_A_sec0044_cha0078_0555.png,Casiav1,0.15020263424518743,0.08119950705189648,0.0645766332745552
Casiav1__Sp_D_NRN_A_sec0045_cha0026_0556.png,Casiav1,0.14327062228654125,0.07716289945440374,0.05792715772986412
Casiav1__Sp_D_NRN_A_sec0046_ani0016_0558.png,Casiav1,0.020590868397493287,0.010402532790592492,0.020483819767832756
Casiav1__Sp_D_NRN_A_sec0046_cha0072_0544.png,Casiav1,0.04340092493774458,0.02218181818181818,0.10348168760538101
Casiav1__Sp_D_NRN_A_sec0047_cha0007_0559.png,Casiav1,0.041319666880205,0.02109566639411284,0.05999666824936867
Casiav1__Sp_D_NRN_A_sec0051_ani0064_0560.png,Casiav1,0.11789273849074514,0.06263869275771636,0.08114869147539139
Casiav1__Sp_D_NRN_A_sec0063_sec0060_0545.png,Casiav1,0.053607604799750665,0.02754203362690152,0.05867579206824303
Casiav1__Sp_D_NRN_A_sec0070_ani0046_0416.png,Casiav1,0.0,0.0,0.08357694745063782
Casiav1__Sp_D_NRN_A_sec0081_cha0027_0546.png,Casiav1,0.01958947943494888,0.009891625615763547,0.24481888115406036
Casiav1__Sp_D_NRN_A_sec0088_ani0098_0561.png,Casiav1,0.07193659825238773,0.037310286677908935,0.07992671430110931
Casiav1__Sp_D_NRN_A_sec0097_cha0016_0489.png,Casiav1,0.44425002430251775,0.28555361159710074,0.05805834010243416
Casiav1__Sp_D_NRN_C_ani0065_art0047_0562.png,Casiav1,0.04583997985055831,0.023457638769548032,0.1130736842751503
Casiav1__Sp_D_NRN_C_ani0087_art0010_0563.png,Casiav1,0.019307450157397692,0.00974782792964611,0.0915084257721901
Casiav1__Sp_D_NRN_C_art0046_art0013_0564.png,Casiav1,0.1108328517305593,0.05866757307953773,0.13054193556308746
Casiav1__Sp_D_NRN_C_art0051_art0012_0565.png,Casiav1,0.21514360313315928,0.12053832650672908,0.027981070801615715
Casiav1__Sp_D_NRN_C_art0084_art0090_0566.png,Casiav1,0.0,0.0,0.01424099039286375
Casiav1__Sp_D_NRN_C_cha0046_cha0083_0181.png,Casiav1,0.0007883326763894363,0.0003943217665615142,0.04765557125210762
Casiav1__Sp_D_NRN_C_nat0095_nat0098_0567.png,Casiav1,0.0,0.0,0.05997009575366974
Casiav1__Sp_D_NRN_R_arc0011_arc0045_0085.png,Casiav1,0.002625360987135731,0.0013144058885383807,0.03496888652443886
Casiav1__Sp_D_NRN_R_arc0029_art0068_0568.png,Casiav1,0.14058469475494412,0.07560693641618497,0.035968367010354996
Casiav1__Sp_D_NRN_R_arc0051_arc0073_0569.png,Casiav1,0.18466060929983966,0.1017223612542323,0.05619002878665924
Casiav1__Sp_D_NRN_R_art0008_sec0027_0570.png,Casiav1,0.0,0.0,0.10450995713472366
Casiav1__Sp_D_NRN_R_cha0054_cha0017_0571.png,Casiav1,0.00508693203495449,0.0025499517330564814,0.5563899278640747
Casiav1__Sp_D_NRN_R_nat0013_nat0012_0572.png,Casiav1,0.0,0.0,0.011674831621348858
Casiav1__Sp_D_NRN_T_sec0098_art0002_0573.png,Casiav1,0.0003908731128157522,0.00019547475932170258,0.2064557671546936
Casiav1__Sp_S_CND_A_pla0016_pla0016_0196.png,Casiav1,0.0,0.0,0.0853419080376625
Casiav1__Sp_S_CNN_A_nat0078_nat0078_0004.png,Casiav1,0.04060966697985176,0.02072566465981139,0.18264484405517578
Casiav1__Sp_S_CNN_A_pla0052_pla0052_0005.png,Casiav1,0.07015001087035293,0.03634998122418325,0.1268518567085266
Casiav1__Sp_S_CNN_A_pla0053_pla0053_0191.png,Casiav1,0.08597883597883597,0.044920525224602624,0.06953318417072296
Casiav1__Sp_S_CNN_A_pla0060_pla0060_0192.png,Casiav1,0.0,0.0,0.04831831157207489
Casiav1__Sp_S_CNN_A_pla0061_pla0061_0193.png,Casiav1,0.0,0.0,0.1107887327671051
Casiav1__Sp_S_CNN_A_pla0084_pla0084_0194.png,Casiav1,0.10877144052433413,0.05751364105589146,0.06138179823756218
Casiav1__Sp_S_CNN_R_sec0097_sec0097_0006.png,Casiav1,0.0,0.0,0.01716945692896843
Casiav1__Sp_S_CRN_A_ani0087_ani0087_0227.png,Casiav1,0.47993094518774276,0.31572969903463943,0.011980024166405201
Casiav1__Sp_S_CRN_A_pla0023_pla0023_0229.png,Casiav1,0.0,0.0,0.04490748047828674
Casiav1__Sp_S_CRN_A_pla0034_pla0034_0230.png,Casiav1,0.0,0.0,0.049955498427152634
Casiav1__Sp_S_CRN_A_pla0071_pla0071_0079.png,Casiav1,0.07613323315802654,0.03957302785732882,0.10979487746953964
Casiav1__Sp_S_CRN_A_pla0073_pla0073_0231.png,Casiav1,0.021755822882006656,0.010997541725967137,0.06964289397001266
Casiav1__Sp_S_CRN_A_pla0079_pla0079_0002.png,Casiav1,0.0,0.0,0.09671023488044739
Casiav1__Sp_S_CRN_R_nat0085_nat0085_0232.png,Casiav1,0.30079426082500643,0.1770205066344994,0.05488963797688484
Casiav1__Sp_S_CRN_R_pla0067_pla0067_0195.png,Casiav1,0.0,0.0,0.02721434272825718
Casiav1__Sp_S_NND_A_arc0054_arc0054_0089.png,Casiav1,0.0012628034236003929,0.0006318006318006318,0.14480851590633392
Casiav1__Sp_S_NND_A_art0026_art0026_0091.png,Casiav1,0.0,0.0,0.03712060675024986
Casiav1__Sp_S_NND_A_art0058_art0058_0260.png,Casiav1,0.03702336374663784,0.018860827512090273,0.18591834604740143
Casiav1__Sp_S_NND_A_cha0072_cha0072_0093.png,Casiav1,0.0,0.0,0.04991637170314789
Casiav1__Sp_S_NND_A_nat0014_nat0014_0094.png,Casiav1,0.0,0.0,0.09603788703680038
Casiav1__Sp_S_NND_A_nat0024_nat0024_0095.png,Casiav1,0.04747576061517887,0.024315068493150686,0.1447414606809616
Casiav1__Sp_S_NND_A_nat0044_nat0044_0261.png,Casiav1,0.0,0.0,0.17945922911167145
Casiav1__Sp_S_NND_A_nat0054_nat0054_0189.png,Casiav1,0.0,0.0,0.06173205003142357
Casiav1__Sp_S_NND_A_nat0061_nat0061_0262.png,Casiav1,0.0,0.0,0.014127959497272968
Casiav1__Sp_S_NND_A_nat0065_nat0065_0263.png,Casiav1,0.0,0.0,0.11524543911218643
Casiav1__Sp_S_NND_A_sec0005_sec0005_0264.png,Casiav1,0.048734416320362677,0.024975798644724104,0.15142937004566193
Casiav1__Sp_S_NND_R_nat0007_nat0007_0096.png,Casiav1,0.0,0.0,0.16490697860717773
Casiav1__Sp_S_NNN_A_ani0031_ani0031_0197.png,Casiav1,0.022535574013263796,0.011396196926282886,0.15369774401187897
Casiav1__Sp_S_NNN_A_ani0032_ani0032_0198.png,Casiav1,0.0,0.0,0.007441858295351267
Casiav1__Sp_S_NNN_A_ani0035_ani0035_0007.png,Casiav1,0.0,0.0,0.11158295720815659
Casiav1__Sp_S_NNN_A_ani0036_ani0036_0008.png,Casiav1,0.0,0.0,0.13320095837116241
Casiav1__Sp_S_NNN_A_ani0037_ani0037_0009.png,Casiav1,0.0197887715397443,0.009993262968785088,0.08812820911407471
Casiav1__Sp_S_NNN_A_ani0041_ani0041_0199.png,Casiav1,0.06139449960059341,0.03166941370379091,0.1672418713569641
Casiav1__Sp_S_NNN_A_ani0042_ani0042_0010.png,Casiav1,0.0,0.0,0.09046193957328796
Casiav1__Sp_S_NNN_A_ani0050_ani0050_0011.png,Casiav1,0.09961175818080976,0.05241653046929722,0.07971584051847458
Casiav1__Sp_S_NNN_A_ani0089_ani0089_0200.png,Casiav1,0.01427994072477435,0.007191316146540027,0.22045516967773438
Casiav1__Sp_S_NNN_A_ani0092_ani0092_0012.png,Casiav1,0.0,0.0,0.01360804308205843
Casiav1__Sp_S_NNN_A_arc0018_arc0018_0013.png,Casiav1,0.0,0.0,0.04558223858475685
Casiav1__Sp_S_NNN_A_arc0020_arc0020_0014.png,Casiav1,0.0,0.0,0.05565120652318001
Casiav1__Sp_S_NNN_A_arc0022_arc0022_0015.png,Casiav1,0.0,0.0,0.0655517652630806
Casiav1__Sp_S_NNN_A_arc0024_arc0024_0016.png,Casiav1,0.0,0.0,0.09268081188201904
Casiav1__Sp_S_NNN_A_arc0039_arc0039_0017.png,Casiav1,0.00046194710705624206,0.00023102691463555504,0.08705075830221176
Casiav1__Sp_S_NNN_A_arc0053_arc0053_0019.png,Casiav1,0.0,0.0,0.0351676419377327
Casiav1__Sp_S_NNN_A_arc0055_arc0055_0020.png,Casiav1,0.0,0.0,0.0386783592402935
Casiav1__Sp_S_NNN_A_arc0061_arc0061_0021.png,Casiav1,0.0,0.0,0.027890896424651146
Casiav1__Sp_S_NNN_A_arc0062_arc0062_0022.png,Casiav1,0.0,0.0,0.1348814219236374
Casiav1__Sp_S_NNN_A_arc0079_arc0079_0023.png,Casiav1,0.0,0.0,0.12250866740942001
Casiav1__Sp_S_NNN_A_arc0099_arc0099_0202.png,Casiav1,0.0,0.0,0.07502111792564392
Casiav1__Sp_S_NNN_A_art0007_art0007_0203.png,Casiav1,0.11871762564748704,0.06310462866497991,0.12868283689022064
Casiav1__Sp_S_NNN_A_art0041_art0041_0204.png,Casiav1,0.027998486568293606,0.01419800460475825,0.04600564017891884
Casiav1__Sp_S_NNN_A_art0060_art0060_0205.png,Casiav1,0.0,0.0,0.06169207766652107
Casiav1__Sp_S_NNN_A_cha0052_cha0052_0309.png,Casiav1,0.0,0.0,0.07635124772787094
Casiav1__Sp_S_NNN_A_cha0053_cha0053_0001.png,Casiav1,0.0,0.0,0.03694882616400719
Casiav1__Sp_S_NNN_A_cha0064_cha0064_0024.png,Casiav1,0.0012679092177000128,0.0006343567622430855,0.06515467911958694
Casiav1__Sp_S_NNN_A_cha0065_cha0065_0110.png,Casiav1,0.0,0.0,0.04237791895866394
Casiav1__Sp_S_NNN_A_cha0083_cha0083_0025.png,Casiav1,0.0893163861216077,0.04674577490111471,0.07587991654872894
Casiav1__Sp_S_NNN_A_cha0085_cha0085_0026.png,Casiav1,0.0,0.0,0.01941060461103916
Casiav1__Sp_S_NNN_A_cha0091_cha0091_0027.png,Casiav1,0.0,0.0,0.06256303936243057
Casiav1__Sp_S_NNN_A_nat0005_nat0005_0028.png,Casiav1,0.0,0.0,0.056926801800727844
Casiav1__Sp_S_NNN_A_nat0011_nat0011_0206.png,Casiav1,0.12813545150501673,0.0684533780011167,0.08379969745874405
Casiav1__Sp_S_NNN_A_nat0016_nat0016_0029.png,Casiav1,0.0,0.0,0.03542650118470192
Casiav1__Sp_S_NNN_A_nat0019_nat0019_0030.png,Casiav1,0.0,0.0,0.02835335023701191
Casiav1__Sp_S_NNN_A_nat0021_nat0021_0031.png,Casiav1,0.0,0.0,0.021490037441253662
Casiav1__Sp_S_NNN_A_nat0025_nat0025_0032.png,Casiav1,0.0,0.0,0.014619513414800167
Casiav1__Sp_S_NNN_A_nat0033_nat0033_0033.png,Casiav1,0.015996343692870202,0.008062658373646624,0.1286696344614029
Casiav1__Sp_S_NNN_A_nat0037_nat0037_0207.png,Casiav1,0.0,0.0,0.09655740857124329
Casiav1__Sp_S_NNN_A_nat0041_nat0041_0208.png,Casiav1,0.0,0.0,0.08935869485139847
Casiav1__Sp_S_NNN_A_nat0052_nat0052_0209.png,Casiav1,0.0,0.0,0.10489224642515182
Casiav1__Sp_S_NNN_A_nat0052_nat0052_0325.png,Casiav1,0.03598887616554883,0.018324171247709478,0.11638575047254562
Casiav1__Sp_S_NNN_A_nat0074_nat0074_0210.png,Casiav1,0.21383399209486165,0.11971675149369329,0.03484054654836655
Casiav1__Sp_S_NNN_A_nat0075_nat0075_0211.png,Casiav1,0.0,0.0,0.08478179574012756
Casiav1__Sp_S_NNN_A_pla0002_pla0002_0333.png,Casiav1,0.14391083428946075,0.07753444012716354,0.10121449828147888
Casiav1__Sp_S_NNN_A_pla0025_pla0025_0212.png,Casiav1,0.0,0.0,0.07148747891187668
Casiav1__Sp_S_NNN_A_pla0030_pla0030_0113.png,Casiav1,0.07391952309985098,0.03837821108016094,0.25298523902893066
Casiav1__Sp_S_NNN_A_pla0059_pla0059_0034.png,Casiav1,0.040523690773067333,0.020680878141902642,0.12125348299741745
Casiav1__Sp_S_NNN_A_pla0092_pla0092_0213.png,Casiav1,0.0,0.0,0.06429188698530197
Casiav1__Sp_S_NNN_A_pla0095_pla0095_0035.png,Casiav1,0.0017660044150110375,0.0008837825894829872,0.08717796951532364
Casiav1__Sp_S_NNN_A_pla0099_pla0099_0214.png,Casiav1,0.04217708171809583,0.021542848091240296,0.05629676207900047
Casiav1__Sp_S_NNN_A_sec0013_sec0013_0036.png,Casiav1,0.026599281819390877,0.013478905512872355,0.07343664765357971
Casiav1__Sp_S_NNN_A_sec0021_sec0021_0215.png,Casiav1,0.09557588202352063,0.05018623799255048,0.0469561368227005
Casiav1__Sp_S_NNN_A_sec0023_sec0023_0037.png,Casiav1,0.0,0.0,0.02358628623187542
Casiav1__Sp_S_NNN_A_sec0034_sec0034_0038.png,Casiav1,0.2070547748781187,0.11548304542546385,0.026239408180117607
Casiav1__Sp_S_NNN_A_sec0038_sec0038_0039.png,Casiav1,0.0,0.0,0.061552852392196655
Casiav1__Sp_S_NNN_A_sec0058_sec0058_0041.png,Casiav1,0.0,0.0,0.04352423548698425
Casiav1__Sp_S_NNN_A_sec0073_sec0073_0042.png,Casiav1,0.0,0.0,0.01815631426870823
Casiav1__Sp_S_NNN_A_sec0099_sec0099_0216.png,Casiav1,0.0,0.0,0.08456069231033325
Casiav1__Sp_S_NNN_A_sec0100_sec0100_0043.png,Casiav1,0.0,0.0,0.09752371162176132
Casiav1__Sp_S_NNN_C_art0065_art0065_0217.png,Casiav1,0.0655807129785078,0.033902015668736026,0.6326554417610168
Casiav1__Sp_S_NNN_C_sec0082_sec0082_0044.png,Casiav1,0.16074950690335305,0.08739946380697051,0.015436544083058834
Casiav1__Sp_S_NNN_C_txt0001_txt0001_0001.png,Casiav1,0.013278151405414726,0.0066834476173943235,0.10737234354019165
Casiav1__Sp_S_NNN_C_txt0002_txt0002_0002.png,Casiav1,0.0,0.0,0.0870235338807106
Casiav1__Sp_S_NNN_C_txt0003_txt0003_0003.png,Casiav1,0.01952370735893585,0.009858086881161304,0.08999735116958618
Casiav1__Sp_S_NNN_C_txt0004_txt0004_0004.png,Casiav1,0.10786878647615214,0.057009146990002126,0.08862239122390747
Casiav1__Sp_S_NNN_C_txt0005_txt0005_0005.png,Casiav1,0.0,0.0,0.09217604994773865
Casiav1__Sp_S_NNN_C_txt0006_txt0006_0006.png,Casiav1,0.0009591406100134279,0.0004798004030323385,0.1023477241396904
Casiav1__Sp_S_NNN_C_txt0007_txt0007_0007.png,Casiav1,0.12793558488033996,0.06833930704898447,0.07996750622987747
Casiav1__Sp_S_NNN_C_txt0008_txt0008_0008.png,Casiav1,0.0,0.0,0.09579872339963913
Casiav1__Sp_S_NNN_C_txt0009_txt0009_0009.png,Casiav1,0.0,0.0,0.08957625180482864
Casiav1__Sp_S_NNN_C_txt0010_txt0010_0010.png,Casiav1,0.0,0.0,0.09251885861158371
Casiav1__Sp_S_NNN_C_txt0011_txt0011_0011.png,Casiav1,0.0516318606359534,0.026500053861898094,0.09037774801254272
Casiav1__Sp_S_NNN_C_txt0012_txt0012_0012.png,Casiav1,0.0,0.0,0.09099508076906204
Casiav1__Sp_S_NNN_C_txt0013_txt0013_0013.png,Casiav1,0.0,0.0,0.0843283012509346
Casiav1__Sp_S_NNN_C_txt0014_txt0014_0014.png,Casiav1,0.006453099792578935,0.0032369942196531793,0.08688586205244064
Casiav1__Sp_S_NNN_C_txt0015_txt0015_0015.png,Casiav1,0.0,0.0,0.0865657702088356
Casiav1__Sp_S_NNN_C_txt0016_txt0016_0016.png,Casiav1,0.0010629816635663034,0.0005317734645041213,0.10588058084249496
Casiav1__Sp_S_NNN_C_txt0017_txt0017_0017.png,Casiav1,0.0,0.0,0.1227433979511261
Casiav1__Sp_S_NNN_C_txt0018_txt0018_0018.png,Casiav1,0.0,0.0,0.10828817635774612
Casiav1__Sp_S_NNN_C_txt0019_txt0019_0019.png,Casiav1,0.02642514651038892,0.01338948277723788,0.09189813584089279
Casiav1__Sp_S_NNN_C_txt0020_txt0020_0020.png,Casiav1,0.0,0.0,0.08517540246248245
Casiav1__Sp_S_NNN_C_txt0021_txt0021_0021.png,Casiav1,0.0,0.0,0.08394744992256165
Casiav1__Sp_S_NNN_C_txt0022_txt0022_0022.png,Casiav1,0.009526022304832713,0.004785805999766546,0.08612924069166183
Casiav1__Sp_S_NNN_C_txt0023_txt0023_0023.png,Casiav1,0.0004963394962154114,0.00024823135161970955,0.08191901445388794
Casiav1__Sp_S_NNN_C_txt0024_txt0024_0024.png,Casiav1,0.10810256410256411,0.05713975929740865,0.08776992559432983
Casiav1__Sp_S_NNN_C_txt0025_txt0025_0025.png,Casiav1,0.01657634682817979,0.008357441337190614,0.09339788556098938
Casiav1__Sp_S_NNN_C_txt0026_txt0026_0026.png,Casiav1,0.10451977401129943,0.05514157973174367,0.09132923930883408
Casiav1__Sp_S_NNN_C_txt0027_txt0027_0027.png,Casiav1,0.0299557471916487,0.015205621472180623,0.08598171919584274
Casiav1__Sp_S_NNN_C_txt0028_txt0028_0028.png,Casiav1,0.03354551884409417,0.01705888397903607,0.09329023957252502
Casiav1__Sp_S_NNN_C_txt0029_txt0029_0029.png,Casiav1,0.18761188686000715,0.1035163966811537,0.1060677245259285
Casiav1__Sp_S_NNN_C_txt0030_txt0030_0030.png,Casiav1,0.014899589721442452,0.007505710866963994,0.09120512753725052
Casiav1__Sp_S_NNN_C_txt0031_txt0031_0031.png,Casiav1,0.024682814302191464,0.012495620693682121,0.08540617674589157
Casiav1__Sp_S_NNN_C_txt0032_txt0032_0032.png,Casiav1,0.0,0.0,0.08435949683189392
Casiav1__Sp_S_NNN_C_txt0033_txt0033_0033.png,Casiav1,0.0,0.0,0.08269952237606049
Casiav1__Sp_S_NNN_C_txt0034_txt0034_0034.png,Casiav1,0.0,0.0,0.09049886465072632
Casiav1__Sp_S_NNN_C_txt0035_txt0035_0035.png,Casiav1,0.0,0.0,0.11535138636827469
Casiav1__Sp_S_NNN_C_txt0036_txt0036_0036.png,Casiav1,0.0,0.0,0.08947432786226273
Casiav1__Sp_S_NNN_C_txt0037_txt0037_0037.png,Casiav1,0.0,0.0,0.09871100634336472
Casiav1__Sp_S_NNN_C_txt0038_txt0038_0038.png,Casiav1,0.0,0.0,0.11034324020147324
Casiav1__Sp_S_NNN_C_txt0039_txt0039_0039.png,Casiav1,0.0,0.0,0.09416540712118149
Casiav1__Sp_S_NNN_C_txt0040_txt0040_0040.png,Casiav1,0.0055810245166434125,0.0027983210073955628,0.09707336872816086
Casiav1__Sp_S_NNN_C_txt0041_txt0041_0041.png,Casiav1,0.0,0.0,0.09011255949735641
Casiav1__Sp_S_NNN_C_txt0042_txt0042_0042.png,Casiav1,0.0,0.0,0.09760039299726486
Casiav1__Sp_S_NNN_C_txt0043_txt0043_0043.png,Casiav1,0.012439772229522557,0.006258815232722144,0.10816461592912674
Casiav1__Sp_S_NNN_C_txt0044_txt0044_0044.png,Casiav1,0.0,0.0,0.09874546527862549
Casiav1__Sp_S_NNN_C_txt0045_txt0045_0045.png,Casiav1,0.08053087391744461,0.0419547638579632,0.08229997009038925
Casiav1__Sp_S_NNN_C_txt0046_txt0046_0046.png,Casiav1,0.0,0.0,0.100620798766613
Casiav1__Sp_S_NNN_C_txt0047_txt0047_0047.png,Casiav1,0.054976643909450236,0.028265287271383707,0.09942422062158585
Casiav1__Sp_S_NNN_C_txt0048_txt0048_0048.png,Casiav1,0.0,0.0,0.08899565786123276
Casiav1__Sp_S_NNN_C_txt0049_txt0049_0049.png,Casiav1,0.009613183794918746,0.004829806807727691,0.08725451678037643
Casiav1__Sp_S_NNN_C_txt0050_txt0050_0050.png,Casiav1,0.19525121899512402,0.10818747797486197,0.07696382701396942
Casiav1__Sp_S_NNN_C_txt0051_txt0051_0051.png,Casiav1,0.0,0.0,0.08666408807039261
Casiav1__Sp_S_NNN_C_txt0052_txt0052_0052.png,Casiav1,0.03534996465003535,0.017993008431009663,0.09364702552556992
Casiav1__Sp_S_NNN_C_txt0053_txt0053_0053.png,Casiav1,0.05779109589041096,0.02975534494159136,0.08922165632247925
Casiav1__Sp_S_NNN_C_txt0054_txt0054_0054.png,Casiav1,0.010498687664041995,0.005277044854881266,0.0991508960723877
Casiav1__Sp_S_NNN_C_txt0055_txt0055_0055.png,Casiav1,0.03633785340778162,0.018505145333092617,0.10491160303354263
Casiav1__Sp_S_NNN_C_txt0056_txt0056_0056.png,Casiav1,0.0,0.0,0.0853298082947731
Casiav1__Sp_S_NNN_C_txt0057_txt0057_0057.png,Casiav1,0.09385077282330702,0.04923579512308949,0.08283372223377228
Casiav1__Sp_S_NNN_C_txt0058_txt0058_0058.png,Casiav1,0.0,0.0,0.08195149153470993
Casiav1__Sp_S_NNN_C_txt0059_txt0059_0059.png,Casiav1,0.014972585407001266,0.007542760012748327,0.0932948887348175
Casiav1__Sp_S_NNN_C_txt0060_txt0060_0060.png,Casiav1,0.005230862086309225,0.002622289460413515,0.09460920095443726
Casiav1__Sp_S_NNN_C_txt0061_txt0061_0061.png,Casiav1,0.0,0.0,0.08190920948982239
Casiav1__Sp_S_NNN_C_txt0062_txt0062_0062.png,Casiav1,0.0,0.0,0.08430667966604233
Casiav1__Sp_S_NNN_C_txt0063_txt0063_0063.png,Casiav1,0.14561695056086416,0.07852582054441581,0.08351093530654907
Casiav1__Sp_S_NNN_C_txt0064_txt0064_0064.png,Casiav1,0.13245442373055927,0.07092433267151997,0.08483799546957016
Casiav1__Sp_S_NNN_C_txt0065_txt0065_0065.png,Casiav1,0.09806473047426562,0.05156049842785606,0.2978404462337494
Casiav1__Sp_S_NNN_C_txt0066_txt0066_0066.png,Casiav1,0.00018819986826009222,9.410878976096367e-05,0.10148220509290695
Casiav1__Sp_S_NNN_C_txt0067_txt0067_0067.png,Casiav1,0.03857111549419242,0.019664804469273742,0.12112653255462646
Casiav1__Sp_S_NNN_C_txt0068_txt0068_0068.png,Casiav1,0.14147405146096817,0.07612164445278768,0.09661442786455154
Casiav1__Sp_S_NNN_C_txt0069_txt0069_0069.png,Casiav1,0.0,0.0,0.09924987703561783
Casiav1__Sp_S_NNN_C_txt0070_txt0070_0070.png,Casiav1,0.0,0.0,0.10584067553281784
Casiav1__Sp_S_NNN_C_txt0071_txt0071_0071.png,Casiav1,0.005780726532220982,0.0028987416825877856,0.13725899159908295
Casiav1__Sp_S_NNN_C_txt0072_txt0072_0072.png,Casiav1,0.0,0.0,0.1010427474975586
Casiav1__Sp_S_NNN_C_txt0073_txt0073_0073.png,Casiav1,0.15380577427821523,0.08330963889678704,0.12393534928560257
Casiav1__Sp_S_NNN_C_txt0074_txt0074_0074.png,Casiav1,0.0006961364427427776,0.00034818941504178273,0.08723156899213791
Casiav1__Sp_S_NNN_C_txt0075_txt0075_0075.png,Casiav1,0.005426590292432921,0.002720677146311971,0.09698852896690369
Casiav1__Sp_S_NNN_C_txt0076_txt0076_0076.png,Casiav1,0.0,0.0,0.09574548155069351
Casiav1__Sp_S_NNN_C_txt0077_txt0077_0077.png,Casiav1,0.0,0.0,0.08618899434804916
Casiav1__Sp_S_NNN_C_txt0078_txt0078_0078.png,Casiav1,0.0,0.0,0.09700066596269608
Casiav1__Sp_S_NNN_C_txt0079_txt0079_0079.png,Casiav1,0.06263019958336133,0.03232743669788415,0.12895677983760834
Casiav1__Sp_S_NNN_C_txt0080_txt0080_0080.png,Casiav1,0.0,0.0,0.09921121597290039
Casiav1__Sp_S_NNN_C_txt0081_txt0081_0081.png,Casiav1,0.0,0.0,0.09003841131925583
Casiav1__Sp_S_NNN_C_txt0082_txt0082_0082.png,Casiav1,0.0,0.0,0.08255399763584137
Casiav1__Sp_S_NNN_C_txt0083_txt0083_0083.png,Casiav1,0.2469722431477082,0.14088324738860242,0.12104637175798416
Casiav1__Sp_S_NNN_C_txt0084_txt0084_0084.png,Casiav1,0.2880862925705975,0.16828318584070798,0.11271214485168457
Casiav1__Sp_S_NNN_C_txt0085_txt0085_0085.png,Casiav1,0.07683073229291716,0.039950062421972535,0.15349455177783966
Casiav1__Sp_S_NNN_C_txt0086_txt0086_0086.png,Casiav1,0.008423202093038096,0.0042294136494713235,0.13803134858608246
Casiav1__Sp_S_NNN_C_txt0087_txt0087_0087.png,Casiav1,0.0,0.0,0.10272401571273804
Casiav1__Sp_S_NNN_C_txt0088_txt0088_0088.png,Casiav1,0.08543817263342851,0.04462544453366984,0.08425235748291016
Casiav1__Sp_S_NNN_C_txt0089_txt0089_0089.png,Casiav1,0.061124694376528114,0.031525851197982346,0.08557534962892532
Casiav1__Sp_S_NNN_C_txt0090_txt0090_0090.png,Casiav1,0.011741682974559686,0.005905511811023622,0.09954115748405457
Casiav1__Sp_S_NNN_C_txt0091_txt0091_0091.png,Casiav1,0.0,0.0,0.09689078480005264
Casiav1__Sp_S_NNN_C_txt0092_txt0092_0092.png,Casiav1,0.0,0.0,0.10666216164827347
Casiav1__Sp_S_NNN_C_txt0093_txt0093_0093.png,Casiav1,0.2658676969171332,0.15331454032918068,0.0906369686126709
Casiav1__Sp_S_NNN_C_txt0094_txt0094_0094.png,Casiav1,0.0,0.0,0.09034854173660278
Casiav1__Sp_S_NNN_C_txt0095_txt0095_0095.png,Casiav1,0.025008564576909902,0.012662619254119687,0.10666152834892273
Casiav1__Sp_S_NNN_C_txt0096_txt0096_0096.png,Casiav1,0.004296968250179041,0.00215311004784689,0.08458119630813599
Casiav1__Sp_S_NNN_C_txt0097_txt0097_0097.png,Casiav1,0.0,0.0,0.09387663006782532
Casiav1__Sp_S_NNN_C_txt0098_txt0098_0098.png,Casiav1,0.0,0.0,0.08886399120092392
Casiav1__Sp_S_NNN_C_txt0099_txt0099_0099.png,Casiav1,0.0875937881696039,0.045802919708029195,0.10244480520486832
Casiav1__Sp_S_NNN_C_txt0100_txt0100_0100.png,Casiav1,0.0,0.0,0.0915449783205986
Casiav1__Sp_S_NNN_R_ani0048_ani0048_0045.png,Casiav1,0.016514302565614862,0.008325899494498959,0.16641676425933838
Casiav1__Sp_S_NNN_R_ani0049_ani0049_0046.png,Casiav1,0.04199968656950321,0.02145029614214823,0.12262342125177383
Casiav1__Sp_S_NNN_R_ani0071_ani0071_0047.png,Casiav1,0.0,0.0,0.058708976954221725
Casiav1__Sp_S_NNN_R_ani0084_ani0084_0048.png,Casiav1,0.004534119247336205,0.0022722108611679163,0.22314323484897614
Casiav1__Sp_S_NNN_R_ani0086_ani0086_0218.png,Casiav1,0.10969748374328527,0.05803170804666467,0.06404180079698563
Casiav1__Sp_S_NNN_R_ani0094_ani0094_0049.png,Casiav1,0.0026088847017899847,0.0013061461432406936,0.13797269761562347
Casiav1__Sp_S_NNN_R_ani0096_ani0096_0050.png,Casiav1,0.0,0.0,0.09772536903619766
Casiav1__Sp_S_NNN_R_arc0003_arc0003_0051.png,Casiav1,0.040016673614005835,0.020416843896214378,0.04349501058459282
Casiav1__Sp_S_NNN_R_arc0004_arc0004_0052.png,Casiav1,0.03277009728622632,0.01665799062988027,0.0692935362458229
Casiav1__Sp_S_NNN_R_arc0006_arc0006_0053.png,Casiav1,0.0,0.0,0.03547714278101921
Casiav1__Sp_S_NNN_R_arc0014_arc0014_0219.png,Casiav1,0.0,0.0,0.1443500518798828
Casiav1__Sp_S_NNN_R_arc0015_arc0015_0220.png,Casiav1,0.0,0.0,0.06941784918308258
Casiav1__Sp_S_NNN_R_arc0016_arc0016_0054.png,Casiav1,0.0,0.0,0.07701493054628372
Casiav1__Sp_S_NNN_R_arc0019_arc0019_0055.png,Casiav1,0.0,0.0,0.011960361152887344
Casiav1__Sp_S_NNN_R_arc0021_arc0021_0056.png,Casiav1,0.0,0.0,0.08905011415481567
Casiav1__Sp_S_NNN_R_arc0023_arc0023_0057.png,Casiav1,0.0,0.0,0.03393758460879326
Casiav1__Sp_S_NNN_R_arc0025_arc0025_0058.png,Casiav1,0.0,0.0,0.021212948486208916
Casiav1__Sp_S_NNN_R_arc0041_arc0041_0059.png,Casiav1,0.0,0.0,0.014340120367705822
Casiav1__Sp_S_NNN_R_arc0044_arc0044_0060.png,Casiav1,0.005591397849462366,0.0028035367694630147,0.09347355365753174
Casiav1__Sp_S_NNN_R_arc0046_arc0046_0061.png,Casiav1,0.0,0.0,0.03854982182383537
Casiav1__Sp_S_NNN_R_arc0056_arc0056_0221.png,Casiav1,0.0,0.0,0.08372331410646439
Casiav1__Sp_S_NNN_R_arc0073_arc0073_0063.png,Casiav1,0.00210896309314587,0.001055594651653765,0.02391759864985943
Casiav1__Sp_S_NNN_R_arc0077_arc0077_0222.png,Casiav1,0.02965022006022701,0.015048201269691983,0.04106121137738228
Casiav1__Sp_S_NNN_R_arc0088_arc0088_0367.png,Casiav1,0.0,0.0,0.051382314413785934
Casiav1__Sp_S_NNN_R_arc0090_arc0090_0064.png,Casiav1,0.0,0.0,0.022388910874724388
Casiav1__Sp_S_NNN_R_arc0091_arc0091_0065.png,Casiav1,0.0,0.0,0.05409134551882744
Casiav1__Sp_S_NNN_R_arc0095_arc0095_0223.png,Casiav1,0.019611688566385566,0.009902951079421667,0.048706065863370895
Casiav1__Sp_S_NNN_R_cha0027_cha0027_0066.png,Casiav1,0.0,0.0,0.28807803988456726
Casiav1__Sp_S_NNN_R_cha0060_cha0060_0067.png,Casiav1,0.016414426624501165,0.008275129061645915,0.1266079694032669
Casiav1__Sp_S_NNN_R_nat0039_nat0039_0068.png,Casiav1,0.0208019294543262,0.01051028179741051,0.13094843924045563
Casiav1__Sp_S_NNN_R_nat0046_nat0046_0224.png,Casiav1,0.01766271473505928,0.008910045160502868,0.16500736773014069
Casiav1__Sp_S_NNN_R_nat0057_nat0057_0225.png,Casiav1,0.05397452990667096,0.027735777735777737,0.2072616070508957
Casiav1__Sp_S_NNN_R_nat0062_nat0062_0069.png,Casiav1,0.0,0.0,0.029190881177783012
Casiav1__Sp_S_NNN_R_nat0068_nat0068_0226.png,Casiav1,0.0027922041659686155,0.0013980539089587295,0.17156563699245453
Casiav1__Sp_S_NNN_R_nat0072_nat0072_0070.png,Casiav1,0.20517260036792556,0.11431327625708429,0.07118146866559982
Casiav1__Sp_S_NNN_R_pla0094_pla0094_0071.png,Casiav1,0.08877366643098436,0.046448536665570535,0.11618544906377792
Casiav1__Sp_S_NNN_R_sec0010_sec0010_0072.png,Casiav1,0.0,0.0,0.06477362662553787
Casiav1__Sp_S_NNN_R_sec0031_sec0031_0073.png,Casiav1,0.0,0.0,0.015687132254242897
Casiav1__Sp_S_NNN_R_sec0035_sec0035_0074.png,Casiav1,0.0,0.0,0.052061691880226135
Casiav1__Sp_S_NNN_R_sec0045_sec0045_0075.png,Casiav1,0.31019639494215767,0.18356949530329567,0.05309608578681946
Casiav1__Sp_S_NNN_R_sec0054_sec0054_0076.png,Casiav1,0.42473575507228767,0.26962825852228905,0.04312257096171379
Casiav1__Sp_S_NNN_R_sec0075_sec0075_0077.png,Casiav1,0.002880599164626242,0.0014423770373575653,0.06944920867681503
Casiav1__Sp_S_NNN_R_txt0001_txt0001_0001.png,Casiav1,0.023597506678539625,0.01193962604190133,0.08070387691259384
Casiav1__Sp_S_NNN_R_txt0002_txt0002_0002.png,Casiav1,0.0,0.0,0.06857091933488846
Casiav1__Sp_S_NNN_R_txt0003_txt0003_0003.png,Casiav1,0.11507979589621105,0.061052874092846446,0.07535145431756973
Casiav1__Sp_S_NNN_R_txt0004_txt0004_0004.png,Casiav1,0.08971585172364056,0.04696466324373301,0.06269462406635284
Casiav1__Sp_S_NNN_R_txt0005_txt0005_0005.png,Casiav1,0.030911130499813037,0.015698189644258766,0.0717434361577034
Casiav1__Sp_S_NNN_R_txt0006_txt0006_0006.png,Casiav1,0.07890093269473153,0.0410707256265582,0.07036776095628738
Casiav1__Sp_S_NNN_R_txt0007_txt0007_0007.png,Casiav1,0.03842159916926272,0.019587083112758072,0.0563080720603466
Casiav1__Sp_S_NNN_R_txt0008_txt0008_0008.png,Casiav1,0.0,0.0,0.0760984942317009
Casiav1__Sp_S_NNN_R_txt0009_txt0009_0009.png,Casiav1,0.0,0.0,0.061336711049079895
Casiav1__Sp_S_NNN_R_txt0010_txt0010_0010.png,Casiav1,0.0,0.0,0.056870851665735245
Casiav1__Sp_S_NNN_R_txt0011_txt0011_0011.png,Casiav1,0.03481568168519602,0.017716242370105703,0.065067820250988
Casiav1__Sp_S_NNN_R_txt0012_txt0012_0012.png,Casiav1,0.008458390177353342,0.004247157144814358,0.0714198425412178
Casiav1__Sp_S_NNN_R_txt0013_txt0013_0013.png,Casiav1,0.0,0.0,0.06069400534033775
Casiav1__Sp_S_NNN_R_txt0014_txt0014_0014.png,Casiav1,0.0,0.0,0.05888764560222626
Casiav1__Sp_S_NNN_R_txt0015_txt0015_0015.png,Casiav1,0.0,0.0,0.06431887298822403
Casiav1__Sp_S_NNN_R_txt0016_txt0016_0016.png,Casiav1,0.09517953762911953,0.049967721110393805,0.07100751996040344
Casiav1__Sp_S_NNN_R_txt0017_txt0017_0017.png,Casiav1,0.06957398537937988,0.03604074170801776,0.06889516115188599
Casiav1__Sp_S_NNN_R_txt0018_txt0018_0018.png,Casiav1,0.044444444444444446,0.022727272727272728,0.06329971551895142
Casiav1__Sp_S_NNN_R_txt0019_txt0019_0019.png,Casiav1,0.0,0.0,0.06435180455446243
Casiav1__Sp_S_NNN_R_txt0020_txt0020_0020.png,Casiav1,0.0,0.0,0.060002993792295456
Casiav1__Sp_S_NNN_R_txt0021_txt0021_0021.png,Casiav1,0.0,0.0,0.05761547014117241
Casiav1__Sp_S_NNN_R_txt0022_txt0022_0022.png,Casiav1,0.0,0.0,0.07040446251630783
Casiav1__Sp_S_NNN_R_txt0023_txt0023_0023.png,Casiav1,0.06637466307277629,0.03432653772434222,0.05612778663635254
Casiav1__Sp_S_NNN_R_txt0024_txt0024_0024.png,Casiav1,0.0062050947093403004,0.0031122031122031123,0.06088915094733238
Casiav1__Sp_S_NNN_R_txt0025_txt0025_0025.png,Casiav1,0.0,0.0,0.0601331852376461
Casiav1__Sp_S_NNN_R_txt0026_txt0026_0026.png,Casiav1,0.0,0.0,0.06695527583360672
Casiav1__Sp_S_NNN_R_txt0027_txt0027_0027.png,Casiav1,0.02003338898163606,0.01011804384485666,0.06946860998868942
Casiav1__Sp_S_NNN_R_txt0028_txt0028_0028.png,Casiav1,0.0,0.0,0.06512080132961273
Casiav1__Sp_S_NNN_R_txt0029_txt0029_0029.png,Casiav1,0.044125088553790104,0.022560281486080927,0.08679481595754623
Casiav1__Sp_S_NNN_R_txt0030_txt0030_0030.png,Casiav1,0.13052874225615904,0.06982120838471023,0.06005273386836052
Casiav1__Sp_S_NNN_R_txt0031_txt0031_0031.png,Casiav1,0.0,0.0,0.06489177793264389
Casiav1__Sp_S_NNN_R_txt0032_txt0032_0032.png,Casiav1,0.0,0.0,0.07085693627595901
Casiav1__Sp_S_NNN_R_txt0033_txt0033_0033.png,Casiav1,0.0,0.0,0.057009290903806686
Casiav1__Sp_S_NNN_R_txt0034_txt0034_0034.png,Casiav1,0.0,0.0,0.06338223069906235
Casiav1__Sp_S_NNN_R_txt0035_txt0035_0035.png,Casiav1,0.01608653446123977,0.00810848594995107,0.06741374731063843
Casiav1__Sp_S_NNN_R_txt0036_txt0036_0036.png,Casiav1,0.0418452230904966,0.0213697219361483,0.07413151115179062
Casiav1__Sp_S_NNN_R_txt0037_txt0037_0037.png,Casiav1,0.0,0.0,0.07073336839675903
Casiav1__Sp_S_NNN_R_txt0038_txt0038_0038.png,Casiav1,0.07918552036199095,0.04122497055359246,0.06990320980548859
Casiav1__Sp_S_NNN_R_txt0039_txt0039_0039.png,Casiav1,0.0,0.0,0.07169518619775772
Casiav1__Sp_S_NNN_R_txt0040_txt0040_0040.png,Casiav1,0.0,0.0,0.0753450095653534
Casiav1__Sp_S_NNN_R_txt0041_txt0041_0041.png,Casiav1,0.0,0.0,0.0663704052567482
Casiav1__Sp_S_NNN_R_txt0042_txt0042_0042.png,Casiav1,0.03476331360946745,0.017689123071132858,0.07441132515668869
Casiav1__Sp_S_NNN_R_txt0043_txt0043_0043.png,Casiav1,0.00850363461802222,0.004269972451790634,0.06811514496803284
Casiav1__Sp_S_NNN_R_txt0044_txt0044_0044.png,Casiav1,0.0,0.0,0.06579937040805817
Casiav1__Sp_S_NNN_R_txt0045_txt0045_0045.png,Casiav1,0.010121457489878543,0.00508646998982706,0.08771679550409317
Casiav1__Sp_S_NNN_R_txt0046_txt0046_0046.png,Casiav1,0.0,0.0,0.06559579074382782
Casiav1__Sp_S_NNN_R_txt0047_txt0047_0047.png,Casiav1,0.0,0.0,0.09229554980993271
Casiav1__Sp_S_NNN_R_txt0048_txt0048_0048.png,Casiav1,0.0,0.0,0.06672794371843338
Casiav1__Sp_S_NNN_R_txt0049_txt0049_0049.png,Casiav1,0.0,0.0,0.05872359499335289
Casiav1__Sp_S_NNN_R_txt0050_txt0050_0050.png,Casiav1,0.0,0.0,0.07648769021034241
Casiav1__Sp_S_NNN_R_txt0051_txt0051_0051.png,Casiav1,0.09774089442139235,0.05138148327678139,0.05905332788825035
Casiav1__Sp_S_NNN_R_txt0052_txt0052_0052.png,Casiav1,0.0,0.0,0.06293749809265137
Casiav1__Sp_S_NNN_R_txt0053_txt0053_0053.png,Casiav1,0.0,0.0,0.059430915862321854
Casiav1__Sp_S_NNN_R_txt0054_txt0054_0054.png,Casiav1,0.029100892244337682,0.014765287644518735,0.06895028799772263
Casiav1__Sp_S_NNN_R_txt0055_txt0055_0055.png,Casiav1,0.03751517157674059,0.019116158776565837,0.07848670333623886
Casiav1__Sp_S_NNN_R_txt0056_txt0056_0056.png,Casiav1,0.039265180199130556,0.020025747389500786,0.06695087999105453
Casiav1__Sp_S_NNN_R_txt0057_txt0057_0057.png,Casiav1,0.0,0.0,0.055638816207647324
Casiav1__Sp_S_NNN_R_txt0058_txt0058_0058.png,Casiav1,0.0,0.0,0.063080333173275
Casiav1__Sp_S_NNN_R_txt0059_txt0059_0059.png,Casiav1,0.011064106736088514,0.00556282722513089,0.06137867271900177
Casiav1__Sp_S_NNN_R_txt0060_txt0060_0060.png,Casiav1,0.0,0.0,0.07127680629491806
Casiav1__Sp_S_NNN_R_txt0061_txt0061_0061.png,Casiav1,0.05004874878128047,0.025666666666666667,0.059013474732637405
Casiav1__Sp_S_NNN_R_txt0062_txt0062_0062.png,Casiav1,0.02444113263785395,0.012371756185878094,0.0647013857960701
Casiav1__Sp_S_NNN_R_txt0063_txt0063_0063.png,Casiav1,0.3203403472461768,0.19071741511500548,0.0582314133644104
Casiav1__Sp_S_NNN_R_txt0064_txt0064_0064.png,Casiav1,0.0,0.0,0.0655612125992775
Casiav1__Sp_S_NNN_R_txt0065_txt0065_0065.png,Casiav1,0.02232489373498429,0.011288453631368444,0.23767425119876862
Casiav1__Sp_S_NNN_R_txt0066_txt0066_0066.png,Casiav1,0.0,0.0,0.07168596982955933
Casiav1__Sp_S_NNN_R_txt0067_txt0067_0067.png,Casiav1,0.0,0.0,0.09983715415000916
Casiav1__Sp_S_NNN_R_txt0068_txt0068_0068.png,Casiav1,0.03671189146049481,0.01869918699186992,0.07088884711265564
Casiav1__Sp_S_NNN_R_txt0069_txt0069_0069.png,Casiav1,0.0,0.0,0.0821337103843689
Casiav1__Sp_S_NNN_R_txt0070_txt0070_0070.png,Casiav1,0.0,0.0,0.07094139605760574
Casiav1__Sp_S_NNN_R_txt0071_txt0071_0071.png,Casiav1,0.06296875,0.03250786480600145,0.10669311136007309
Casiav1__Sp_S_NNN_R_txt0072_txt0072_0072.png,Casiav1,0.08425628816892661,0.04398098119732008,0.08352893590927124
Casiav1__Sp_S_NNN_R_txt0073_txt0073_0073.png,Casiav1,0.10440735986307231,0.055079006772009026,0.11478524655103683
Casiav1__Sp_S_NNN_R_txt0074_txt0074_0074.png,Casiav1,0.0,0.0,0.054931640625
Casiav1__Sp_S_NNN_R_txt0075_txt0075_0075.png,Casiav1,0.0,0.0,0.060802996158599854
Casiav1__Sp_S_NNN_R_txt0076_txt0076_0076.png,Casiav1,0.1097226455348979,0.058045791680103195,0.05826936662197113
Casiav1__Sp_S_NNN_R_txt0077_txt0077_0077.png,Casiav1,0.0,0.0,0.06173814460635185
Casiav1__Sp_S_NNN_R_txt0078_txt0078_0078.png,Casiav1,0.0,0.0,0.07984770089387894
Casiav1__Sp_S_NNN_R_txt0079_txt0079_0079.png,Casiav1,0.22613740890115333,0.12748304746709213,0.10056868940591812
Casiav1__Sp_S_NNN_R_txt0080_txt0080_0080.png,Casiav1,0.0,0.0,0.06586611270904541
Casiav1__Sp_S_NNN_R_txt0081_txt0081_0081.png,Casiav1,0.0,0.0,0.054931640625
Casiav1__Sp_S_NNN_R_txt0082_txt0082_0082.png,Casiav1,0.0,0.0,0.05875051021575928
Casiav1__Sp_S_NNN_R_txt0083_txt0083_0083.png,Casiav1,0.20257854179016005,0.11270508698161431,0.09620460867881775
Casiav1__Sp_S_NNN_R_txt0084_txt0084_0084.png,Casiav1,0.18557504873294348,0.10227761065749892,0.11762050539255142
Casiav1__Sp_S_NNN_R_txt0085_txt0085_0085.png,Casiav1,0.011802748585286984,0.00593640725380174,0.10997013002634048
Casiav1__Sp_S_NNN_R_txt0086_txt0086_0086.png,Casiav1,0.22336931018301268,0.12572636027469625,0.06391149759292603
Casiav1__Sp_S_NNN_R_txt0087_txt0087_0087.png,Casiav1,0.0,0.0,0.07367853820323944
Casiav1__Sp_S_NNN_R_txt0088_txt0088_0088.png,Casiav1,0.0,0.0,0.06943922489881516
Casiav1__Sp_S_NNN_R_txt0089_txt0089_0089.png,Casiav1,0.00028563267637817766,0.00014283673760891302,0.0684008002281189
Casiav1__Sp_S_NNN_R_txt0090_txt0090_0090.png,Casiav1,0.03347616497054098,0.017023015116437425,0.07052109390497208
Casiav1__Sp_S_NNN_R_txt0091_txt0091_0091.png,Casiav1,0.1384367209268221,0.07436584213014022,0.0578145831823349
Casiav1__Sp_S_NNN_R_txt0092_txt0092_0092.png,Casiav1,0.07359917938197205,0.03820553780617678,0.07012581080198288
Casiav1__Sp_S_NNN_R_txt0093_txt0093_0093.png,Casiav1,0.0,0.0,0.07470417022705078
Casiav1__Sp_S_NNN_R_txt0094_txt0094_0094.png,Casiav1,0.0,0.0,0.06310529261827469
Casiav1__Sp_S_NNN_R_txt0095_txt0095_0095.png,Casiav1,0.0,0.0,0.08939418196678162
Casiav1__Sp_S_NNN_R_txt0096_txt0096_0096.png,Casiav1,0.0,0.0,0.059172358363866806
Casiav1__Sp_S_NNN_R_txt0097_txt0097_0097.png,Casiav1,0.05972536995067324,0.030781915624570565,0.06719335168600082
Casiav1__Sp_S_NNN_R_txt0098_txt0098_0098.png,Casiav1,0.0,0.0,0.06643905490636826
Casiav1__Sp_S_NNN_R_txt0099_txt0099_0099.png,Casiav1,0.14111625639775774,0.07591451422577684,0.06645684689283371
Casiav1__Sp_S_NNN_R_txt0100_txt0100_0100.png,Casiav1,0.01465311004784689,0.007380629612893508,0.06480004638433456
Casiav1__Sp_S_NNN_T_sec0051_sec0051_0078.png,Casiav1,0.0,0.0,0.02310970611870289
Casiav1__Sp_S_NNN_T_txt0001_txt0001_0001.png,Casiav1,0.09739263803680982,0.051189036678758564,0.06594883650541306
Casiav1__Sp_S_NNN_T_txt0002_txt0002_0002.png,Casiav1,0.061387577188521614,0.031665729810755106,0.05247840657830238
Casiav1__Sp_S_NNN_T_txt0003_txt0003_0003.png,Casiav1,0.0,0.0,0.06223730370402336
Casiav1__Sp_S_NNN_T_txt0004_txt0004_0004.png,Casiav1,0.0765013705457264,0.03977199119056873,0.07084167003631592
Casiav1__Sp_S_NNN_T_txt0005_txt0005_0005.png,Casiav1,0.004446420631391729,0.0022281639928698753,0.06285520642995834
Casiav1__Sp_S_NNN_T_txt0006_txt0006_0006.png,Casiav1,0.016484163428705994,0.008310578178796154,0.07906628400087357
Casiav1__Sp_S_NNN_T_txt0007_txt0007_0007.png,Casiav1,0.0,0.0,0.055464912205934525
Casiav1__Sp_S_NNN_T_txt0008_txt0008_0008.png,Casiav1,0.0,0.0,0.0606892965734005
Casiav1__Sp_S_NNN_T_txt0009_txt0009_0009.png,Casiav1,0.0,0.0,0.05852626636624336
Casiav1__Sp_S_NNN_T_txt0010_txt0010_0010.png,Casiav1,0.0,0.0,0.0588751845061779
Casiav1__Sp_S_NNN_T_txt0011_txt0011_0011.png,Casiav1,0.0,0.0,0.06680011749267578
Casiav1__Sp_S_NNN_T_txt0012_txt0012_0012.png,Casiav1,0.0,0.0,0.062206994742155075
Casiav1__Sp_S_NNN_T_txt0013_txt0013_0013.png,Casiav1,0.0,0.0,0.06114668771624565
Casiav1__Sp_S_NNN_T_txt0014_txt0014_0014.png,Casiav1,0.0,0.0,0.05830219015479088
Casiav1__Sp_S_NNN_T_txt0015_txt0015_0015.png,Casiav1,0.007054673721340388,0.0035398230088495575,0.05639949440956116
Casiav1__Sp_S_NNN_T_txt0016_txt0016_0016.png,Casiav1,0.0,0.0,0.08413629978895187
Casiav1__Sp_S_NNN_T_txt0017_txt0017_0017.png,Casiav1,0.16640178003814368,0.09075149518939066,0.09168702363967896
Casiav1__Sp_S_NNN_T_txt0018_txt0018_0018.png,Casiav1,0.0,0.0,0.053515005856752396
Casiav1__Sp_S_NNN_T_txt0019_txt0019_0019.png,Casiav1,0.0,0.0,0.05994395911693573
Casiav1__Sp_S_NNN_T_txt0020_txt0020_0020.png,Casiav1,0.0,0.0,0.05088542774319649
Casiav1__Sp_S_NNN_T_txt0021_txt0021_0021.png,Casiav1,0.0,0.0,0.05085330829024315
Casiav1__Sp_S_NNN_T_txt0022_txt0022_0022.png,Casiav1,0.0,0.0,0.054058272391557693
Casiav1__Sp_S_NNN_T_txt0023_txt0023_0023.png,Casiav1,0.017421602787456445,0.008787346221441126,0.06086643040180206
Casiav1__Sp_S_NNN_T_txt0024_txt0024_0024.png,Casiav1,0.0,0.0,0.06475033611059189
Casiav1__Sp_S_NNN_T_txt0025_txt0025_0025.png,Casiav1,0.06887315859957911,0.03566475133742818,0.0494360476732254
Casiav1__Sp_S_NNN_T_txt0026_txt0026_0026.png,Casiav1,0.0,0.0,0.057473842054605484
Casiav1__Sp_S_NNN_T_txt0027_txt0027_0027.png,Casiav1,0.0,0.0,0.06033480167388916
Casiav1__Sp_S_NNN_T_txt0028_txt0028_0028.png,Casiav1,0.0,0.0,0.06034821271896362
Casiav1__Sp_S_NNN_T_txt0029_txt0029_0029.png,Casiav1,0.0,0.0,0.08794353157281876
Casiav1__Sp_S_NNN_T_txt0030_txt0030_0030.png,Casiav1,0.0,0.0,0.05176765099167824
Casiav1__Sp_S_NNN_T_txt0031_txt0031_0031.png,Casiav1,0.0,0.0,0.06152763590216637
Casiav1__Sp_S_NNN_T_txt0032_txt0032_0032.png,Casiav1,0.02473604826546003,0.012522907758094075,0.0629647821187973
Casiav1__Sp_S_NNN_T_txt0033_txt0033_0033.png,Casiav1,0.0,0.0,0.05265306308865547
Casiav1__Sp_S_NNN_T_txt0034_txt0034_0034.png,Casiav1,0.0,0.0,0.07578768581151962
Casiav1__Sp_S_NNN_T_txt0035_txt0035_0035.png,Casiav1,0.11223052757014408,0.05945139446803627,0.07437506318092346
Casiav1__Sp_S_NNN_T_txt0036_txt0036_0036.png,Casiav1,0.010817690104995227,0.005438259756877799,0.0608472116291523
Casiav1__Sp_S_NNN_T_txt0037_txt0037_0037.png,Casiav1,0.058093410108765196,0.029915656299420137,0.067632295191288
Casiav1__Sp_S_NNN_T_txt0038_txt0038_0038.png,Casiav1,0.010008578781812983,0.0050294582554964795,0.06440813094377518
Casiav1__Sp_S_NNN_T_txt0039_txt0039_0039.png,Casiav1,0.0037673651989639746,0.001887237556027365,0.07620300352573395
Casiav1__Sp_S_NNN_T_txt0040_txt0040_0040.png,Casiav1,0.08492273423360713,0.04434428612968886,0.060908470302820206
Casiav1__Sp_S_NNN_T_txt0041_txt0041_0041.png,Casiav1,0.07486033519553073,0.038885664538595474,0.050336625427007675
Casiav1__Sp_S_NNN_T_txt0042_txt0042_0042.png,Casiav1,0.0815686274509804,0.04251839738348324,0.05811972916126251
Casiav1__Sp_S_NNN_T_txt0043_txt0043_0043.png,Casiav1,0.021570432723924768,0.010902805477994947,0.06822802871465683
Casiav1__Sp_S_NNN_T_txt0044_txt0044_0044.png,Casiav1,0.0,0.0,0.0561913400888443
Casiav1__Sp_S_NNN_T_txt0045_txt0045_0045.png,Casiav1,0.3710302091402014,0.2277698525915359,0.05993098020553589
Casiav1__Sp_S_NNN_T_txt0046_txt0046_0046.png,Casiav1,0.0,0.0,0.06264001876115799
Casiav1__Sp_S_NNN_T_txt0047_txt0047_0047.png,Casiav1,0.07834886283939485,0.04077163712200209,0.08239927142858505
Casiav1__Sp_S_NNN_T_txt0048_txt0048_0048.png,Casiav1,0.018421052631578946,0.009296148738379814,0.05931851640343666
Casiav1__Sp_S_NNN_T_txt0049_txt0049_0049.png,Casiav1,0.0,0.0,0.05534415319561958
Casiav1__Sp_S_NNN_T_txt0050_txt0050_0050.png,Casiav1,0.03058103975535168,0.015527950310559006,0.07149017602205276
Casiav1__Sp_S_NNN_T_txt0051_txt0051_0051.png,Casiav1,0.039184197848080936,0.019983619983619985,0.05978604033589363
Casiav1__Sp_S_NNN_T_txt0052_txt0052_0052.png,Casiav1,0.029960506604929864,0.015208074104797456,0.06631724536418915
Casiav1__Sp_S_NNN_T_txt0053_txt0053_0053.png,Casiav1,0.0,0.0,0.057051319628953934
Casiav1__Sp_S_NNN_T_txt0054_txt0054_0054.png,Casiav1,0.21035728623042954,0.11754149842978914,0.057892944663763046
Casiav1__Sp_S_NNN_T_txt0055_txt0055_0055.png,Casiav1,0.0830121553513193,0.04330343334364367,0.060540273785591125
Casiav1__Sp_S_NNN_T_txt0056_txt0056_0056.png,Casiav1,0.09710441649605148,0.05102981862895788,0.06157183274626732
Casiav1__Sp_S_NNN_T_txt0057_txt0057_0057.png,Casiav1,0.0,0.0,0.06175321340560913
Casiav1__Sp_S_NNN_T_txt0058_txt0058_0058.png,Casiav1,0.0,0.0,0.05201320722699165
Casiav1__Sp_S_NNN_T_txt0059_txt0059_0059.png,Casiav1,0.0,0.0,0.06664467602968216
Casiav1__Sp_S_NNN_T_txt0060_txt0060_0060.png,Casiav1,0.06904577191621412,0.035757332261952594,0.06681877374649048
Casiav1__Sp_S_NNN_T_txt0061_txt0061_0061.png,Casiav1,0.0,0.0,0.06661681085824966
Casiav1__Sp_S_NNN_T_txt0062_txt0062_0062.png,Casiav1,0.0,0.0,0.05417080596089363
Casiav1__Sp_S_NNN_T_txt0063_txt0063_0063.png,Casiav1,0.0,0.0,0.06990668922662735
Casiav1__Sp_S_NNN_T_txt0064_txt0064_0064.png,Casiav1,0.03317393903167962,0.016866737577875702,0.06372270733118057
Casiav1__Sp_S_NNN_T_txt0065_txt0065_0065.png,Casiav1,0.07250710673016576,0.03761731469067228,0.2239678055047989
Casiav1__Sp_S_NNN_T_txt0066_txt0066_0066.png,Casiav1,0.0,0.0,0.06778987497091293
Casiav1__Sp_S_NNN_T_txt0067_txt0067_0067.png,Casiav1,0.18677346878968448,0.10300614157957116,0.07676509022712708
Casiav1__Sp_S_NNN_T_txt0068_txt0068_0068.png,Casiav1,0.0636998254799302,0.032897701667417754,0.06421024352312088
Casiav1__Sp_S_NNN_T_txt0069_txt0069_0069.png,Casiav1,0.0,0.0,0.05305270850658417
Casiav1__Sp_S_NNN_T_txt0070_txt0070_0070.png,Casiav1,0.17905405405405406,0.09833024118738404,0.0642106831073761
Casiav1__Sp_S_NNN_T_txt0071_txt0071_0071.png,Casiav1,0.12592485129841868,0.06719306394178666,0.10674986988306046
Casiav1__Sp_S_NNN_T_txt0072_txt0072_0072.png,Casiav1,0.030220753157832604,0.015342203044468417,0.07708222419023514
Casiav1__Sp_S_NNN_T_txt0073_txt0073_0073.png,Casiav1,0.0,0.0,0.09868123382329941
Casiav1__Sp_S_NNN_T_txt0074_txt0074_0074.png,Casiav1,0.0,0.0,0.0508524589240551
Casiav1__Sp_S_NNN_T_txt0075_txt0075_0075.png,Casiav1,0.0,0.0,0.06793985515832901
Casiav1__Sp_S_NNN_T_txt0076_txt0076_0076.png,Casiav1,0.0,0.0,0.06685087084770203
Casiav1__Sp_S_NNN_T_txt0077_txt0077_0077.png,Casiav1,0.0,0.0,0.056000251322984695
Casiav1__Sp_S_NNN_T_txt0078_txt0078_0078.png,Casiav1,0.0,0.0,0.07908070087432861
Casiav1__Sp_S_NNN_T_txt0079_txt0079_0079.png,Casiav1,0.0,0.0,0.08536270260810852
Casiav1__Sp_S_NNN_T_txt0080_txt0080_0080.png,Casiav1,0.1264219234746639,0.06747619704705396,0.06422073394060135
Casiav1__Sp_S_NNN_T_txt0081_txt0081_0081.png,Casiav1,0.026634382566585957,0.013496932515337423,0.06314539164304733
Casiav1__Sp_S_NNN_T_txt0082_txt0082_0082.png,Casiav1,0.0,0.0,0.056758832186460495
Casiav1__Sp_S_NNN_T_txt0083_txt0083_0083.png,Casiav1,0.34936806809388704,0.21165716071568091,0.08946006745100021
Casiav1__Sp_S_NNN_T_txt0084_txt0084_0084.png,Casiav1,0.11236479651388998,0.05952675406051612,0.1061951294541359
Casiav1__Sp_S_NNN_T_txt0085_txt0085_0085.png,Casiav1,0.051679086422142646,0.026524935426187165,0.08825748413801193
Casiav1__Sp_S_NNN_T_txt0086_txt0086_0086.png,Casiav1,0.1576888353897081,0.08559294348252205,0.07630067318677902
Casiav1__Sp_S_NNN_T_txt0087_txt0087_0087.png,Casiav1,0.0,0.0,0.06342452764511108
Casiav1__Sp_S_NNN_T_txt0088_txt0088_0088.png,Casiav1,0.058922301938635326,0.03035545769109783,0.06099599599838257
Casiav1__Sp_S_NNN_T_txt0089_txt0089_0089.png,Casiav1,0.016771488469601678,0.008456659619450317,0.05650906264781952
Casiav1__Sp_S_NNN_T_txt0090_txt0090_0090.png,Casiav1,0.0,0.0,0.0591546855866909
Casiav1__Sp_S_NNN_T_txt0091_txt0091_0091.png,Casiav1,0.0,0.0,0.057184960693120956
Casiav1__Sp_S_NNN_T_txt0092_txt0092_0092.png,Casiav1,0.049657064471879286,0.02546068364045576,0.06603869050741196
Casiav1__Sp_S_NNN_T_txt0093_txt0093_0093.png,Casiav1,0.2604029785370127,0.14969155231021025,0.06563552469015121
Casiav1__Sp_S_NNN_T_txt0094_txt0094_0094.png,Casiav1,0.017797552836484983,0.008978675645342313,0.06777597218751907
Casiav1__Sp_S_NNN_T_txt0095_txt0095_0095.png,Casiav1,0.011804384485666104,0.005937234944868533,0.05789889767765999
Casiav1__Sp_S_NNN_T_txt0096_txt0096_0096.png,Casiav1,0.0,0.0,0.051504459232091904
Casiav1__Sp_S_NNN_T_txt0097_txt0097_0097.png,Casiav1,0.14640678470465704,0.07898539091346926,0.0559895820915699
Casiav1__Sp_S_NNN_T_txt0098_txt0098_0098.png,Casiav1,0.0,0.0,0.05962197855114937
Casiav1__Sp_S_NNN_T_txt0099_txt0099_0099.png,Casiav1,0.0,0.0,0.06975827366113663
Casiav1__Sp_S_NNN_T_txt0100_txt0100_0100.png,Casiav1,0.0017934538932894933,0.0008975317875841437,0.06655056774616241
Casiav1__Sp_S_NRD_A_ani0043_ani0043_0087.png,Casiav1,0.0,0.0,0.1910824030637741
Casiav1__Sp_S_NRD_A_art0027_art0027_0256.png,Casiav1,0.0,0.0,0.04180660843849182
Casiav1__Sp_S_NRD_A_nat0069_nat0069_0258.png,Casiav1,0.0005310674455655868,0.0002656042496679947,0.15085673332214355
Casiav1__Sp_S_NRD_A_pla0075_pla0075_0588.png,Casiav1,0.025786218311699624,0.013061512664372077,0.10709181427955627
Casiav1__Sp_S_NRD_A_pla0097_pla0097_0259.png,Casiav1,0.0,0.0,0.1802142858505249
Casiav1__Sp_S_NRN_A_ani0063_ani0063_0080.png,Casiav1,0.0,0.0,0.030770743265748024
Casiav1__Sp_S_NRN_A_arc0012_arc0012_0235.png,Casiav1,0.0,0.0,0.08075254410505295
Casiav1__Sp_S_NRN_A_arc0078_arc0078_0242.png,Casiav1,0.0,0.0,0.02627784013748169
Casiav1__Sp_S_NRN_A_art0016_art0016_0081.png,Casiav1,0.017760862670472565,0.00896,0.1202770546078682
Casiav1__Sp_S_NRN_A_art0030_art0030_0245.png,Casiav1,0.06497890295358649,0.033580462276493674,0.039236683398485184
Casiav1__Sp_S_NRN_A_art0061_art0061_0246.png,Casiav1,0.05635062611806798,0.028992176714219973,0.020851848646998405
Casiav1__Sp_S_NRN_A_cha0074_cha0074_0247.png,Casiav1,0.14573972714647496,0.07859723323640849,0.19920094311237335
Casiav1__Sp_S_NRN_A_cha0076_cha0076_0501.png,Casiav1,0.058823529411764705,0.030303030303030304,0.047166015952825546
Casiav1__Sp_S_NRN_A_cha0082_cha0082_0082.png,Casiav1,0.0,0.0,0.05783494934439659
Casiav1__Sp_S_NRN_A_nat0022_nat0022_0248.png,Casiav1,0.0,0.0,0.059233468025922775
Casiav1__Sp_S_NRN_A_nat0028_nat0028_0249.png,Casiav1,0.08632138114209828,0.04510756419153366,0.026782037690281868
Casiav1__Sp_S_NRN_A_nat0051_nat0051_0250.png,Casiav1,0.0,0.0,0.015607696957886219
Casiav1__Sp_S_NRN_A_nat0059_nat0059_0083.png,Casiav1,0.03750215035265784,0.019109396914446002,0.05632656812667847
Casiav1__Sp_S_NRN_A_nat0098_nat0098_0003.png,Casiav1,0.0,0.0,0.025600148364901543
Casiav1__Sp_S_NRN_A_pla0009_pla0009_0084.png,Casiav1,0.006166610606570243,0.0030928414778158917,0.17919211089611053
Casiav1__Sp_S_NRN_A_pla0062_pla0062_0251.png,Casiav1,0.03662477558348295,0.018653986832479885,0.021826982498168945
Casiav1__Sp_S_NRN_A_sec0060_sec0060_0252.png,Casiav1,0.017724550898203593,0.008941517641372644,0.03604621812701225
Casiav1__Sp_S_NRN_A_sec0092_sec0092_0253.png,Casiav1,0.0,0.0,0.02456004172563553
Casiav1__Sp_S_NRN_R_ani0097_ani0097_0254.png,Casiav1,0.0,0.0,0.022688746452331543
Casiav1__Sp_S_NRN_R_arc0058_arc0058_0255.png,Casiav1,0.18620429702223898,0.1026600166251039,0.020588092505931854
Casiav1__Sp_S_NRN_R_art0056_art0056_0086.png,Casiav1,0.056361850720209515,0.02899811919265643,0.32453587651252747
Columbia__canong3_canonxt_sub_01.png,Columbia,0.002334960730205901,0.001168844968653703,0.3256392478942871
Columbia__canong3_canonxt_sub_02.png,Columbia,0.011354264844486334,0.0057095462725030915,0.3114335238933563
Columbia__canong3_canonxt_sub_03.png,Columbia,0.0,0.0,0.348762184381485
Columbia__canong3_canonxt_sub_04.png,Columbia,0.020382026758222295,0.010295939435650379,0.25104770064353943
Columbia__canong3_canonxt_sub_05.png,Columbia,0.05872531706533954,0.030250905542415774,0.2740248739719391
Columbia__canong3_canonxt_sub_06.png,Columbia,0.02476585085349235,0.01253818483453903,0.28801649808883667
Columbia__canong3_canonxt_sub_07.png,Columbia,0.027632529457635065,0.014009828224370698,0.4705374538898468
Columbia__canong3_canonxt_sub_08.png,Columbia,0.023891996660877574,0.012090430594130556,0.47233185172080994
Columbia__canong3_canonxt_sub_09.png,Columbia,0.02145644156900229,0.01084456365773288,0.320162832736969
Columbia__canong3_canonxt_sub_10.png,Columbia,0.1665869677658609,0.09086166883130709,0.1961572766304016
Columbia__canong3_canonxt_sub_11.png,Columbia,0.011258851351811844,0.005661295518255279,0.33705490827560425
Columbia__canong3_canonxt_sub_12.png,Columbia,0.025056192726643996,0.012687040833448847,0.3150132894515991
Columbia__canong3_canonxt_sub_13.png,Columbia,0.5448759113058588,0.3744532274184546,0.1145608127117157
Columbia__canong3_canonxt_sub_14.png,Columbia,0.018856447688564478,0.009517961314092724,0.4727983772754669
Columbia__canong3_canonxt_sub_15.png,Columbia,0.09801311911778686,0.05153196381266557,0.5287263989448547
Columbia__canong3_canonxt_sub_16.png,Columbia,0.024133367643274638,0.012214067107601001,0.2468496859073639
Columbia__canong3_canonxt_sub_17.png,Columbia,0.03240189801913083,0.01646774205896539,0.29839205741882324
Columbia__canong3_canonxt_sub_18.png,Columbia,0.0803643963643686,0.041864401875108516,0.309099406003952
Columbia__canong3_canonxt_sub_19.png,Columbia,0.07811174913090484,0.04064323151753594,0.33220088481903076
Columbia__canong3_canonxt_sub_20.png,Columbia,0.08176882892638171,0.04262720268517812,0.2925916910171509
Columbia__canong3_canonxt_sub_21.png,Columbia,0.05930409057070761,0.03055815714484985,0.4530298709869385
Columbia__canong3_canonxt_sub_22.png,Columbia,0.02316376525292578,0.011717594429813485,0.3168783187866211
Columbia__canong3_canonxt_sub_23.png,Columbia,0.06599142806737165,0.034121579927346095,0.41947776079177856
Columbia__canong3_canonxt_sub_24.png,Columbia,0.0,0.0,0.20874623954296112
Columbia__canong3_canonxt_sub_25.png,Columbia,0.0,0.0,0.4571712613105774
Columbia__canong3_canonxt_sub_26.png,Columbia,0.01761475152974551,0.008885634890260745,0.27689698338508606
Columbia__canong3_canonxt_sub_27.png,Columbia,0.001153877853787192,0.0005772719775688602,0.22471773624420166
Columbia__canong3_canonxt_sub_28.png,Columbia,0.012779264321867243,0.006430722109744069,0.3504394292831421
Columbia__canong3_canonxt_sub_29.png,Columbia,0.0,0.0,0.4123780429363251
Columbia__canong3_canonxt_sub_30.png,Columbia,0.002661661307444959,0.0013326041241401622,0.2991126477718353
Columbia__canong3_kodakdcs330_sub_01.png,Columbia,0.1370022828912782,0.07353862091892352,0.2815145254135132
Columbia__canong3_kodakdcs330_sub_02.png,Columbia,0.14719608920676844,0.07944504453455634,0.24588854610919952
Columbia__canong3_kodakdcs330_sub_03.png,Columbia,0.11599155881748745,0.061566368962064966,0.22212974727153778
Columbia__canong3_kodakdcs330_sub_04.png,Columbia,0.1131200875248323,0.05995086744892198,0.28827840089797974
Columbia__canong3_kodakdcs330_sub_05.png,Columbia,0.0965895156993903,0.05074549945798013,0.2506718039512634
Columbia__canong3_kodakdcs330_sub_06.png,Columbia,0.02968354430379747,0.01506536892486589,0.21383249759674072
Columbia__canong3_kodakdcs330_sub_07.png,Columbia,0.14415166892552084,0.0776742724671156,0.25346627831459045
Columbia__canong3_kodakdcs330_sub_08.png,Columbia,0.10457917233712216,0.05517464555144307,0.2135293036699295
Columbia__canong3_kodakdcs330_sub_09.png,Columbia,0.07159721991287286,0.03712773112141958,0.25781798362731934
Columbia__canong3_kodakdcs330_sub_10.png,Columbia,0.07730687712874308,0.04020760058334048,0.2603486180305481
Columbia__canong3_kodakdcs330_sub_11.png,Columbia,0.022090874917019252,0.011168801759834368,0.28440386056900024
Columbia__canong3_kodakdcs330_sub_12.png,Columbia,0.024775414688576757,0.01254308744069756,0.437955766916275
Columbia__canong3_kodakdcs330_sub_13.png,Columbia,0.006101541908807338,0.003060106638854865,0.5703592896461487
Columbia__canong3_kodakdcs330_sub_14.png,Columbia,0.022194984596018152,0.011222028674795659,0.3441092371940613
Columbia__canong3_kodakdcs330_sub_15.png,Columbia,0.0,0.0,0.270250141620636
Columbia__canong3_kodakdcs330_sub_16.png,Columbia,0.0013760105077166044,0.0006884789309799872,0.2970781624317169
Columbia__canong3_kodakdcs330_sub_17.png,Columbia,0.033845495922045395,0.017214057110897057,0.2942100167274475
Columbia__canong3_kodakdcs330_sub_18.png,Columbia,0.0092482639844604,0.004645613924200646,0.2928643226623535
Columbia__canong3_kodakdcs330_sub_19.png,Columbia,0.023905511253298074,0.012097352322691646,0.3844708502292633
Columbia__canong3_kodakdcs330_sub_20.png,Columbia,0.051919294104423086,0.02665151086774642,0.39517736434936523
Columbia__canong3_kodakdcs330_sub_21.png,Columbia,0.23997807167820187,0.13634947827441207,0.3947746157646179
Columbia__canong3_kodakdcs330_sub_22.png,Columbia,0.32987765931312335,0.1975170628383149,0.28979796171188354
Columbia__canong3_kodakdcs330_sub_23.png,Columbia,0.3039759454700097,0.17922855790759928,0.27377769351005554
Columbia__canong3_kodakdcs330_sub_24.png,Columbia,0.36669202328091,0.22450880575352555,0.2534601092338562
Columbia__canong3_kodakdcs330_sub_25.png,Columbia,0.19358497253234094,0.10716528017579657,0.26788124442100525
Columbia__canong3_kodakdcs330_sub_26.png,Columbia,0.36312301999951635,0.22183891913453938,0.24663518369197845
Columbia__canong3_kodakdcs330_sub_27.png,Columbia,0.3987783317501943,0.24904629987056925,0.3174854815006256
Columbia__canong3_kodakdcs330_sub_28.png,Columbia,0.17925968720340033,0.09845428584379674,0.32727929949760437
Columbia__canong3_kodakdcs330_sub_29.png,Columbia,0.34370866168439856,0.20751703141425587,0.27485862374305725
Columbia__canong3_kodakdcs330_sub_30.png,Columbia,0.12807377049180327,0.06841817186644773,0.33704084157943726
Columbia__canong3_nikond70_sub_01.png,Columbia,0.3295119076181634,0.19725486767662892,0.30085813999176025
Columbia__canong3_nikond70_sub_02.png,Columbia,0.05457824676635665,0.02805471187707124,0.32818442583084106
Columbia__canong3_nikond70_sub_03.png,Columbia,0.13560881008449924,0.07273624270378869,0.36920610070228577
Columbia__canong3_nikond70_sub_04.png,Columbia,0.03292501522457496,0.01673805801985424,0.2254970818758011
Columbia__canong3_nikond70_sub_05.png,Columbia,0.1945602414260505,0.10776335266911728,0.2964610457420349
Columbia__canong3_nikond70_sub_06.png,Columbia,0.0,0.0,0.22546839714050293
Columbia__canong3_nikond70_sub_07.png,Columbia,0.03540370662861207,0.01802085586136212,0.48707106709480286
Columbia__canong3_nikond70_sub_08.png,Columbia,0.0042508184336439185,0.002129936202858758,0.22962655127048492
Columbia__canong3_nikond70_sub_09.png,Columbia,0.014454367588143693,0.00727979621933235,0.17034518718719482
Columbia__canong3_nikond70_sub_10.png,Columbia,0.006265392978225698,0.003142541116635827,0.22167684137821198
Columbia__canong3_nikond70_sub_11.png,Columbia,0.0,0.0,0.3266999423503876
Columbia__canong3_nikond70_sub_12.png,Columbia,0.00246806291822369,0.0012355561743004316,0.1334090679883957
Columbia__canong3_nikond70_sub_13.png,Columbia,0.02817982456140351,0.014291275093143525,0.2060852348804474
Columbia__canong3_nikond70_sub_14.png,Columbia,0.012271445659603555,0.0061736023426376165,0.4293608069419861
Columbia__canong3_nikond70_sub_15.png,Columbia,0.0,0.0,0.41713204979896545
Columbia__canong3_nikond70_sub_16.png,Columbia,0.023389816542380065,0.011833297601181543,0.382549911737442
Columbia__canong3_nikond70_sub_17.png,Columbia,0.0,0.0,0.18628248572349548
Columbia__canong3_nikond70_sub_18.png,Columbia,0.01742365378729015,0.008788389824469727,0.1921551674604416
Columbia__canong3_nikond70_sub_19.png,Columbia,0.005651971540660948,0.002833994598739706,0.2087291032075882
Columbia__canong3_nikond70_sub_20.png,Columbia,0.0,0.0,0.18586532771587372
Columbia__canong3_nikond70_sub_21.png,Columbia,0.0,0.0,0.10110098868608475
Columbia__canong3_nikond70_sub_22.png,Columbia,0.035563998213623015,0.01810392305032212,0.35645630955696106
Columbia__canong3_nikond70_sub_23.png,Columbia,0.022876054170960766,0.011570369282725203,0.3135817348957062
Columbia__canong3_nikond70_sub_24.png,Columbia,0.013018673184445979,0.006551985672311487,0.36279964447021484
Columbia__canong3_nikond70_sub_25.png,Columbia,0.02769348707956687,0.01404116799196722,0.2824215888977051
Columbia__canong3_nikond70_sub_26.png,Columbia,0.0020028903987191096,0.0010024490971955436,0.3855159282684326
Columbia__canong3_nikond70_sub_27.png,Columbia,0.005365299080519377,0.0026898655067246636,0.23201528191566467
Columbia__canong3_nikond70_sub_28.png,Columbia,0.06577986860248196,0.034008470667169874,0.2693803012371063
Columbia__canong3_nikond70_sub_29.png,Columbia,0.008832762810166546,0.004435972350887194,0.2593837082386017
Columbia__canong3_nikond70_sub_30.png,Columbia,0.017377168642618908,0.008764737481975742,0.24437789618968964
Columbia__canonxt_kodakdcs330_sub_01.png,Columbia,0.23075083310745093,0.13042302770317765,0.1105116531252861
Columbia__canonxt_kodakdcs330_sub_02.png,Columbia,0.14839199438102604,0.08014222985140966,0.13795015215873718
Columbia__canonxt_kodakdcs330_sub_03.png,Columbia,0.12011085183978812,0.06389251832074078,0.18885250389575958
Columbia__canonxt_kodakdcs330_sub_04.png,Columbia,0.030979319830366937,0.015733364378731685,0.1992572844028473
Columbia__canonxt_kodakdcs330_sub_05.png,Columbia,0.09130296334179268,0.04783523083456351,0.10742848366498947
Columbia__canonxt_kodakdcs330_sub_06.png,Columbia,0.050965381096827,0.026149038402154177,0.1767788529396057
Columbia__canonxt_kodakdcs330_sub_07.png,Columbia,0.10568166524606343,0.05578875699357627,0.1802421361207962
Columbia__canonxt_kodakdcs330_sub_08.png,Columbia,0.02309816116982562,0.011684020276643522,0.1837727427482605
Columbia__canonxt_kodakdcs330_sub_09.png,Columbia,0.08627823286783715,0.04508400037542067,0.153764545917511
Columbia__canonxt_kodakdcs330_sub_10.png,Columbia,0.07392218236651511,0.03837964473176952,0.17762139439582825
Columbia__canonxt_kodakdcs330_sub_11.png,Columbia,0.023854204712905704,0.012071075307194208,0.0852784812450409
Columbia__canonxt_kodakdcs330_sub_12.png,Columbia,0.09711671806760085,0.051036613222529205,0.19518758356571198
Columbia__canonxt_kodakdcs330_sub_13.png,Columbia,0.015329560418572391,0.007723982840095828,0.21801453828811646
Columbia__canonxt_kodakdcs330_sub_14.png,Columbia,0.003970714022270527,0.0019893064947318763,0.28686654567718506
Columbia__canonxt_kodakdcs330_sub_15.png,Columbia,0.0,0.0,0.31783393025398254
Columbia__canonxt_kodakdcs330_sub_16.png,Columbia,0.03489796559414493,0.017758856783584912,0.20899374783039093
Columbia__canonxt_kodakdcs330_sub_17.png,Columbia,0.079002079002079,0.04112554112554113,0.12331996113061905
Columbia__canonxt_kodakdcs330_sub_18.png,Columbia,0.0,0.0,0.10169550031423569
Columbia__canonxt_kodakdcs330_sub_19.png,Columbia,0.00011050944855785169,5.525777753218766e-05,0.08063367754220963
Columbia__canonxt_kodakdcs330_sub_20.png,Columbia,0.0,0.0,0.2611194849014282
Columbia__canonxt_kodakdcs330_sub_21.png,Columbia,0.11322062932071701,0.06000734960333758,0.2969156801700592
Columbia__canonxt_kodakdcs330_sub_22.png,Columbia,0.1224730343664088,0.06523103881231287,0.3086512088775635
Columbia__canonxt_kodakdcs330_sub_23.png,Columbia,0.49451835616438355,0.3284785026700598,0.13429076969623566
Columbia__canonxt_kodakdcs330_sub_24.png,Columbia,0.15625988892303036,0.08475158075926192,0.41542720794677734
Columbia__canonxt_kodakdcs330_sub_25.png,Columbia,0.2731333587822045,0.15816702475044017,0.3643515408039093
Columbia__canonxt_kodakdcs330_sub_26.png,Columbia,0.3370280883526821,0.20266613404120976,0.28151509165763855
Columbia__canonxt_kodakdcs330_sub_27.png,Columbia,0.06787231779761875,0.035128277713123435,0.20757277309894562
Columbia__canonxt_kodakdcs330_sub_28.png,Columbia,0.4009998518331532,0.2507816226864483,0.25072181224823
Columbia__canonxt_kodakdcs330_sub_29.png,Columbia,0.3052108014039709,0.18008776646488475,0.2700382173061371
Columbia__canonxt_kodakdcs330_sub_30.png,Columbia,0.4241342845822989,0.2691436715912544,0.2313213348388672
Columbia__nikond70_canonxt_sub_01.png,Columbia,0.013535642852395023,0.006813936934580121,0.2427542358636856
Columbia__nikond70_canonxt_sub_02.png,Columbia,0.0,0.0,0.13628719747066498
Columbia__nikond70_canonxt_sub_03.png,Columbia,0.0537620467608799,0.0276235733001732,0.1958921104669571
Columbia__nikond70_canonxt_sub_04.png,Columbia,0.0012376237623762376,0.0006191950464396285,0.24980291724205017
Columbia__nikond70_canonxt_sub_05.png,Columbia,0.04464301337423957,0.022831131951653125,0.2451464831829071
Columbia__nikond70_canonxt_sub_06.png,Columbia,0.03276132820501149,0.016653458817540795,0.2549310624599457
Columbia__nikond70_canonxt_sub_07.png,Columbia,0.020197589448603816,0.010201820818562682,0.1438029706478119
Columbia__nikond70_canonxt_sub_08.png,Columbia,0.22646230841413825,0.127689594356261,0.17064791917800903
Columbia__nikond70_canonxt_sub_09.png,Columbia,0.05584728353277515,0.028725769873807462,0.2596118152141571
Columbia__nikond70_canonxt_sub_10.png,Columbia,0.05165987963812976,0.026514815918554733,0.18167147040367126
Columbia__nikond70_canonxt_sub_11.png,Columbia,0.024586820997844285,0.012446419442368949,0.2252793312072754
Columbia__nikond70_canonxt_sub_12.png,Columbia,0.08426270136307311,0.04398447606727038,0.14709408581256866
Columbia__nikond70_canonxt_sub_13.png,Columbia,0.019410089654115795,0.009800155778197454,0.2788601517677307
Columbia__nikond70_canonxt_sub_14.png,Columbia,0.19932125325737834,0.11069228957022179,0.20175187289714813
Columbia__nikond70_canonxt_sub_15.png,Columbia,0.0,0.0,0.1489035040140152
Columbia__nikond70_canonxt_sub_16.png,Columbia,0.020290842740472867,0.01024940591200835,0.26623204350471497
Columbia__nikond70_canonxt_sub_17.png,Columbia,0.04415684334899569,0.02257688363140814,0.31348860263824463
Columbia__nikond70_canonxt_sub_18.png,Columbia,0.014135468930914705,0.00711804290260671,0.12126743793487549
Columbia__nikond70_canonxt_sub_19.png,Columbia,0.0,0.0,0.32941263914108276
Columbia__nikond70_canonxt_sub_20.png,Columbia,0.023626635153544406,0.011954540358511642,0.3570267856121063
Columbia__nikond70_canonxt_sub_21.png,Columbia,0.030190085724934774,0.01532639545884579,0.27207422256469727
Columbia__nikond70_canonxt_sub_22.png,Columbia,0.0,0.0,0.30931639671325684
Columbia__nikond70_canonxt_sub_23.png,Columbia,0.0,0.0,0.11406151205301285
Columbia__nikond70_canonxt_sub_24.png,Columbia,0.0,0.0,0.1563890129327774
Columbia__nikond70_canonxt_sub_25.png,Columbia,0.02586707299375998,0.013103004686207847,0.16104406118392944
Columbia__nikond70_canonxt_sub_26.png,Columbia,0.015749396396954125,0.007937201262963472,0.35365793108940125
Columbia__nikond70_canonxt_sub_27.png,Columbia,0.002965695582198593,0.0014850498940543672,0.330503910779953
Columbia__nikond70_canonxt_sub_28.png,Columbia,5.38017673880587e-05,2.690160737104042e-05,0.3289242088794708
Columbia__nikond70_canonxt_sub_29.png,Columbia,0.019114929563944418,0.009649691367372776,0.24405790865421295
Columbia__nikond70_canonxt_sub_30.png,Columbia,0.06222841505720791,0.03211339021623905,0.19170580804347992
Columbia__nikond70_kodakdcs330_sub_01.png,Columbia,0.24385117103378637,0.13885564082705532,0.1109386757016182
Columbia__nikond70_kodakdcs330_sub_02.png,Columbia,0.06693135444199909,0.03462440643057383,0.12627698481082916
Columbia__nikond70_kodakdcs330_sub_03.png,Columbia,0.12201633862283681,0.06497199157385629,0.1487477719783783
Columbia__nikond70_kodakdcs330_sub_04.png,Columbia,0.2925575223907602,0.17134253494758966,0.1451682299375534
Columbia__nikond70_kodakdcs330_sub_05.png,Columbia,0.08635310018093169,0.045124887035897905,0.18914423882961273
Columbia__nikond70_kodakdcs330_sub_06.png,Columbia,0.06672607378363928,0.03451454699657067,0.19777381420135498
Columbia__nikond70_kodakdcs330_sub_07.png,Columbia,0.14689398535043957,0.07926906727903454,0.14171315729618073
Columbia__nikond70_kodakdcs330_sub_08.png,Columbia,0.09297092302683808,0.04875170711838417,0.23956377804279327
Columbia__nikond70_kodakdcs330_sub_09.png,Columbia,0.13184328488980085,0.0705739961874792,0.22738952934741974
Columbia__nikond70_kodakdcs330_sub_10.png,Columbia,0.17826210198103998,0.097852771342623,0.23843149840831757
Columbia__nikond70_kodakdcs330_sub_11.png,Columbia,0.0242373310286541,0.012267329173332817,0.305802583694458
Columbia__nikond70_kodakdcs330_sub_12.png,Columbia,0.0,0.0,0.32570624351501465
Columbia__nikond70_kodakdcs330_sub_13.png,Columbia,0.09560794087021832,0.050203916999058844,0.15856295824050903
Columbia__nikond70_kodakdcs330_sub_14.png,Columbia,0.048598397228586776,0.024904354469918708,0.2605777084827423
Columbia__nikond70_kodakdcs330_sub_15.png,Columbia,0.022175164097621377,0.011211894852915022,0.2078746110200882
Columbia__nikond70_kodakdcs330_sub_16.png,Columbia,0.0273805592949125,0.01388030490317264,0.2843247354030609
Columbia__nikond70_kodakdcs330_sub_17.png,Columbia,0.028282100904631173,0.014343888097585918,0.16075268387794495
Columbia__nikond70_kodakdcs330_sub_18.png,Columbia,0.0,0.0,0.2082565277814865
Columbia__nikond70_kodakdcs330_sub_19.png,Columbia,0.0,0.0,0.22211988270282745
Columbia__nikond70_kodakdcs330_sub_20.png,Columbia,0.03509430667132379,0.017860555237066762,0.3318643867969513
Columbia__nikond70_kodakdcs330_sub_21.png,Columbia,0.5051070072252156,0.33788840382992774,0.11259929090738297
Columbia__nikond70_kodakdcs330_sub_22.png,Columbia,0.22071733917214054,0.12404849663933994,0.22873647511005402
Columbia__nikond70_kodakdcs330_sub_23.png,Columbia,0.09399416909620992,0.04931473323543808,0.25603917241096497
Columbia__nikond70_kodakdcs330_sub_24.png,Columbia,0.36589462928271743,0.22391128249098755,0.25115200877189636
Columbia__nikond70_kodakdcs330_sub_25.png,Columbia,0.30585418235228773,0.18053592504626323,0.34281256794929504
Columbia__nikond70_kodakdcs330_sub_26.png,Columbia,0.13955581107597706,0.07501209222335681,0.3113240599632263
Columbia__nikond70_kodakdcs330_sub_27.png,Columbia,0.34740255957120386,0.21021608231528183,0.2561858594417572
Columbia__nikond70_kodakdcs330_sub_28.png,Columbia,0.3612378888579511,0.22043339079044572,0.24168404936790466
Columbia__nikond70_kodakdcs330_sub_29.png,Columbia,0.325066176236087,0.19407702658102516,0.29114070534706116
Columbia__nikond70_kodakdcs330_sub_30.png,Columbia,0.01876521988253832,0.00947147711662208,0.20385299623012543
DSO-1__splicing-01.png,DSO-1,0.0,0.0,0.11174658685922623
DSO-1__splicing-02.png,DSO-1,0.036531159258431985,0.01860541838017394,0.16226565837860107
DSO-1__splicing-03.png,DSO-1,0.05088329674041547,0.0261058235534698,0.08870571851730347
DSO-1__splicing-04.png,DSO-1,0.0,0.0,0.2061869353055954
DSO-1__splicing-05.png,DSO-1,0.026574454871864422,0.013466155304145985,0.3036160171031952
DSO-1__splicing-06.png,DSO-1,0.03980194031608988,0.020305060562353636,0.15798015892505646
DSO-1__splicing-07.png,DSO-1,0.0,0.0,0.24809829890727997
DSO-1__splicing-08.png,DSO-1,0.03987576503011675,0.020343488600726083,0.22356455028057098
DSO-1__splicing-09.png,DSO-1,0.0,0.0,0.15738216042518616
DSO-1__splicing-10.png,DSO-1,0.0,0.0,0.06226507946848869
DSO-1__splicing-100.png,DSO-1,0.15577365784819902,0.08446558553460737,0.17907893657684326
DSO-1__splicing-11.png,DSO-1,0.001218374952211833,0.0006095588116999541,0.17716912925243378
DSO-1__splicing-12.png,DSO-1,0.0,0.0,0.1760193556547165
DSO-1__splicing-13.png,DSO-1,0.0,0.0,0.14546291530132294
DSO-1__splicing-14.png,DSO-1,0.05279803724768596,0.027114823350453822,0.13367585837841034
DSO-1__splicing-15.png,DSO-1,0.038989407740180525,0.019882303488860865,0.0741446241736412
DSO-1__splicing-16.png,DSO-1,0.0,0.0,0.13248920440673828
DSO-1__splicing-17.png,DSO-1,0.0,0.0,0.07283124327659607
DSO-1__splicing-18.png,DSO-1,0.0,0.0,0.07526662200689316
DSO-1__splicing-19.png,DSO-1,0.0,0.0,0.03684552386403084
DSO-1__splicing-20.png,DSO-1,0.05445223761831056,0.027988126876747316,0.08968812227249146
DSO-1__splicing-21.png,DSO-1,0.0,0.0,0.16679351031780243
DSO-1__splicing-22.png,DSO-1,0.019099250414704012,0.00964169982706224,0.07505030184984207
DSO-1__splicing-23.png,DSO-1,0.010504738347279422,0.005280102219772511,0.15142156183719635
DSO-1__splicing-24.png,DSO-1,0.0,0.0,0.055871788412332535
DSO-1__splicing-25.png,DSO-1,0.0,0.0,0.019725238904356956
DSO-1__splicing-26.png,DSO-1,0.0,0.0,0.11377662420272827
DSO-1__splicing-27.png,DSO-1,0.45802912875809654,0.29704136264856923,0.16758756339550018
DSO-1__splicing-28.png,DSO-1,0.011764877891874241,0.005917246788900873,0.12834100425243378
DSO-1__splicing-29.png,DSO-1,0.2845546678235301,0.16587801574679248,0.09668895602226257
DSO-1__splicing-30.png,DSO-1,0.02333768371693903,0.01180661133906953,0.17274242639541626
DSO-1__splicing-31.png,DSO-1,0.0,0.0,0.13617616891860962
DSO-1__splicing-32.png,DSO-1,0.0,0.0,0.2475859373807907
DSO-1__splicing-33.png,DSO-1,0.06021645767409248,0.031042874815758886,0.483683317899704
DSO-1__splicing-34.png,DSO-1,0.07479101690138228,0.038848258842531666,0.0918557420372963
DSO-1__splicing-35.png,DSO-1,0.014673083416158224,0.007390764359053896,0.26058685779571533
DSO-1__splicing-36.png,DSO-1,0.13863205412929275,0.0744785868032361,0.08001428097486496
DSO-1__splicing-37.png,DSO-1,0.0,0.0,0.07996257394552231
DSO-1__splicing-38.png,DSO-1,0.18274875400120566,0.10056328446800081,0.15331953763961792
DSO-1__splicing-39.png,DSO-1,0.03238766356542286,0.016460388545901834,0.1364555060863495
DSO-1__splicing-40.png,DSO-1,0.4720212651425435,0.308918739753651,0.11472520977258682
DSO-1__splicing-41.png,DSO-1,0.016804701616334787,0.008473548535553144,0.10122808068990707
DSO-1__splicing-42.png,DSO-1,0.18145266847449226,0.09977890887353412,0.26246312260627747
DSO-1__splicing-43.png,DSO-1,0.10516543297463425,0.05550111593104921,0.20630009472370148
DSO-1__splicing-44.png,DSO-1,0.048491516544805484,0.024848222262887652,0.22851598262786865
DSO-1__splicing-45.png,DSO-1,3.923907584128579e-05,1.9619922854463336e-05,0.2378567010164261
DSO-1__splicing-46.png,DSO-1,0.0,0.0,0.23470421135425568
DSO-1__splicing-47.png,DSO-1,0.07953171181575883,0.04141266601749214,0.26554927229881287
DSO-1__splicing-48.png,DSO-1,0.5402402582776484,0.3700884760941729,0.20034445822238922
DSO-1__splicing-49.png,DSO-1,0.04234219176555797,0.021629005634925154,0.03430676832795143
DSO-1__splicing-50.png,DSO-1,0.0,0.0,0.05806314945220947
DSO-1__splicing-51.png,DSO-1,0.0,0.0,0.0673331692814827
DSO-1__splicing-52.png,DSO-1,0.0,0.0,0.01823902688920498
DSO-1__splicing-53.png,DSO-1,0.10395069319677565,0.05482488921769578,0.11193344742059708
DSO-1__splicing-54.png,DSO-1,0.0,0.0,0.202314555644989
DSO-1__splicing-55.png,DSO-1,0.08128490185951973,0.04236423736817252,0.09663169831037521
DSO-1__splicing-56.png,DSO-1,0.009400183943798768,0.004722287155849596,0.2013978362083435
DSO-1__splicing-57.png,DSO-1,0.0,0.0,0.11263718456029892
DSO-1__splicing-58.png,DSO-1,0.0184102389977202,0.00929064095910971,0.22429437935352325
DSO-1__splicing-59.png,DSO-1,0.0,0.0,0.14836370944976807
DSO-1__splicing-60.png,DSO-1,0.013405996026541122,0.00674823139490369,0.29731473326683044
DSO-1__splicing-61.png,DSO-1,0.17503187702898268,0.09590955306333446,0.1631171554327011
DSO-1__splicing-62.png,DSO-1,0.0,0.0,0.04415274038910866
DSO-1__splicing-63.png,DSO-1,0.2345363347953745,0.13284687723561314,0.27187755703926086
DSO-1__splicing-64.png,DSO-1,0.022121334945570052,0.011184374115770791,0.1761370152235031
DSO-1__splicing-65.png,DSO-1,0.0,0.0,0.28797101974487305
DSO-1__splicing-66.png,DSO-1,0.2627896719193204,0.15127107390022143,0.20132355391979218
DSO-1__splicing-67.png,DSO-1,0.0,0.0,0.24407844245433807
DSO-1__splicing-68.png,DSO-1,0.0,0.0,0.25352758169174194
DSO-1__splicing-69.png,DSO-1,0.02591063435715388,0.013125360385453621,0.12395796179771423
DSO-1__splicing-70.png,DSO-1,0.027554333295137696,0.013969628548080386,0.15427649021148682
DSO-1__splicing-71.png,DSO-1,0.12826255695587513,0.06852593425030469,0.18752533197402954
DSO-1__splicing-72.png,DSO-1,0.0,0.0,0.12599830329418182
DSO-1__splicing-73.png,DSO-1,0.08979559993758776,0.047008372472942615,0.27251434326171875
DSO-1__splicing-74.png,DSO-1,0.0,0.0,0.34784993529319763
DSO-1__splicing-75.png,DSO-1,0.0,0.0,0.06654736399650574
DSO-1__splicing-76.png,DSO-1,0.014050440720994522,0.007074923255400053,0.24313108623027802
DSO-1__splicing-77.png,DSO-1,0.0,0.0,0.050426844507455826
DSO-1__splicing-78.png,DSO-1,0.5687212455440115,0.39735183923705725,0.06256397813558578
DSO-1__splicing-79.png,DSO-1,0.0,0.0,0.026190942153334618
DSO-1__splicing-80.png,DSO-1,0.0,0.0,0.25822779536247253
DSO-1__splicing-81.png,DSO-1,0.0,0.0,0.2842278480529785
DSO-1__splicing-82.png,DSO-1,0.11379664837682847,0.060331060422992466,0.22741954028606415
DSO-1__splicing-83.png,DSO-1,0.032344747565904164,0.016438218801739766,0.2726953327655792
DSO-1__splicing-84.png,DSO-1,0.0,0.0,0.14445355534553528
DSO-1__splicing-85.png,DSO-1,0.03633236861626043,0.01850230050930669,0.3412902057170868
DSO-1__splicing-86.png,DSO-1,0.0,0.0,0.18313062191009521
DSO-1__splicing-87.png,DSO-1,0.0,0.0,0.11154649406671524
DSO-1__splicing-88.png,DSO-1,0.0,0.0,0.15563960373401642
DSO-1__splicing-89.png,DSO-1,0.0,0.0,0.08001554012298584
DSO-1__splicing-90.png,DSO-1,0.33423521865669925,0.20064970901063617,0.10096203535795212
DSO-1__splicing-91.png,DSO-1,0.0,0.0,0.12828925251960754
DSO-1__splicing-92.png,DSO-1,0.01273950501908601,0.006410586358085059,0.1311824470758438
DSO-1__splicing-93.png,DSO-1,0.0,0.0,0.04670887067914009
DSO-1__splicing-94.png,DSO-1,0.0,0.0,0.23599030077457428
DSO-1__splicing-95.png,DSO-1,0.31393327799107607,0.18619267784197124,0.20319503545761108
DSO-1__splicing-96.png,DSO-1,0.004982265573043671,0.0024973540270180924,0.22525213658809662
DSO-1__splicing-97.png,DSO-1,3.4579143013572314e-05,1.7289870441237494e-05,0.05212530121207237
DSO-1__splicing-98.png,DSO-1,0.15297797414641615,0.08282412012694804,0.0356186144053936
DSO-1__splicing-99.png,DSO-1,0.0,0.0,0.1003243550658226
IMD2020__00006_fake.png,IMD2020,0.006909008805599458,0.003466479371049233,0.04276054725050926
IMD2020__00009_fake.png,IMD2020,0.05932894665289031,0.030571356516378514,0.049847424030303955
IMD2020__00010_fake_01.png,IMD2020,3.349107630271914e-05,1.6745818569103295e-05,0.4463441073894501
IMD2020__00010_fake_02.png,IMD2020,0.14973686589396815,0.08092733575774054,0.4251783788204193
IMD2020__00011_fake.png,IMD2020,0.0,0.0,0.049444638192653656
IMD2020__00015_fake.png,IMD2020,0.03612520725518766,0.018394862742088163,0.21781475841999054
IMD2020__00016_fake.png,IMD2020,0.01818651956559214,0.009176705953985996,0.23971295356750488
IMD2020__00018_fake.png,IMD2020,0.0007853696847301694,0.0003928391043268421,0.34601715207099915
IMD2020__00021_fake.png,IMD2020,0.0,0.0,0.08838452398777008
IMD2020__00022_fake.png,IMD2020,0.0665867379876418,0.034439992367868724,0.1030350998044014
IMD2020__00024_fake.png,IMD2020,0.011286242459622495,0.005675146771037182,0.11289898306131363
IMD2020__00027_fake.png,IMD2020,0.0,0.0,0.04041605442762375
IMD2020__00028_fake.png,IMD2020,0.0,0.0,0.013494311831891537
IMD2020__00030_fake.png,IMD2020,0.010471204188481676,0.005263157894736842,0.07293237745761871
IMD2020__00031_fake.png,IMD2020,0.007674710353479448,0.0038521371953478037,0.058175865560770035
IMD2020__00032_fake.png,IMD2020,0.0,0.0,0.11706139892339706
IMD2020__00035_fake.png,IMD2020,0.001813647698934482,0.0009076469253460404,0.10247605293989182
IMD2020__00036_fake.png,IMD2020,0.009909526710887833,0.004979435278894589,0.14371713995933533
IMD2020__00037_fake.png,IMD2020,0.0,0.0,0.048517849296331406
IMD2020__00041_fake.png,IMD2020,0.04057675130789843,0.02070851784318833,0.30796751379966736
IMD2020__00044_fake.png,IMD2020,0.051686483863140016,0.026528832980445883,0.11192161589860916
IMD2020__00047_fake_01.png,IMD2020,0.0,0.0,0.02372032031416893
IMD2020__00047_fake_02.png,IMD2020,0.09915140687807057,0.052161654135338346,0.11549407243728638
IMD2020__00050_fake.png,IMD2020,0.0,0.0,0.028881153091788292
IMD2020__00056_fake.png,IMD2020,0.0,0.0,0.012950812466442585
IMD2020__00057_fake.png,IMD2020,0.5677445270134566,0.3963989230424052,0.13715259730815887
IMD2020__00059_fake.png,IMD2020,0.0,0.0,0.060984060168266296
IMD2020__00064_fake.png,IMD2020,0.005179515113289948,0.002596481815046181,0.3292291462421417
IMD2020__00065_fake.png,IMD2020,0.0,0.0,0.02483506128191948
IMD2020__00073_fake.png,IMD2020,0.0,0.0,0.05740026757121086
IMD2020__00076_fake.png,IMD2020,0.0,0.0,0.14164532721042633
IMD2020__00079_fake.png,IMD2020,0.0,0.0,0.12271328270435333
IMD2020__00087_fake.png,IMD2020,0.0,0.0,0.02999616414308548
IMD2020__00088_fake.png,IMD2020,0.0,0.0,0.2605273425579071
IMD2020__00089_fake.png,IMD2020,0.0,0.0,0.027676399797201157
IMD2020__00090_fake.png,IMD2020,0.035590408686472626,0.01811761093198219,0.37345248460769653
IMD2020__00095_fake.png,IMD2020,0.15086846007201865,0.08158881984020161,0.15149977803230286
IMD2020__00097_fake.png,IMD2020,0.48077685295283396,0.3164623010696582,0.022608039900660515
IMD2020__00099_fake.png,IMD2020,0.0,0.0,0.31031569838523865
IMD2020__00104_fake.png,IMD2020,0.616329737838417,0.44543107898812595,0.10396836698055267
IMD2020__00107_fake.png,IMD2020,0.0,0.0,0.036065369844436646
IMD2020__00109_fake.png,IMD2020,0.08810940599227476,0.04608496232390521,0.041895754635334015
IMD2020__c8swtoq_0.png,IMD2020,0.0,0.0,0.006025270093232393
IMD2020__c8t64te_0.png,IMD2020,0.0,0.0,0.0715842917561531
IMD2020__c8t9rsw_0.png,IMD2020,0.0,0.0,0.01010435726493597
IMD2020__c8tf5mq_0.png,IMD2020,0.016389273503065925,0.00826234365651443,0.1377171277999878
IMD2020__c8tt7fg_0.png,IMD2020,0.17458586927758665,0.0956417868905692,0.10476771742105484
IMD2020__c8ttni9_0.png,IMD2020,0.8112002858296006,0.6823691797366341,0.03982090950012207
IMD2020__c8ttxcu_0.png,IMD2020,0.13351883561643835,0.07153505653540057,0.10928694158792496
IMD2020__c8ttxi0_0.png,IMD2020,0.01781662885359669,0.008988385793637435,0.11797944456338882
IMD2020__c8tvsnn_0.png,IMD2020,0.4802803779779069,0.31603222793087343,0.08025408536195755
IMD2020__c8twn73_0.png,IMD2020,0.07125447399047012,0.03694342930655646,0.11297399550676346
IMD2020__c8twvej_0.png,IMD2020,0.14408883795803662,0.07763778833007454,0.10757623612880707
IMD2020__c8tx1h1_0.png,IMD2020,0.0402572816641197,0.02054212590635584,0.11128316819667816
IMD2020__c8txu5x_0.png,IMD2020,0.025953760694589854,0.013147493801220163,0.19443339109420776
IMD2020__c8ty2bs_0.png,IMD2020,0.08483741142194019,0.04429775932754042,0.06197783350944519
IMD2020__c8tzqf0_0.png,IMD2020,0.0,0.0,0.07115907222032547
IMD2020__c8u0rrz_0.png,IMD2020,0.2871562419682703,0.16764882413924811,0.10500268638134003
IMD2020__c8u0wl4_0.png,IMD2020,0.47812036340724784,0.31416437404845216,0.08706441521644592
IMD2020__c8u4gpd_0.png,IMD2020,0.014747837637930774,0.007428697430750397,0.6373385787010193
IMD2020__c8u86mv_0.png,IMD2020,0.18835753296922872,0.10397058823529412,0.017832908779382706
IMD2020__c8ua0at_0.png,IMD2020,0.0,0.0,0.12223412096500397
IMD2020__c8uaap3_0.png,IMD2020,0.0,0.0,0.011112283915281296
IMD2020__c8uaesm_0.png,IMD2020,0.011509433962264152,0.005788025429357624,0.01509544625878334
IMD2020__c8ubux0_0.png,IMD2020,0.0377207062600321,0.019222903885480574,0.020779356360435486
IMD2020__c8uc2z3_0.png,IMD2020,0.0,0.0,0.05212318152189255
IMD2020__c8ucm3b_0.png,IMD2020,0.1641945885321744,0.08944008308641598,0.04004889354109764
IMD2020__c8ue2m3_0.png,IMD2020,0.049536544598085396,0.025397320037394828,0.08054086565971375
IMD2020__c8uefj0_0.png,IMD2020,0.0,0.0,0.1678995043039322
IMD2020__c8uf70a_0.png,IMD2020,0.0,0.0,0.07090169191360474
IMD2020__c8ufqah_0.png,IMD2020,0.2609260276709455,0.15003733700959274,0.04509253799915314
IMD2020__c8ufr4g_0.png,IMD2020,0.034080578712210596,0.01733569460842188,0.12577439844608307
IMD2020__c8uiddx_0.png,IMD2020,0.0,0.0,0.004433241672813892
IMD2020__c8uiv5e_0.png,IMD2020,0.045732908355119437,0.02340156499111217,0.1348169595003128
IMD2020__c8uka8j_0.png,IMD2020,0.04656625935398314,0.023838156567615797,0.12422675639390945
IMD2020__c8ulbmf_0.png,IMD2020,0.0,0.0,0.22149908542633057
IMD2020__c8umnyd_0.png,IMD2020,0.3003907558334264,0.1767410696690621,0.03739647567272186
IMD2020__c8uopdm_0.png,IMD2020,0.0,0.0,0.05184457451105118
IMD2020__c8v1094_0.png,IMD2020,0.0508954991434356,0.02611224750703145,0.09909944981336594
IMD2020__c8v26qj_0.png,IMD2020,0.0,0.0,0.028363171964883804
IMD2020__c8v2pbm_0.png,IMD2020,0.0,0.0,0.07453880459070206
IMD2020__c8v2xno_0.png,IMD2020,0.08808039031955799,0.046069086730210235,0.0873970165848732
IMD2020__c8v3tc5_0.png,IMD2020,0.016047297297297296,0.008088548318433376,0.1731872856616974
IMD2020__c8v3xty_0.png,IMD2020,0.039005798159185825,0.019890827888512118,0.07693934440612793
IMD2020__c8v5c8j_0.png,IMD2020,0.0,0.0,0.04941253736615181
IMD2020__c8v70y3_0.png,IMD2020,0.0,0.0,0.01914936490356922
IMD2020__c8vcovx_0.png,IMD2020,0.0,0.0,0.0052430578507483006
IMD2020__c8vejd9_0.png,IMD2020,0.3912871287128713,0.24322993599212211,0.08490113914012909
IMD2020__c8vemkb_0.png,IMD2020,0.0,0.0,0.06677702069282532
IMD2020__c8venih_0.png,IMD2020,0.0,0.0,0.009563848376274109
IMD2020__c8vepqy_0.png,IMD2020,0.0,0.0,0.14883503317832947
IMD2020__c8vf42i_0.png,IMD2020,0.0,0.0,0.05935226380825043
IMD2020__c8vfd6x_0.png,IMD2020,0.020040539349607825,0.010121691755761886,0.13870644569396973
IMD2020__c8vgphr_0.png,IMD2020,0.0,0.0,0.13064983487129211
IMD2020__c8vi1sj_0.png,IMD2020,0.0,0.0,0.04376132786273956
IMD2020__c8viohc_0.png,IMD2020,0.0,0.0,0.0687347948551178
IMD2020__c8vizkp_0.png,IMD2020,0.0,0.0,0.0532231368124485
IMD2020__c8vjlk1_0.png,IMD2020,0.0,0.0,0.012722264043986797
IMD2020__c8vkb96_0.png,IMD2020,0.007764329755651975,0.003897294818890417,0.005558583419770002
IMD2020__c8vkbiq_0.png,IMD2020,0.0,0.0,0.1365060806274414
IMD2020__c8vkf28_0.png,IMD2020,0.1382704631036533,0.07426989815833362,0.028698448091745377
IMD2020__c8vklwm_0.png,IMD2020,0.012540134488398861,0.006309629042582376,0.08314830809831619
IMD2020__c8vm7al_0.png,IMD2020,0.006096623802448896,0.0030576325188211412,0.10038821399211884
IMD2020__c8vnyrx_0.png,IMD2020,0.005780587207851618,0.0028986716159572915,0.12562011182308197
IMD2020__c8vo3wv_0.png,IMD2020,0.1654406029113514,0.09018001988591763,0.05985304340720177
IMD2020__c8vol8v_0.png,IMD2020,0.0,0.0,0.03551696613430977
IMD2020__c8voq23_0.png,IMD2020,0.0,0.0,0.11020537465810776
IMD2020__c8vpmfd_0.png,IMD2020,0.0,0.0,0.02232414111495018
IMD2020__c8vqeqw_0.png,IMD2020,0.0,0.0,0.013450521044433117
IMD2020__c8vqhe0_0.png,IMD2020,0.0,0.0,0.17306120693683624
IMD2020__c8w0a7n_0.png,IMD2020,0.003096960312241478,0.0015508816656044189,0.08847736567258835
IMD2020__c8w0r2r_0.png,IMD2020,0.0,0.0,0.18921473622322083
IMD2020__c8w0y2v_0.png,IMD2020,0.0,0.0,0.07195057719945908
IMD2020__c8w2mlr_0.png,IMD2020,0.04821586731536866,0.02470348360146207,0.11110322177410126
IMD2020__c8w5v0p_0.png,IMD2020,0.0,0.0,0.08803682774305344
IMD2020__c8w9n2q_0.png,IMD2020,0.0,0.0,0.0756956934928894
IMD2020__c8wantc_0.png,IMD2020,0.029595578175450117,0.015020052659060357,0.07217231392860413
IMD2020__c8wars7_0.png,IMD2020,0.0,0.0,0.03114275261759758
IMD2020__c8wbo4v_0.png,IMD2020,0.12950908052173773,0.06923801616629169,0.17845824360847473
IMD2020__c8wc5ln_0.png,IMD2020,0.0,0.0,0.025064697489142418
IMD2020__c8wc6jq_0.png,IMD2020,0.4711094953534344,0.3081381524194507,0.07775013148784637
IMD2020__c8wc7vs_0.png,IMD2020,0.43175239367624135,0.2753088172653699,0.013577502220869064
IMD2020__c8wcbsq_0.png,IMD2020,0.14508003316115042,0.07821363495719737,0.47276023030281067
IMD2020__c8wcfx9_0.png,IMD2020,0.0024014321267956163,0.0012021595156390024,0.2636565566062927
IMD2020__c8wclzm_0.png,IMD2020,0.006148525314631569,0.0030837428929363013,0.027156740427017212
IMD2020__c8wcodr_0.png,IMD2020,0.014606400728044895,0.007356929494182449,0.3721970319747925
IMD2020__c8wcpg5_0.png,IMD2020,0.5058755315036723,0.33857656585517293,0.15381473302841187
IMD2020__c8wdsc1_0.png,IMD2020,0.0,0.0,0.06242077425122261
IMD2020__c8wrczy_0.png,IMD2020,0.34262522556562414,0.2067276700784554,0.13427717983722687
IMD2020__c8wrglm_0.png,IMD2020,0.0,0.0,0.03401784226298332
IMD2020__c8wrw4f_0.png,IMD2020,0.06400365213421594,0.03305980003772873,0.05813808739185333
IMD2020__c8wry2k_0.png,IMD2020,0.0,0.0,0.018848367035388947
IMD2020__c8wsol6_0.png,IMD2020,0.0,0.0,0.07368646562099457
IMD2020__c8wt4r2_0.png,IMD2020,0.1465914290071679,0.07909288394444079,0.05471241474151611
IMD2020__c8wtc5y_0.png,IMD2020,0.0005913995407216333,0.0002957872345781571,0.2134641855955124
IMD2020__c8wte77_0.png,IMD2020,0.0,0.0,0.042641494423151016
IMD2020__c8wtjmm_0.png,IMD2020,0.1937632986141549,0.10727458835571714,0.4389353394508362
IMD2020__c8wu4jn_0.png,IMD2020,0.000326557269981223,0.00016330529925696088,0.024581758305430412
IMD2020__c8wufvd_0.png,IMD2020,0.0,0.0,0.09981030225753784
IMD2020__c8wuvts_0.png,IMD2020,0.0,0.0,0.05031425505876541
IMD2020__c8wvegs_0.png,IMD2020,0.17083555082490687,0.09339540296770439,0.006135037634521723
IMD2020__c8wwgw2_0.png,IMD2020,0.0,0.0,0.02352174185216427
IMD2020__c8wwrie_0.png,IMD2020,0.0,0.0,0.010059305466711521
IMD2020__c8wx8en_0.png,IMD2020,0.006237075951489409,0.003128293678380015,0.06758482754230499
IMD2020__c8wxqdn_0.png,IMD2020,0.0,0.0,0.02491629309952259
IMD2020__c8wyxuh_0.png,IMD2020,0.06540302062635286,0.0338070519718934,0.7346897125244141
IMD2020__c8wz8qw_0.png,IMD2020,0.0,0.0,0.09481281787157059
IMD2020__c8wziyg_0.png,IMD2020,0.0,0.0,0.012952866964042187
IMD2020__c8x0x1t_0.png,IMD2020,0.0,0.0,0.11060825735330582
IMD2020__c8x1pe8_0.png,IMD2020,0.26026948602292643,0.14960333450032037,0.10926693677902222
IMD2020__c8x27kq_0.png,IMD2020,0.0,0.0,0.014647903852164745
IMD2020__c8x2s20_0.png,IMD2020,0.0,0.0,0.005525331012904644
IMD2020__c8x3rcx_0.png,IMD2020,0.02644303925878335,0.013398670413268454,0.01295123528689146
IMD2020__c8x9xkj_0.png,IMD2020,0.02868308824578169,0.01455021669765793,0.22052648663520813
IMD2020__c8xa1qd_0.png,IMD2020,0.002323723767337158,0.0011632133769538349,0.08949435502290726
IMD2020__c8xanp8_0.png,IMD2020,0.016628330458117693,0.008383870110415812,0.2649610638618469
IMD2020__c8xariv_0.png,IMD2020,0.06695598264104154,0.03463758819756254,0.1012379378080368
IMD2020__c8xbjz3_0.png,IMD2020,0.0064660791573238775,0.0032435260266806174,0.1682145595550537
IMD2020__c8xd6bv_0.png,IMD2020,0.0,0.0,0.05235860124230385
IMD2020__c8xdawa_0.png,IMD2020,0.0,0.0,0.06315247714519501
IMD2020__c8xfpsi_0.png,IMD2020,0.1377228173208156,0.07395398418761659,0.22165118157863617
IMD2020__c8xgdhj_0.png,IMD2020,0.020732924568658207,0.010475051510741611,0.2325497716665268
IMD2020__c8xgnf4_0.png,IMD2020,0.025904338976778612,0.013122129534164402,0.02717701904475689
IMD2020__c8xhzdr_0.png,IMD2020,0.07347670250896057,0.03813953488372093,0.04412392899394035
IMD2020__c8xkcsl_0.png,IMD2020,0.0,0.0,0.18706114590168
IMD2020__c8xtrds_0.png,IMD2020,0.0,0.0,0.05038578063249588
IMD2020__c8xujpn_0.png,IMD2020,0.01585772984078069,0.007992234266299952,0.09165946394205093
IMD2020__c8y2qcw_0.png,IMD2020,0.0,0.0,0.03736070543527603
IMD2020__c8y2vvo_0.png,IMD2020,0.020425531914893616,0.010318142734307825,0.19654560089111328
IMD2020__c8y31sd_0.png,IMD2020,0.0,0.0,0.037485137581825256
IMD2020__c8y3utt_0.png,IMD2020,0.03519728529655969,0.01791390302607162,0.09136968106031418
IMD2020__c8y55d9_0.png,IMD2020,0.0,0.0,0.13133202493190765
IMD2020__c8y5f1t_0.png,IMD2020,0.008268997139162126,0.004151663616866379,0.08832567930221558
IMD2020__c8y9zbo_0.png,IMD2020,0.0,0.0,0.11785107105970383
IMD2020__c8yaujz_0.png,IMD2020,0.0,0.0,0.04196799546480179
IMD2020__c8yb71t_0.png,IMD2020,0.0,0.0,0.03327539190649986
IMD2020__c8ybsvm_0.png,IMD2020,0.21681739946800188,0.12159012733935165,0.22572144865989685
IMD2020__c8yc2ry_0.png,IMD2020,0.0,0.0,0.18065908551216125
IMD2020__c8ydsfu_0.png,IMD2020,0.12151817304599549,0.06468956542584157,0.04724612087011337
IMD2020__c8ye71b_0.png,IMD2020,0.0,0.0,0.0320441797375679
IMD2020__c8yea0e_0.png,IMD2020,0.0,0.0,0.02392759919166565
IMD2020__c8yfhte_0.png,IMD2020,0.0,0.0,0.07315599173307419
IMD2020__c8yh8v9_0.png,IMD2020,0.09290903087336966,0.04871767124770047,0.25494298338890076
IMD2020__c8yhi3a_0.png,IMD2020,0.0,0.0,0.05902620032429695
IMD2020__c8yhtxf_0.png,IMD2020,0.26353387654872196,0.1517644790126631,0.13251148164272308
IMD2020__c8yib78_0.png,IMD2020,0.1468486949140553,0.07924269028170089,0.03937051072716713
IMD2020__c8yipuf_0.png,IMD2020,0.17957442486415112,0.09864420018970038,0.09278394281864166
IMD2020__c8yiqdr_0.png,IMD2020,0.008946044171093095,0.004493119910137602,0.08885093033313751
IMD2020__c8yj464_0.png,IMD2020,0.057536376763301124,0.029620311070448307,0.06895676255226135
IMD2020__c8yjs3y_0.png,IMD2020,0.06033939194560956,0.031108221559509843,0.3274388909339905
IMD2020__c8yjscj_0.png,IMD2020,0.0,0.0,0.017601681873202324
IMD2020__c8yjv4u_0.png,IMD2020,0.0,0.0,0.034897029399871826
IMD2020__c8ynnae_0.png,IMD2020,0.35866837673562707,0.21852279676564518,0.036035314202308655
IMD2020__c8ypb15_0.png,IMD2020,0.014662232235453992,0.007385258303912385,0.09959855675697327
IMD2020__c8yqawk_0.png,IMD2020,0.4489925097584133,0.2894844238879064,0.09780950844287872
IMD2020__c8yv0ld_0.png,IMD2020,0.16028077574008823,0.08712241173897962,0.17997418344020844
IMD2020__c8yvmji_0.png,IMD2020,0.0,0.0,0.0816521942615509
IMD2020__c8z0zg4_0.png,IMD2020,0.13468181629000708,0.07220313266990941,0.058109574019908905
IMD2020__c8z1qqq_0.png,IMD2020,0.0,0.0,0.05219702795147896
IMD2020__c8z1ubs_0.png,IMD2020,0.0,0.0,0.05791401490569115
IMD2020__c8z27jg_0.png,IMD2020,0.08790989372033291,0.04597581119823805,0.22986000776290894
IMD2020__c8z2itj_0.png,IMD2020,0.0,0.0,0.08990677446126938
IMD2020__c8z31h1_0.png,IMD2020,0.42352681831333266,0.26865462935449475,0.1806003451347351
IMD2020__c8z3et9_0.png,IMD2020,0.31795779196630247,0.18903080460626145,0.1992105096578598
IMD2020__c8z3l9n_0.png,IMD2020,0.035499420798923806,0.018070455755915697,0.24133044481277466
IMD2020__c8z3m7v_0.png,IMD2020,0.059203253585904766,0.03050461296129613,0.23503364622592926
IMD2020__c8z3q6p_0.png,IMD2020,0.05611426053884436,0.028867057049556426,0.23750877380371094
IMD2020__c8z4ldo_0.png,IMD2020,0.05059456619448902,0.02595384485808136,0.2625657320022583
IMD2020__c8z4o30_0.png,IMD2020,0.015237783501158553,0.00767738491517553,0.25574856996536255
IMD2020__c8z50ak_0.png,IMD2020,0.04601362142712904,0.0235485886348583,0.23577970266342163
IMD2020__c8z82ta_0.png,IMD2020,0.052766170892170165,0.02709801468288285,0.23789389431476593
IMD2020__c8zax0v_0.png,IMD2020,0.04864433811802233,0.024928483857785042,0.1315031796693802
IMD2020__c8zb000_0.png,IMD2020,0.0,0.0,0.017851775512099266
IMD2020__c8zefoe_0.png,IMD2020,0.200260296402032,0.11127181114117757,0.06506548076868057
IMD2020__c8zepg5_0.png,IMD2020,0.07774455360956856,0.04044444444444444,0.23324649035930634
IMD2020__c8zexo2_0.png,IMD2020,0.010410983815239134,0.005232730845691566,0.1911155730485916
IMD2020__c8zezwq_0.png,IMD2020,0.02698788688438093,0.013678520625889047,0.11306362599134445
IMD2020__c8zf0hg_0.png,IMD2020,0.10794562935130954,0.057052075789080205,0.12267612665891647
IMD2020__c8zg45r_0.png,IMD2020,0.0,0.0,0.02152247726917267
IMD2020__c8zijis_0.png,IMD2020,0.0,0.0,0.07891403138637543
IMD2020__c8zj217_0.png,IMD2020,0.025278810408921933,0.012801204819277108,0.22572682797908783
IMD2020__c8zj234_0.png,IMD2020,0.0,0.0,0.11216867715120316
IMD2020__c8zjhlp_0.png,IMD2020,0.0,0.0,0.16107837855815887
IMD2020__c8zjp3h_0.png,IMD2020,0.0,0.0,0.008954253047704697
IMD2020__c8zkjgp_0.png,IMD2020,0.0,0.0,0.021308893337845802
IMD2020__c8zmf37_0.png,IMD2020,0.09825540823447314,0.0516659327755761,0.047966133803129196
IMD2020__c8zp10g_0.png,IMD2020,0.0,0.0,0.1322503685951233
IMD2020__c8zpxv6_0.png,IMD2020,0.03774151352046834,0.01923371145061526,0.09882719814777374
IMD2020__c8zqh4c_0.png,IMD2020,0.0,0.0,0.05986667051911354
IMD2020__c8zsg4j_0.png,IMD2020,0.0,0.0,0.1173032894730568
IMD2020__c8zsnr4_0.png,IMD2020,0.2667418052033437,0.15389617427116073,0.07973424345254898
IMD2020__c8zstoa_0.png,IMD2020,0.0,0.0,0.03160184994339943
IMD2020__c8zt718_0.png,IMD2020,0.06681106806186889,0.034560030299204646,0.14854960143566132
IMD2020__c8zta7f_0.png,IMD2020,0.0,0.0,0.044331006705760956
IMD2020__c8ztmnk_0.png,IMD2020,0.00010390689941812137,5.195614901023536e-05,0.14746850728988647
IMD2020__c8zttpz_0.png,IMD2020,0.003154866846061056,0.0015799256505576208,0.13325481116771698
IMD2020__c8ztu03_0.png,IMD2020,0.0,0.0,0.007529689464718103
IMD2020__c8zu1fj_0.png,IMD2020,0.0,0.0,0.024589020758867264
IMD2020__c8zuhhz_0.png,IMD2020,0.04262877442273535,0.021778584392014518,0.04642179608345032
IMD2020__c8zv3tl_0.png,IMD2020,0.003022360747089797,0.001513467495920732,0.13301394879817963
IMD2020__c8zvzmp_0.png,IMD2020,0.01434167609119667,0.007222630358159922,0.07401520013809204
IMD2020__c8zw8i7_0.png,IMD2020,0.01200647968745037,0.0060394963890841695,0.2545909583568573
IMD2020__c8zwpv6_0.png,IMD2020,0.18311722677957132,0.1007864841246723,0.022979481145739555
IMD2020__c8zymv9_0.png,IMD2020,0.05894759909058537,0.030368886003782,0.05670211836695671
IMD2020__c9026js_0.png,IMD2020,0.03483404534998357,0.017725752508361205,0.20233364403247833
IMD2020__c90580v_0.png,IMD2020,0.0,0.0,0.035151511430740356
IMD2020__c908vvn_0.png,IMD2020,0.0,0.0,0.025060705840587616
IMD2020__c908yxz_0.png,IMD2020,0.0,0.0,0.038400016725063324
IMD2020__c909zbe_0.png,IMD2020,0.003054852939379498,0.0015297630702956727,0.0476217195391655
IMD2020__c90c2o3_0.png,IMD2020,0.11859188863605943,0.06303357996585088,0.025945274159312248
IMD2020__c90c412_0.png,IMD2020,0.0,0.0,0.023402482271194458
IMD2020__c90ciwt_0.png,IMD2020,0.0,0.0,0.03800955042243004
IMD2020__c90cmeo_0.png,IMD2020,0.0,0.0,0.012069636955857277
IMD2020__c90coip_0.png,IMD2020,0.0,0.0,0.02214396558701992
IMD2020__c90cqnr_0.png,IMD2020,0.10580564124351183,0.055857858912097984,0.16392868757247925
IMD2020__c90d7x7_0.png,IMD2020,0.0,0.0,0.032484546303749084
IMD2020__c90d9fr_0.png,IMD2020,0.10085239320347177,0.053104030904469315,0.0818568617105484
IMD2020__c90dflh_0.png,IMD2020,0.08958925342288815,0.04689528342708784,0.07555051892995834
IMD2020__c90do08_0.png,IMD2020,0.01851590504953569,0.009344463120708812,0.13572683930397034
IMD2020__c90dujh_0.png,IMD2020,0.0,0.0,0.005882407538592815
IMD2020__c90dutg_0.png,IMD2020,0.021948680816400418,0.011096112928687455,0.16974185407161713
IMD2020__c90ef5n_0.png,IMD2020,0.0,0.0,0.15623097121715546
IMD2020__c90eken_0.png,IMD2020,0.0,0.0,0.026123732328414917
IMD2020__c90fxcd_0.png,IMD2020,0.018029693346820565,0.009096853412131135,0.06397455930709839
IMD2020__c90g14e_0.png,IMD2020,0.04807908335205572,0.024631675874769797,0.07363356649875641
IMD2020__c90g2uu_0.png,IMD2020,0.03035704997564816,0.015412463449414951,0.0799960345029831
IMD2020__c90hy8l_0.png,IMD2020,0.0,0.0,0.02246853895485401
IMD2020__c90i4n3_0.png,IMD2020,0.08329181199136355,0.04345565616741042,0.038856931030750275
IMD2020__c90jgir_0.png,IMD2020,0.0,0.0,0.00686637032777071
IMD2020__c90k1ai_0.png,IMD2020,2.007649143235728e-05,1.0038346483567226e-05,0.3207203149795532
IMD2020__c90lr6w_0.png,IMD2020,0.1858165858165858,0.10242436589589488,0.025016648694872856
IMD2020__c90mtx6_0.png,IMD2020,0.0,0.0,0.014753276482224464
IMD2020__c90n1qm_0.png,IMD2020,0.0,0.0,0.09272240847349167
IMD2020__c90nr8m_0.png,IMD2020,0.03828426602217921,0.019515705236532527,0.09729146212339401
IMD2020__c90o4ei_0.png,IMD2020,0.0,0.0,0.18308304250240326
IMD2020__c90o79c_0.png,IMD2020,0.0,0.0,0.013967293314635754
IMD2020__c90oh9u_0.png,IMD2020,0.07441310168752724,0.03864437473725059,0.2606666088104248
IMD2020__c90okur_0.png,IMD2020,0.157187480346324,0.08529759737895887,0.311838299036026
IMD2020__c90omlo_0.png,IMD2020,0.0,0.0,0.01332694198936224
IMD2020__c90os5y_0.png,IMD2020,0.07995269848569457,0.0416410045849586,0.07444804906845093
IMD2020__c90prjy_0.png,IMD2020,0.0,0.0,0.016395943239331245
IMD2020__c90pt3k_0.png,IMD2020,0.061783279757426535,0.03187635268655312,0.04117041453719139
IMD2020__c90pv3g_0.png,IMD2020,0.0,0.0,0.031190000474452972
IMD2020__c90q0i2_0.png,IMD2020,0.1384630218879568,0.07438102144411064,0.01833128184080124
IMD2020__c90q79y_0.png,IMD2020,0.0,0.0,0.012402472086250782
IMD2020__c90ra8t_0.png,IMD2020,0.2341597432273574,0.13260528087366294,0.09079819172620773
IMD2020__c90rlp6_0.png,IMD2020,0.18227772821885221,0.10027809586127924,0.0190462414175272
IMD2020__c90s0h8_0.png,IMD2020,0.16173143382809974,0.08798030755913819,0.1412065327167511
IMD2020__c90sb3t_0.png,IMD2020,0.0,0.0,0.06382008641958237
IMD2020__c90sp6y_0.png,IMD2020,0.5933943380040034,0.421862611559495,0.028386015444993973
IMD2020__c90xtlr_0.png,IMD2020,0.0,0.0,0.09858544170856476
IMD2020__c90yb6c_0.png,IMD2020,0.0048682654233162485,0.0024400721711487243,0.15998783707618713
IMD2020__c90z7wb_0.png,IMD2020,0.006199206199206199,0.003109240511128806,0.15596327185630798
IMD2020__c90zh16_0.png,IMD2020,0.025210974188764522,0.012766413960806751,0.09708711504936218
IMD2020__c90zhs7_0.png,IMD2020,0.048652026423852884,0.024932522073287892,0.06984680145978928
IMD2020__c90znhl_0.png,IMD2020,0.0,0.0,0.04030260443687439
IMD2020__c90znpe_0.png,IMD2020,0.0,0.0,0.06364772468805313
IMD2020__c910bn6_0.png,IMD2020,0.03506766315608968,0.017846753548987664,0.06762921065092087
IMD2020__c910i2y_0.png,IMD2020,0.0,0.0,0.10545454174280167
IMD2020__c910wxp_0.png,IMD2020,0.0,0.0,0.06588814407587051
IMD2020__c911e7z_0.png,IMD2020,0.0,0.0,0.07396618276834488
IMD2020__c911vlp_0.png,IMD2020,0.0,0.0,0.01313385833054781
IMD2020__c912un2_0.png,IMD2020,0.0,0.0,0.047910138964653015
IMD2020__c912yu8_0.png,IMD2020,0.0,0.0,0.05636662244796753
IMD2020__c9132um_0.png,IMD2020,0.0,0.0,0.08162569254636765
IMD2020__c91338s_0.png,IMD2020,0.0,0.0,0.029649263247847557
IMD2020__c91416c_0.png,IMD2020,0.0,0.0,0.07742150127887726
IMD2020__c9163k4_0.png,IMD2020,0.00048223758238225364,0.0002411769434842029,0.04168553277850151
IMD2020__c91681h_0.png,IMD2020,0.0,0.0,0.07241593301296234
IMD2020__c9187tg_0.png,IMD2020,0.015383300572600633,0.007751270347084661,0.031091533601284027
IMD2020__c919ztm_0.png,IMD2020,0.007587298742420169,0.003808095952023988,0.05416072905063629
IMD2020__c91g0zs_0.png,IMD2020,0.0,0.0,0.04229840263724327
IMD2020__c91g223_0.png,IMD2020,0.07613833918993897,0.039575786939836495,0.04171277955174446
IMD2020__c91gqec_0.png,IMD2020,0.0489481169690642,0.02508806526099341,0.16228970885276794
IMD2020__c91gxlz_0.png,IMD2020,0.05585996834813867,0.028732481939933406,0.42258062958717346
IMD2020__c91h0oh_0.png,IMD2020,0.16953043858530276,0.09261581954647713,0.11309872567653656
IMD2020__c91h8oi_0.png,IMD2020,0.4778347070617064,0.31391775208546757,0.04808582365512848
IMD2020__c91hclm_0.png,IMD2020,0.023301881001936243,0.011788285109386027,0.22349318861961365
IMD2020__c91js2j_0.png,IMD2020,0.04243808083305458,0.021679049034175335,0.12454221397638321
IMD2020__c91kvfk_0.png,IMD2020,0.20001057883879614,0.1111176412968949,0.09395202994346619
IMD2020__c91lgra_0.png,IMD2020,0.0,0.0,0.051942288875579834
IMD2020__c91lxbv_0.png,IMD2020,0.0,0.0,0.01244540698826313
IMD2020__c91mttb_0.png,IMD2020,0.29924520621886364,0.1759484714157874,0.18435651063919067
IMD2020__c91nl9x_0.png,IMD2020,0.07172439284604205,0.03719613139322123,0.3861181437969208
IMD2020__c91o1ca_0.png,IMD2020,0.043121592283853434,0.02203590785907859,0.12048037350177765
IMD2020__c91o8wl_0.png,IMD2020,0.0,0.0,0.10206130146980286
IMD2020__c91oecj_0.png,IMD2020,0.16895338370475438,0.09227148134906447,0.07434681802988052
IMD2020__c91ot4e_0.png,IMD2020,0.3604810676185022,0.21987002437043054,0.04783731698989868
IMD2020__c91pkp5_0.png,IMD2020,0.0,0.0,0.11596200615167618
IMD2020__c91qncg_0.png,IMD2020,0.0,0.0,0.054908543825149536
IMD2020__c91s2tg_0.png,IMD2020,0.0,0.0,0.3538581132888794
IMD2020__c91t61z_0.png,IMD2020,0.0,0.0,0.01792789250612259
IMD2020__c91tgga_0.png,IMD2020,0.24940972768770658,0.14247178887739964,0.08822350203990936
IMD2020__c91ujvf_0.png,IMD2020,0.09444432810504053,0.04956261813706097,0.03108268603682518
IMD2020__c91wof4_0.png,IMD2020,0.42338369882611165,0.2685394655065258,0.09913873672485352
IMD2020__c91x9y7_0.png,IMD2020,0.054729396759138474,0.02813459303191965,0.025994455441832542
IMD2020__c91z2wh_0.png,IMD2020,0.0,0.0,0.09756062924861908
IMD2020__c923dj8_0.png,IMD2020,0.07996963836379894,0.04165019468528136,0.14541679620742798
IMD2020__c925i21_0.png,IMD2020,0.0,0.0,0.1233459860086441
IMD2020__c9266q1_0.png,IMD2020,0.0,0.0,0.02318151481449604
IMD2020__c926it4_0.png,IMD2020,0.0,0.0,0.05740394443273544
IMD2020__c928dvs_0.png,IMD2020,0.049941521878052016,0.025610268839809068,0.07455354183912277
IMD2020__c928p9k_0.png,IMD2020,0.33245660178853237,0.19936908517350158,0.0775555819272995
IMD2020__c928z82_0.png,IMD2020,0.14345893334220183,0.07727215730296824,0.2951434254646301
IMD2020__c929k2x_0.png,IMD2020,0.0026535084450142366,0.001328516837831383,0.0203233752399683
IMD2020__c929r39_0.png,IMD2020,0.02533181645809632,0.012828391457981257,0.057997796684503555
IMD2020__c92a3eh_0.png,IMD2020,0.0,0.0,0.011263384483754635
IMD2020__c92ai3g_0.png,IMD2020,0.01557253394325758,0.007847368679189759,0.07926085591316223
IMD2020__c92ansy_0.png,IMD2020,0.0,0.0,0.09079555422067642
IMD2020__c92atfy_0.png,IMD2020,0.013904301847379072,0.007000821692686935,0.26954466104507446
IMD2020__c92b5tv_0.png,IMD2020,0.0,0.0,0.025389323011040688
IMD2020__c92be1o_0.png,IMD2020,0.0,0.0,0.06988812983036041
IMD2020__c92cabj_0.png,IMD2020,0.025144900993299003,0.012732529594675687,0.09814488887786865
IMD2020__c92cbi6_0.png,IMD2020,0.0,0.0,0.009103215299546719
IMD2020__c92cltu_0.png,IMD2020,0.0,0.0,0.059337928891181946
IMD2020__c92coio_0.png,IMD2020,0.0,0.0,0.11427101492881775
IMD2020__c92df1g_0.png,IMD2020,0.0,0.0,0.011354926973581314
IMD2020__c92dfhw_0.png,IMD2020,0.0,0.0,0.24233725666999817
IMD2020__c92dgp0_0.png,IMD2020,0.15535357035963518,0.08421861656703672,0.287484347820282
IMD2020__c92dxhr_0.png,IMD2020,0.062048071096748134,0.032017342727310626,0.1630568951368332
IMD2020__c92dy1z_0.png,IMD2020,0.12031027764829622,0.06400539206958822,0.16894900798797607
IMD2020__c92ebc2_0.png,IMD2020,0.0003931680498537087,0.000196622677804249,0.21713265776634216
IMD2020__c92eu2z_0.png,IMD2020,0.20391286160182773,0.11353171972696491,0.03498093783855438
IMD2020__c92fby0_0.png,IMD2020,0.152497697102137,0.08254262896611267,0.15168100595474243
IMD2020__c92glob_0.png,IMD2020,0.0,0.0,0.003313877386972308
IMD2020__c92gt3h_0.png,IMD2020,0.03603779369547646,0.018349535230256155,0.1162276566028595
IMD2020__c92gvqy_0.png,IMD2020,0.0,0.0,0.4441235661506653
IMD2020__c92hrf9_0.png,IMD2020,0.06870018547295603,0.03557199403023814,0.0946924090385437
IMD2020__c92hsr5_0.png,IMD2020,0.0,0.0,0.010733290575444698
IMD2020__c92jm4u_0.png,IMD2020,0.0,0.0,0.012712894938886166
IMD2020__c92lydr_0.png,IMD2020,0.0,0.0,0.01216454990208149
IMD2020__c92m6qm_0.png,IMD2020,0.09347608682863698,0.049029590545836034,0.08417169749736786
IMD2020__c92n9gt_0.png,IMD2020,0.0,0.0,0.019825059920549393
IMD2020__c92nwb3_0.png,IMD2020,0.00641942166846605,0.0032200462515734316,0.020216118544340134
IMD2020__c92onbn_0.png,IMD2020,0.0,0.0,0.02349095419049263
IMD2020__c92p68x_0.png,IMD2020,0.0,0.0,0.02997160516679287
IMD2020__c92pqca_0.png,IMD2020,0.024217775107454823,0.012257309941520468,0.11180931329727173
IMD2020__c92psdg_0.png,IMD2020,0.0,0.0,0.03567948564887047
IMD2020__c92q0xi_0.png,IMD2020,0.0,0.0,0.0839068591594696
IMD2020__c92q0yd_0.png,IMD2020,0.014911050417066508,0.007511527591848877,0.12977899610996246
IMD2020__c92q18a_0.png,IMD2020,0.019882196078930537,0.01004091576751616,0.3323454260826111
IMD2020__c92q42b_0.png,IMD2020,0.0,0.0,0.022818192839622498
IMD2020__c92q4n1_0.png,IMD2020,0.069373439543455,0.03593312190165348,0.07808023691177368
IMD2020__c92qfqu_0.png,IMD2020,0.0,0.0,0.061377402395009995
IMD2020__c92qgq8_0.png,IMD2020,0.03396961702274413,0.017278276733090094,0.1329624503850937
IMD2020__c92qhl9_0.png,IMD2020,0.17163096355722454,0.09387107314568455,0.05389442667365074
IMD2020__c92qjd8_0.png,IMD2020,0.0,0.0,0.13103516399860382
IMD2020__c92qres_0.png,IMD2020,0.0,0.0,0.06037762761116028
IMD2020__c92qw48_0.png,IMD2020,0.0,0.0,0.025155652314424515
IMD2020__c92qy35_0.png,IMD2020,0.04670521007275138,0.02391098891657359,0.24759581685066223
IMD2020__c92rwnu_0.png,IMD2020,0.6511367871785315,0.4827300359215253,0.014695093967020512
IMD2020__c92s0oq_0.png,IMD2020,0.0,0.0,0.02895507961511612
IMD2020__c92s1zk_0.png,IMD2020,0.11169740057764942,0.05915227814218902,0.05914321914315224
IMD2020__c92slcj_0.png,IMD2020,0.13640894204755802,0.07319682151589242,0.05229371413588524
IMD2020__c92sqgw_0.png,IMD2020,0.04731394775751602,0.024230186774356385,0.008731220848858356
IMD2020__c92urd0_0.png,IMD2020,0.0,0.0,0.043951597064733505
IMD2020__c92us74_0.png,IMD2020,0.0,0.0,0.01429178100079298
IMD2020__c92uvo3_0.png,IMD2020,0.2357777483092428,0.1336440168370415,0.031549375504255295
IMD2020__c92v7b9_0.png,IMD2020,0.18210950375389123,0.1001762780156132,0.04279013350605965
IMD2020__c92va3t_0.png,IMD2020,0.0,0.0,0.007006040774285793
IMD2020__c92vi3h_0.png,IMD2020,0.07467940658788032,0.03878803709024422,0.011518931947648525
IMD2020__c92vzrm_0.png,IMD2020,0.07677638029941553,0.03992067251720234,0.1448667347431183
IMD2020__c92wjsi_0.png,IMD2020,0.0,0.0,0.010251359082758427
IMD2020__c92wo0u_0.png,IMD2020,0.0,0.0,0.04840914532542229
IMD2020__c92xk95_0.png,IMD2020,0.008016359918200409,0.0040243101182654405,0.022786101326346397
IMD2020__c92zq41_0.png,IMD2020,0.0,0.0,0.039086323231458664
IMD2020__c92zvkq_0.png,IMD2020,0.0,0.0,0.04809475317597389
IMD2020__c9306r3_0.png,IMD2020,0.0,0.0,0.02490525133907795
IMD2020__c930c3q_0.png,IMD2020,0.38305240659073075,0.23689846730473194,0.04748385027050972
IMD2020__c930hby_0.png,IMD2020,0.0,0.0,0.0004073863092344254
IMD2020__c933r08_0.png,IMD2020,0.15822459673276482,0.0859087359143144,0.034354232251644135
IMD2020__c934im7_0.png,IMD2020,0.0,0.0,0.07845937460660934
IMD2020__c9350xa_0.png,IMD2020,0.0,0.0,0.0612834207713604
IMD2020__c935hvo_0.png,IMD2020,0.017380621149433593,0.008766494131369833,0.25700071454048157
IMD2020__c935n1j_0.png,IMD2020,0.0,0.0,0.1835368424654007
IMD2020__c935pb2_0.png,IMD2020,0.15439659450001306,0.08365643130041035,0.1441909670829773
IMD2020__c936lfy_0.png,IMD2020,0.0,0.0,0.061554331332445145
IMD2020__c936xo5_0.png,IMD2020,0.0,0.0,0.018747849389910698
IMD2020__c938omt_0.png,IMD2020,0.0,0.0,0.032090924680233
IMD2020__c93czl5_0.png,IMD2020,0.21108812329465385,0.11799805571385472,0.10588937252759933
IMD2020__c93e2q1_0.png,IMD2020,0.20198877840119994,0.11234010999196688,0.14024856686592102
IMD2020__c93ewwm_0.png,IMD2020,0.00038402457757296467,0.00019204916458613405,0.006716045085340738
IMD2020__c93f747_0.png,IMD2020,0.0,0.0,0.06758743524551392
IMD2020__c93ft3o_0.png,IMD2020,0.0,0.0,0.23182907700538635
IMD2020__c93g8n1_0.png,IMD2020,0.02774870384343889,0.014069557919680103,0.08312968909740448
IMD2020__c93gd4c_0.png,IMD2020,0.0,0.0,0.06931469589471817
IMD2020__c93gg4y_0.png,IMD2020,0.007580748142818052,0.003804795670264606,0.19958537817001343
IMD2020__c93gtrk_0.png,IMD2020,0.07100048121090162,0.036806894205692255,0.05280086025595665
IMD2020__c93hbzp_0.png,IMD2020,0.38878083734261437,0.24129606099110545,0.04875246807932854
IMD2020__c93hgyn_0.png,IMD2020,0.07765438441642844,0.04039564154693104,0.26851415634155273
IMD2020__c93hwyp_0.png,IMD2020,0.02835430499450558,0.014381034618101892,0.3353145122528076
IMD2020__c93i12g_0.png,IMD2020,0.0,0.0,0.04019957035779953
IMD2020__c93idi8_0.png,IMD2020,0.07994506280580274,0.04163686218407248,0.07736664265394211
IMD2020__c93ie4w_0.png,IMD2020,0.05040874920551428,0.025856060435730827,0.15245366096496582
IMD2020__c93is7s_0.png,IMD2020,0.0,0.0,0.042792268097400665
IMD2020__c93j7x2_0.png,IMD2020,0.0,0.0,0.00544044328853488
IMD2020__c93k770_0.png,IMD2020,0.0,0.0,0.03336302191019058
IMD2020__c93kbyf_0.png,IMD2020,0.0,0.0,0.008994602598249912
IMD2020__c93l76u_0.png,IMD2020,0.00031832940727064365,0.0001591900410710306,0.19411535561084747
IMD2020__c93ls41_0.png,IMD2020,0.0016544117647058823,0.0008278907184251678,0.05603058263659477
IMD2020__c93me8y_0.png,IMD2020,0.032971067704508736,0.016761862097285998,0.13241823017597198
IMD2020__c93mz9d_0.png,IMD2020,0.0,0.0,0.18991437554359436
IMD2020__c93p653_0.png,IMD2020,0.008308439133681853,0.00417154909772674,0.03661211207509041
IMD2020__c93yj46_0.png,IMD2020,0.0,0.0,0.041806697845458984
IMD2020__c93yxq8_0.png,IMD2020,0.17554877275785738,0.09622004147692044,0.09204214811325073
IMD2020__c93z6zn_0.png,IMD2020,0.0,0.0,0.04213004931807518
IMD2020__c93zcf5_0.png,IMD2020,0.0,0.0,0.019853992387652397
IMD2020__c93zetz_0.png,IMD2020,0.0,0.0,0.031580980867147446
IMD2020__c940xti_0.png,IMD2020,0.3882102786825914,0.24085665366154882,0.053821664303541183
IMD2020__c9418yh_0.png,IMD2020,0.0,0.0,0.017227960750460625
IMD2020__c942gr7_0.png,IMD2020,0.004435008256664308,0.0022224323813126536,0.11029749363660812
IMD2020__c942wsd_0.png,IMD2020,0.0007063393960798164,0.0003532944709415298,0.04629150778055191
IMD2020__c944h7f_0.png,IMD2020,0.02096020393711939,0.010591097752969802,0.031758248805999756
IMD2020__c944m4x_0.png,IMD2020,0.0,0.0,0.06885100901126862
IMD2020__c946fyh_0.png,IMD2020,0.007402837754472548,0.0037151702786377707,0.15024901926517487
IMD2020__c9471hz_0.png,IMD2020,0.02412731520943432,0.01221096652388396,0.19556072354316711
IMD2020__c9479yq_0.png,IMD2020,0.22830228302283023,0.12886074234624764,0.051292166113853455
IMD2020__c947jvq_0.png,IMD2020,0.19061714797094964,0.10534926190838532,0.06908030807971954
IMD2020__c9482ja_0.png,IMD2020,0.0,0.0,0.05856293812394142
IMD2020__c948ak3_0.png,IMD2020,0.0,0.0,0.05512703210115433
IMD2020__c948hfr_0.png,IMD2020,0.03706084574750552,0.018880282492311197,0.04172705486416817
IMD2020__c948lks_0.png,IMD2020,0.0,0.0,0.10758227109909058
IMD2020__c948sr5_0.png,IMD2020,0.0,0.0,0.21629278361797333
IMD2020__c949b58_0.png,IMD2020,0.0,0.0,0.1627509891986847
IMD2020__c949n9f_0.png,IMD2020,0.013480095039518983,0.006785784026557313,0.039156362414360046
IMD2020__c949vtj_0.png,IMD2020,0.0,0.0,0.03447653353214264
IMD2020__c949wvr_0.png,IMD2020,0.0,0.0,0.030828094109892845
IMD2020__c949yvb_0.png,IMD2020,0.0,0.0,0.03758690878748894
IMD2020__c94a4qa_0.png,IMD2020,0.040278795038393385,0.02055332918601679,0.1320112943649292
IMD2020__c94amkh_0.png,IMD2020,0.0,0.0,0.027413781732320786
IMD2020__c94b087_0.png,IMD2020,0.00949007879248979,0.004767662140931601,0.2013981193304062
IMD2020__c94bbxr_0.png,IMD2020,0.2938247147102324,0.17221250198822968,0.13955748081207275
IMD2020__c94cmpk_0.png,IMD2020,0.0,0.0,0.0148404436185956
IMD2020__c94cpfe_0.png,IMD2020,0.01562597273236631,0.007874509803921568,0.17978863418102264
IMD2020__c94ctu2_0.png,IMD2020,0.0,0.0,0.037204496562480927
IMD2020__c94ddtu_0.png,IMD2020,0.0,0.0,0.0009460934670642018
IMD2020__c94dlao_0.png,IMD2020,0.0,0.0,0.03279895707964897
IMD2020__c94e0w4_0.png,IMD2020,0.0,0.0,0.02900933474302292
IMD2020__c94ei0s_0.png,IMD2020,0.0,0.0,0.015370883047580719
IMD2020__c94ejp7_0.png,IMD2020,0.04448458846110421,0.02274826789838337,0.010440764017403126
IMD2020__c94epq9_0.png,IMD2020,0.001488599119618203,0.0007448539542793938,0.21610324084758759
IMD2020__c94f1jd_0.png,IMD2020,0.0,0.0,0.015715911984443665
IMD2020__c94f69a_0.png,IMD2020,0.5272175890826384,0.35797384948007827,0.052907053381204605
IMD2020__c94fett_0.png,IMD2020,0.0,0.0,0.055198151618242264
IMD2020__c94frqx_0.png,IMD2020,0.01993364093524807,0.010067158024271146,0.12793438136577606
IMD2020__c94fuqy_0.png,IMD2020,0.08835168219262453,0.04621753978993492,0.1216045543551445
IMD2020__c94fusp_0.png,IMD2020,0.10556481867444768,0.05572363716376038,0.1217462494969368
IMD2020__c94fzwl_0.png,IMD2020,0.5797605552881256,0.4082132470315541,0.036789968609809875
IMD2020__c94gj9u_0.png,IMD2020,0.06713581984517945,0.03473385276341659,0.12998656928539276
IMD2020__c94gwuu_0.png,IMD2020,0.0,0.0,0.03309847414493561
IMD2020__c94gx14_0.png,IMD2020,0.0,0.0,0.03941992297768593
IMD2020__c94h2qf_0.png,IMD2020,0.0,0.0,0.017350057139992714
IMD2020__c94i3fa_0.png,IMD2020,0.0,0.0,0.08259392529726028
IMD2020__c94ilwx_0.png,IMD2020,0.0,0.0,0.05387059599161148
IMD2020__c94kqhs_0.png,IMD2020,0.0,0.0,0.0361478365957737
IMD2020__c94l7xc_0.png,IMD2020,0.0,0.0,0.19879114627838135
IMD2020__c94m47r_0.png,IMD2020,0.161497829611422,0.08784206633668999,0.03977411240339279
IMD2020__c94n3m0_0.png,IMD2020,0.02519250456224685,0.012756941940137035,0.32625889778137207
IMD2020__c94nt6e_0.png,IMD2020,0.0,0.0,0.3588687777519226
IMD2020__c94nvm9_0.png,IMD2020,0.0,0.0,0.010843969881534576
IMD2020__c94o4hp_0.png,IMD2020,0.0,0.0,0.0344468355178833
IMD2020__c94o5rb_0.png,IMD2020,0.0,0.0,0.06737016886472702
IMD2020__c94o928_0.png,IMD2020,0.028122339079004903,0.01426170580271696,0.5126109719276428
IMD2020__c94objl_0.png,IMD2020,0.0,0.0,0.10947413742542267
IMD2020__c94obyg_0.png,IMD2020,0.0,0.0,0.004401822108775377
IMD2020__c94odrd_0.png,IMD2020,0.0020294045443386703,0.0010157329386901413,0.14402112364768982
IMD2020__c94og9i_0.png,IMD2020,0.0,0.0,0.07309916615486145
IMD2020__c94ol6h_0.png,IMD2020,0.00646188509588708,0.003241415374793519,0.15195554494857788
IMD2020__c94onxp_0.png,IMD2020,0.0,0.0,0.01353423297405243
IMD2020__c94os8l_0.png,IMD2020,0.0,0.0,0.039989620447158813
IMD2020__c94otp8_0.png,IMD2020,0.1141514360313316,0.06053054217201086,0.08888739347457886
IMD2020__c94ouih_0.png,IMD2020,0.2106325231306313,0.11771339641153451,0.33306193351745605
IMD2020__c94ov3d_0.png,IMD2020,0.16033333333333333,0.0871534698314912,0.09383849054574966
IMD2020__c94ovkm_0.png,IMD2020,0.0474899632844937,0.02432251941935257,0.09788984805345535
IMD2020__c94oxzj_0.png,IMD2020,0.0022250703122218664,0.0011137742691413246,0.22057051956653595
IMD2020__c94oyfj_0.png,IMD2020,0.0,0.0,0.08974826335906982
IMD2020__c94p9wa_0.png,IMD2020,0.0,0.0,0.038278479129076004
IMD2020__c94pe6g_0.png,IMD2020,0.0172086835923127,0.008679019042452964,0.02087990567088127
IMD2020__c94pnq5_0.png,IMD2020,0.006361471874788515,0.00319088530094307,0.19992978870868683
IMD2020__c94psva_0.png,IMD2020,0.0,0.0,0.10957194119691849
IMD2020__c94psxr_0.png,IMD2020,0.0,0.0,0.0136689068749547
IMD2020__c94pvw7_0.png,IMD2020,0.0,0.0,0.06453991681337357
IMD2020__c94pw6i_0.png,IMD2020,0.07320630585898709,0.03799384754143246,0.2448849380016327
IMD2020__c94q3kl_0.png,IMD2020,0.00032833231879615357,0.00016419311435105942,0.1358238160610199
IMD2020__c94q8ji_0.png,IMD2020,0.0,0.0,0.008596000261604786
IMD2020__c94qgem_0.png,IMD2020,0.0,0.0,0.2752062976360321
IMD2020__c94qh20_0.png,IMD2020,0.024500622086107655,0.012402242369714166,0.21194443106651306
IMD2020__c94qp39_0.png,IMD2020,0.0,0.0,0.023097151890397072
IMD2020__c94r82x_0.png,IMD2020,0.0,0.0,0.004261871799826622
IMD2020__c94rqra_0.png,IMD2020,0.0,0.0,0.0049791401252150536
IMD2020__c94rx11_0.png,IMD2020,0.0,0.0,0.07574140280485153
IMD2020__c94s183_0.png,IMD2020,0.0,0.0,0.03324440121650696
IMD2020__c94s1ue_0.png,IMD2020,0.03511760889990835,0.017872626401953157,0.16558730602264404
IMD2020__c94s6nu_0.png,IMD2020,0.0,0.0,0.26935386657714844
IMD2020__c94scmh_0.png,IMD2020,0.0,0.0,0.06496406346559525
IMD2020__c94soye_0.png,IMD2020,0.0,0.0,0.027446739375591278
IMD2020__c94t7en_0.png,IMD2020,0.0,0.0,0.060219231992959976
IMD2020__c94tbw3_0.png,IMD2020,0.0,0.0,0.10169760137796402
IMD2020__c94ueeu_0.png,IMD2020,0.0,0.0,0.022830940783023834
IMD2020__c94vd78_0.png,IMD2020,0.0,0.0,0.038142137229442596
IMD2020__c94vln6_0.png,IMD2020,0.0,0.0,0.011368279345333576
IMD2020__c94vpjk_0.png,IMD2020,0.27288231949971575,0.15799868334430547,0.07485048472881317
IMD2020__c94waqq_0.png,IMD2020,0.0,0.0,0.03524322062730789
IMD2020__c94xd3q_0.png,IMD2020,0.0,0.0,0.04946403205394745
IMD2020__c94xgw2_0.png,IMD2020,0.0,0.0,0.07618513703346252
IMD2020__c94ygpb_0.png,IMD2020,0.0,0.0,0.03742511570453644
IMD2020__c94zspt_0.png,IMD2020,0.08201197101753649,0.04275937585546127,0.029804399237036705
IMD2020__c951j7v_0.png,IMD2020,0.007990033936165642,0.004011041145518848,0.10520912706851959
IMD2020__c952fpe_0.png,IMD2020,0.0,0.0,0.11054793000221252
IMD2020__c952g1p_0.png,IMD2020,0.4475581776466732,0.2882930433864668,0.06028958037495613
IMD2020__c952ngn_0.png,IMD2020,0.11708645336963922,0.06218365871294288,0.013229000382125378
IMD2020__c956eb7_0.png,IMD2020,0.0004487372725858692,0.00022441898887542682,0.0696585476398468
IMD2020__c956l7o_0.png,IMD2020,0.0680620817314538,0.03522995283018868,0.057761091738939285
IMD2020__c956q0k_0.png,IMD2020,0.0,0.0,0.006992504000663757
IMD2020__c956yew_0.png,IMD2020,0.0,0.0,0.015752272680401802
IMD2020__c957j9n_0.png,IMD2020,0.0,0.0,0.015412756241858006
IMD2020__c957juh_0.png,IMD2020,0.18808549848520809,0.10380484196575797,0.06080103665590286
IMD2020__c957rl8_0.png,IMD2020,0.5697136106765429,0.39832135363185855,0.053217705339193344
IMD2020__c957wt6_0.png,IMD2020,0.0,0.0,0.07376515120267868
IMD2020__c957wve_0.png,IMD2020,0.27744973566299214,0.16106916669266527,0.09036846458911896
IMD2020__c957x7p_0.png,IMD2020,0.0,0.0,0.07838974893093109
IMD2020__c958b7f_0.png,IMD2020,0.0,0.0,0.032673101872205734
IMD2020__c958erg_0.png,IMD2020,0.0,0.0,0.0681925043463707
IMD2020__c958gik_0.png,IMD2020,0.09778700966685308,0.05140697186056279,0.04017595201730728
IMD2020__c958j97_0.png,IMD2020,0.0,0.0,0.08171385526657104
IMD2020__c9595sv_0.png,IMD2020,0.0,0.0,0.008811806328594685
IMD2020__c959a6e_0.png,IMD2020,0.06603265745558945,0.03414362590462052,0.027969373390078545
IMD2020__c95adiz_0.png,IMD2020,0.08541611856528984,0.04461341150604617,0.09303400665521622
IMD2020__c95aqlb_0.png,IMD2020,0.008110247319172929,0.004071634641554624,0.11928261071443558
IMD2020__c95biez_0.png,IMD2020,0.0,0.0,0.04016229510307312
IMD2020__c95c3yu_0.png,IMD2020,0.04735171436816286,0.024249996641274703,0.2121139019727707
IMD2020__c95flen_0.png,IMD2020,0.03220127396690247,0.016364109571214782,0.10470167547464371
IMD2020__c95ftu6_0.png,IMD2020,0.0,0.0,0.030626259744167328
IMD2020__c95fx63_0.png,IMD2020,0.013821953402119653,0.006959070676365216,0.38226091861724854
IMD2020__c95gd9r_0.png,IMD2020,0.004227625162263621,0.0021182902497121413,0.1954941600561142
IMD2020__c95gjg9_0.png,IMD2020,0.0,0.0,0.05161731317639351
IMD2020__c95gkhl_0.png,IMD2020,0.009192328583963565,0.004617386559207489,0.04845165088772774
IMD2020__c95gz0y_0.png,IMD2020,0.0,0.0,0.022476032376289368
IMD2020__c95h4kd_0.png,IMD2020,0.0033414230945095144,0.0016735074955519932,0.1914069503545761
IMD2020__c95h6w7_0.png,IMD2020,0.19238837278993107,0.10643236074270557,0.03522872179746628
IMD2020__c95ho7w_0.png,IMD2020,0.3337457161952704,0.20029698914453473,0.2524559795856476
IMD2020__c95hsqp_0.png,IMD2020,0.0,0.0,0.0610564723610878
IMD2020__c95hyjq_0.png,IMD2020,0.04067741009554271,0.02076095600853878,0.0944959968328476
IMD2020__c95iajl_0.png,IMD2020,0.0,0.0,0.04553161934018135
IMD2020__c95illf_0.png,IMD2020,0.0,0.0,0.037855394184589386
IMD2020__c95j6gb_0.png,IMD2020,0.024779065270636093,0.012544958811927139,0.12163582444190979
IMD2020__c95je2e_0.png,IMD2020,0.05825097334531297,0.029999228811598673,0.049910224974155426
IMD2020__c95kdy8_0.png,IMD2020,0.10880910086609173,0.057534699916291926,0.14594149589538574
IMD2020__c95kras_0.png,IMD2020,0.0,0.0,0.03353114053606987
IMD2020__c95ku3b_0.png,IMD2020,0.0,0.0,0.060250699520111084
IMD2020__c95l9tm_0.png,IMD2020,0.0013537187450230928,0.0006773178214271485,0.053739406168460846
IMD2020__c95lr06_0.png,IMD2020,0.0,0.0,0.013536708429455757
IMD2020__c95lzlj_0.png,IMD2020,0.0,0.0,0.04180596396327019
IMD2020__c95m7eb_0.png,IMD2020,0.06592537942664418,0.034086264679436526,0.06805319339036942
IMD2020__c95mkhb_0.png,IMD2020,0.0,0.0,0.01787640154361725
IMD2020__c95mu70_0.png,IMD2020,0.010663071454835152,0.00536011336331711,0.03158774599432945
IMD2020__c95nmhg_0.png,IMD2020,0.4834427633457037,0.3187764705882353,0.04677415266633034
IMD2020__c95o67f_0.png,IMD2020,0.019373763558223615,0.009781635324102776,0.05650220066308975
IMD2020__c95occz_0.png,IMD2020,0.1184542189173861,0.06295579948590423,0.15137651562690735
IMD2020__c95qbrf_0.png,IMD2020,0.049154676945387936,0.025196603935991237,0.15806429088115692
IMD2020__c95srb7_0.png,IMD2020,0.0,0.0,0.07170524448156357
IMD2020__c95t0d9_0.png,IMD2020,0.2192348792477025,0.1231127433330933,0.1681441068649292
IMD2020__c95ugiv_0.png,IMD2020,0.0,0.0,0.1723383516073227
IMD2020__c95utnm_0.png,IMD2020,0.0008328475056217207,0.0004165972337943676,0.04977996274828911
IMD2020__c95uufr_0.png,IMD2020,0.0,0.0,0.059483423829078674
IMD2020__c95uyty_0.png,IMD2020,0.0,0.0,0.041299816220998764
IMD2020__c95wc8c_0.png,IMD2020,0.0,0.0,0.04057297855615616
IMD2020__c95wl0v_0.png,IMD2020,0.00047406738529262376,0.00023708989093865017,0.033171646296978
IMD2020__c95woiz_0.png,IMD2020,0.0,0.0,0.18505820631980896
IMD2020__c95xmd0_0.png,IMD2020,0.25130795271456763,0.1437119549463746,0.03181413561105728
IMD2020__c95y02z_0.png,IMD2020,0.051708691883410894,0.026540534091586965,0.17979471385478973
IMD2020__c95z458_0.png,IMD2020,0.05163633640380439,0.02650241193089001,0.09296751767396927
IMD2020__c966md3_0.png,IMD2020,0.049543209560611104,0.025400823952347214,0.04329580068588257
IMD2020__c967vk6_0.png,IMD2020,0.0,0.0,0.12089106440544128
IMD2020__c9684z1_0.png,IMD2020,0.0,0.0,0.0411529466509819
IMD2020__c9689r9_0.png,IMD2020,0.008727415361231644,0.0043828330830029795,0.08796436339616776
IMD2020__c968kn0_0.png,IMD2020,0.11500923239250857,0.061013154212146654,0.029741492122411728
IMD2020__c968obk_0.png,IMD2020,0.0,0.0,0.05371899902820587
IMD2020__c968udn_0.png,IMD2020,0.02992151978511727,0.015187983669489976,0.2103612720966339
IMD2020__c968x5d_0.png,IMD2020,0.0359436045524036,0.018300698816854633,0.08925876766443253
IMD2020__c96bh08_0.png,IMD2020,0.1012299568549166,0.0533134368853015,0.2680565118789673
IMD2020__c96blfp_0.png,IMD2020,0.001964241869601125,0.0009830864445785016,0.09270183742046356
IMD2020__c96c40d_0.png,IMD2020,0.0,0.0,0.023305008187890053
IMD2020__c96c9hk_0.png,IMD2020,0.0,0.0,0.024617591872811317
IMD2020__c96cbvq_0.png,IMD2020,0.5427293945614577,0.3724286982362703,0.17155058681964874
IMD2020__c96cglv_0.png,IMD2020,0.0,0.0,0.23587290942668915
IMD2020__c96cha8_0.png,IMD2020,0.0,0.0,0.021262628957629204
IMD2020__c96chir_0.png,IMD2020,0.049957446808510636,0.02561864443765548,0.08877161890268326
IMD2020__c96d4mq_0.png,IMD2020,0.5344554591766487,0.3646804612819128,0.014103930443525314
IMD2020__c96d5la_0.png,IMD2020,0.0,0.0,0.027768539264798164
IMD2020__c96dewj_0.png,IMD2020,0.0,0.0,0.035330940037965775
IMD2020__c96dfr7_0.png,IMD2020,0.34093758848036243,0.20550015847087794,0.06778857856988907
IMD2020__c96dm5n_0.png,IMD2020,0.0,0.0,0.0749502182006836
IMD2020__c96ese6_0.png,IMD2020,0.0,0.0,0.0792350023984909
IMD2020__c96euuf_0.png,IMD2020,0.0,0.0,0.07961742579936981
IMD2020__c96jvav_0.png,IMD2020,0.0,0.0,0.05936566740274429
IMD2020__c96qatb_0.png,IMD2020,0.0,0.0,0.006323950830847025
IMD2020__c96z6j0_0.png,IMD2020,0.0,0.0,0.047150906175374985
IMD2020__c96zee9_0.png,IMD2020,0.0,0.0,0.0331074520945549
IMD2020__c96zxum_0.png,IMD2020,0.10202348945804443,0.053753820920002984,0.0980517640709877
IMD2020__c9705ty_0.png,IMD2020,0.0,0.0,0.022058852016925812
IMD2020__c970m97_0.png,IMD2020,0.0,0.0,0.05008416622877121
IMD2020__c970mrg_0.png,IMD2020,0.0,0.0,0.014057314023375511
IMD2020__c970ssc_0.png,IMD2020,0.04877895662000126,0.02499919565007561,0.09894923120737076
IMD2020__c970wej_0.png,IMD2020,0.03600279727025007,0.01833138928110995,0.0783342570066452
IMD2020__c970x7m_0.png,IMD2020,0.0,0.0,0.013104872778058052
IMD2020__c9724qm_0.png,IMD2020,0.22897862232779098,0.12929184549356224,0.20953652262687683
IMD2020__c9729qx_0.png,IMD2020,0.027344711119064127,0.013861880113162833,0.21434445679187775
IMD2020__c972iqs_0.png,IMD2020,0.02849959716168862,0.014455790686453113,0.08784348517656326
IMD2020__c972p3n_0.png,IMD2020,0.0,0.0,0.15808503329753876
IMD2020__c972y81_0.png,IMD2020,0.0,0.0,0.045191384851932526
IMD2020__c973pl2_0.png,IMD2020,0.10755693581780539,0.05683496526448225,0.12117636203765869
IMD2020__c976lta_0.png,IMD2020,0.2905674256862942,0.16997887489241845,0.07559668272733688
IMD2020__c978035_0.png,IMD2020,0.0,0.0,0.02340501733124256
IMD2020__c978nfj_0.png,IMD2020,0.016375755949916315,0.008255472778695707,0.12468051165342331
IMD2020__c979ed6_0.png,IMD2020,0.038116663577623396,0.019428608658826594,0.22666893899440765
IMD2020__c979h5q_0.png,IMD2020,0.0,0.0,0.004936179146170616
IMD2020__c979ib3_0.png,IMD2020,0.0894633552141842,0.04682629640124681,0.03617599606513977
IMD2020__c979s43_0.png,IMD2020,0.0,0.0,0.1251225769519806
IMD2020__c97ai36_0.png,IMD2020,0.0,0.0,0.10096797347068787
IMD2020__c97ffgf_0.png,IMD2020,0.0,0.0,0.03583947941660881
IMD2020__c97g287_0.png,IMD2020,0.357286814021872,0.2174979887369268,0.04223649203777313
IMD2020__c97gn0w_0.png,IMD2020,0.34342139010002565,0.20730763276048925,0.1099308431148529
IMD2020__c97jfxe_0.png,IMD2020,0.2948740882078191,0.17293390838093017,0.14426574110984802
IMD2020__c97knp0_0.png,IMD2020,0.05355962559433701,0.027516705006024756,0.11666659265756607
IMD2020__c97l4h2_0.png,IMD2020,0.1780424515664827,0.09772041709729189,0.23135150969028473
IMD2020__c97mvm4_0.png,IMD2020,0.0,0.0,0.019071057438850403
IMD2020__c97n72x_0.png,IMD2020,0.024065150618536365,0.012179121505989732,0.047186434268951416
IMD2020__c97nhib_0.png,IMD2020,0.03945438545027868,0.020124186429266104,0.12618646025657654
IMD2020__c97npfo_0.png,IMD2020,0.13650936329588015,0.07325465478985112,0.0982431024312973
IMD2020__c97nvx1_0.png,IMD2020,0.0,0.0,0.017831170931458473
IMD2020__c97ofea_0.png,IMD2020,0.0,0.0,0.10283314436674118
IMD2020__c97ot02_0.png,IMD2020,0.0,0.0,0.31534501910209656
IMD2020__c97p12w_0.png,IMD2020,0.0,0.0,0.05580518767237663
IMD2020__c97p9cf_0.png,IMD2020,0.5365205843293492,0.3666061705989111,0.010724639520049095
IMD2020__c97pbie_0.png,IMD2020,0.0,0.0,0.07524842768907547
IMD2020__c97pme4_0.png,IMD2020,0.003682393555811277,0.0018445930366612867,0.020224882289767265
IMD2020__c97qfid_0.png,IMD2020,0.0,0.0,0.04755597189068794
IMD2020__c97qk9d_0.png,IMD2020,0.26646341463414636,0.15371086880056278,0.02745361253619194
IMD2020__c97qqbo_0.png,IMD2020,0.0,0.0,0.06476391851902008
IMD2020__c97qv4m_0.png,IMD2020,0.0558299334335409,0.028716589352772257,0.04227549582719803
IMD2020__c97qyg0_0.png,IMD2020,0.1456140350877193,0.07852412488174078,0.03118772991001606
IMD2020__c97rh7u_0.png,IMD2020,0.0,0.0,0.05680520832538605
IMD2020__c97rkx9_0.png,IMD2020,0.016120479372149752,0.008125735058270073,0.012630058452486992
IMD2020__c97shkd_0.png,IMD2020,0.041122648298550425,0.02099296735593576,0.161985844373703
IMD2020__c97sv42_0.png,IMD2020,0.04840406874780779,0.02480230050323508,0.008130411617457867
IMD2020__c97te6m_0.png,IMD2020,0.0,0.0,0.01448285672813654
IMD2020__c97u2q9_0.png,IMD2020,0.0,0.0,0.040282540023326874
IMD2020__c97ub08_0.png,IMD2020,0.09584884843469867,0.05033678568841892,0.05575896054506302
IMD2020__c97up6j_0.png,IMD2020,0.4687757086231396,0.30614437823581125,0.029465261846780777
IMD2020__c97v6ia_0.png,IMD2020,0.0,0.0,0.07427194714546204
IMD2020__c97vf7q_0.png,IMD2020,0.06758769027134348,0.03497581232073291,0.2823579013347626
IMD2020__c97vlit_0.png,IMD2020,6.327612117377205e-05,3.1639061585433374e-05,0.11217614263296127
IMD2020__c97xpjh_0.png,IMD2020,0.0,0.0,0.021404774859547615
IMD2020__c97zamq_0.png,IMD2020,0.04938639638296815,0.02531839021905247,0.06165623664855957
IMD2020__c980b28_0.png,IMD2020,0.03961728929275446,0.020208956688085544,0.11010874062776566
IMD2020__c980uto_0.png,IMD2020,0.0,0.0,0.0715806856751442
IMD2020__c9813uk_0.png,IMD2020,0.0,0.0,0.04868873953819275
IMD2020__c9825wp_0.png,IMD2020,0.19836324048351978,0.11010168361393566,0.026226263493299484
IMD2020__c9829t7_0.png,IMD2020,0.02757604462688138,0.013980789754535752,0.06564170122146606
IMD2020__c985sf9_0.png,IMD2020,0.0,0.0,0.04882229492068291
IMD2020__c98625n_0.png,IMD2020,0.0,0.0,0.051325723528862
IMD2020__c986lv8_0.png,IMD2020,0.0,0.0,0.03872465714812279
IMD2020__c986who_0.png,IMD2020,0.0,0.0,0.18825531005859375
IMD2020__c9876y4_0.png,IMD2020,0.0700593219470713,0.03630128259576998,0.2587045729160309
IMD2020__c987c52_0.png,IMD2020,0.30542602187679907,0.1802376442809944,0.14495863020420074
IMD2020__c987rum_0.png,IMD2020,0.09333931662286044,0.04895434066303544,0.03589729219675064
IMD2020__c98a70p_0.png,IMD2020,0.144963091144065,0.07814566408464009,0.05225757881999016
IMD2020__c98aivj_0.png,IMD2020,0.0,0.0,0.00726240873336792
IMD2020__c98el2l_0.png,IMD2020,0.0,0.0,0.04775748774409294
IMD2020__c98iwaf_0.png,IMD2020,0.023812594025359984,0.012049765094832087,0.15182819962501526
IMD2020__c98jkof_0.png,IMD2020,0.06961661604137591,0.03606362167219529,0.044512275606393814
IMD2020__c98jpyg_0.png,IMD2020,0.0,0.0,0.14651019871234894
IMD2020__c98jqgu_0.png,IMD2020,0.0,0.0,0.03802351653575897
IMD2020__c98jxiu_0.png,IMD2020,0.021857564817853628,0.011049540432027076,0.09876491129398346
IMD2020__c98koeq_0.png,IMD2020,0.0,0.0,0.019328203052282333
IMD2020__c98lw0x_0.png,IMD2020,0.0043220958840348425,0.0021657281844534035,0.03995826095342636
IMD2020__c98mgs3_0.png,IMD2020,0.0,0.0,0.009737009182572365
IMD2020__c98mhwt_0.png,IMD2020,0.0,0.0,0.013705058954656124
IMD2020__c98ojjv_0.png,IMD2020,0.0,0.0,0.10540881007909775
IMD2020__c98ovsv_0.png,IMD2020,0.0,0.0,0.02618275210261345
IMD2020__c98ow2q_0.png,IMD2020,0.2351356100989983,0.13323154540626658,0.04740304499864578
IMD2020__c98qf1y_0.png,IMD2020,0.06557488447947812,0.033898900481259,0.17990617454051971
IMD2020__c98qgm4_0.png,IMD2020,0.0,0.0,0.020490070804953575
IMD2020__c98rtgo_0.png,IMD2020,0.0,0.0,0.022492285817861557
IMD2020__c98s4at_0.png,IMD2020,0.0,0.0,0.006622262764722109
IMD2020__c98s7f2_0.png,IMD2020,0.04472449898138058,0.022873758177853164,0.02452138066291809
IMD2020__c98scja_0.png,IMD2020,0.3053532847883492,0.18018698649541978,0.03146012872457504
IMD2020__c98sd8w_0.png,IMD2020,0.0,0.0,0.07908011972904205
IMD2020__c98trtt_0.png,IMD2020,0.029716029175737735,0.015082104719811595,0.18715491890907288
IMD2020__c98urai_0.png,IMD2020,0.0,0.0,0.1445598602294922
IMD2020__c98uwak_0.png,IMD2020,0.17051492609409719,0.09320378095791308,0.06069084256887436
IMD2020__c98wx7s_0.png,IMD2020,0.023031329381879764,0.011649820113071783,0.10740547627210617
IMD2020__c98x46e_0.png,IMD2020,0.0394575910662058,0.020125854399479223,0.3028721511363983
IMD2020__c990uno_0.png,IMD2020,0.03831874834261469,0.01953362622507604,0.18983440101146698
IMD2020__c990v3g_0.png,IMD2020,0.021043234281341666,0.010633498743313785,0.13308130204677582
IMD2020__c991rvp_0.png,IMD2020,0.06921742306638663,0.035849413545213774,0.043824199587106705
IMD2020__c992737_0.png,IMD2020,0.06597743704376376,0.03411409892908096,0.23241889476776123
IMD2020__c9929g3_0.png,IMD2020,0.05593824228028504,0.028773901887714583,0.06410548835992813
IMD2020__c992d5i_0.png,IMD2020,0.2475760005832179,0.1412763125052001,0.043548308312892914
IMD2020__c992enl_0.png,IMD2020,0.04743402323613141,0.02429317308639543,0.21601440012454987
IMD2020__c992u19_0.png,IMD2020,0.05893304230596392,0.03036115888345019,0.0771341621875763
IMD2020__c99303g_0.png,IMD2020,0.0,0.0,0.02995482087135315
IMD2020__c993h77_0.png,IMD2020,0.0,0.0,0.07899945229291916
IMD2020__c993kz0_0.png,IMD2020,0.0,0.0,0.007862730883061886
IMD2020__c993qje_0.png,IMD2020,0.0,0.0,0.19329677522182465
IMD2020__c993ui8_0.png,IMD2020,0.0,0.0,0.17653073370456696
IMD2020__c993w8d_0.png,IMD2020,0.0,0.0,0.08602932840585709
IMD2020__c9948kv_0.png,IMD2020,0.0,0.0,0.09756505489349365
IMD2020__c9948nw_0.png,IMD2020,0.0,0.0,0.14697952568531036
IMD2020__c994ew8_0.png,IMD2020,0.059446541947708535,0.03063380794846758,0.20175586640834808
IMD2020__c994oht_0.png,IMD2020,0.011017605707530917,0.0055393178638215934,0.20294740796089172
IMD2020__c99548p_0.png,IMD2020,0.015335801163405606,0.0077271516120436985,0.029849162325263023
IMD2020__c995efy_0.png,IMD2020,0.0520234291799787,0.02670639368012465,0.261193186044693
IMD2020__c995ny6_0.png,IMD2020,0.04370593328660372,0.02234118787674409,0.3108521103858948
IMD2020__c995td6_0.png,IMD2020,0.0,0.0,0.190487802028656
IMD2020__c9969lr_0.png,IMD2020,0.0,0.0,0.019393697381019592
IMD2020__c9969p0_0.png,IMD2020,0.0,0.0,0.012460368685424328
IMD2020__c996msq_0.png,IMD2020,0.15444834053657344,0.08368681512902086,0.08521754294633865
IMD2020__c9977lj_0.png,IMD2020,0.12194851719171253,0.06493353260442067,0.09039653837680817
IMD2020__c9981l7_0.png,IMD2020,0.0,0.0,0.077694371342659
IMD2020__c998fw2_0.png,IMD2020,0.0,0.0,0.04925903305411339
IMD2020__c998ytl_0.png,IMD2020,0.055629554180051714,0.028610573823339782,0.061145078390836716
IMD2020__c9996ea_0.png,IMD2020,0.0,0.0,0.02119138278067112
IMD2020__c99ae5w_0.png,IMD2020,0.027694416219664925,0.014041645700045527,0.10896889865398407
IMD2020__c99b3oc_0.png,IMD2020,0.03502833630929276,0.01782638241383125,0.10200358182191849
IMD2020__c99bj65_0.png,IMD2020,0.0,0.0,0.09860076010227203
IMD2020__c99bz7g_0.png,IMD2020,0.08179132327787281,0.042639429312581065,0.1457582414150238
IMD2020__c99d1yy_0.png,IMD2020,0.2240328751594162,0.126146971993936,0.23661302030086517
IMD2020__c99fjx6_0.png,IMD2020,0.0,0.0,0.1520758867263794
IMD2020__c99g3y1_0.png,IMD2020,0.0,0.0,0.024351496249437332
IMD2020__c99g8d8_0.png,IMD2020,0.0,0.0,0.014692996628582478
IMD2020__c99gb54_0.png,IMD2020,0.0,0.0,0.05493294447660446
IMD2020__c99gesu_0.png,IMD2020,0.5618198329636301,0.39064635004761705,0.09723076224327087
IMD2020__c99grkg_0.png,IMD2020,0.016190342108968043,0.008161237669434392,0.09143567830324173
IMD2020__c99hbe0_0.png,IMD2020,0.06166587671813805,0.03181385292527863,0.05320187658071518
IMD2020__c99hkdk_0.png,IMD2020,0.0,0.0,0.1539255976676941
IMD2020__c99hksz_0.png,IMD2020,0.4293936817319642,0.27339357847832424,0.05149399861693382
IMD2020__c99i7gc_0.png,IMD2020,0.024947813247797972,0.012631470406269335,0.06021793559193611
IMD2020__c99ilht_0.png,IMD2020,0.0,0.0,0.21832332015037537
IMD2020__c99ixjq_0.png,IMD2020,0.05891401322873404,0.030351057928520483,0.09250523149967194
IMD2020__c99k5bh_0.png,IMD2020,0.00015620881212961426,7.811050683955125e-05,0.06424576044082642
IMD2020__c99lb7m_0.png,IMD2020,0.16950740326316063,0.09260206982827249,0.021931378170847893
IMD2020__c99lcrp_0.png,IMD2020,0.0,0.0,0.10221748054027557
IMD2020__c99ll0f_0.png,IMD2020,0.0,0.0,0.02719327062368393
IMD2020__c99lrlg_0.png,IMD2020,0.0,0.0,0.03861874341964722
IMD2020__c99meyn_0.png,IMD2020,0.0,0.0,0.14763496816158295
IMD2020__c99mhvd_0.png,IMD2020,0.1908137868617543,0.10546940136735033,0.047066498547792435
IMD2020__c99ml73_0.png,IMD2020,0.0,0.0,0.03275027126073837
IMD2020__c99msoi_0.png,IMD2020,0.02194744976816074,0.011095483669323333,0.0351954810321331
IMD2020__c99par4_0.png,IMD2020,0.0,0.0,0.04144991934299469
IMD2020__c99pq37_0.png,IMD2020,0.025426729938380906,0.012877075935291797,0.11598028987646103
IMD2020__c99s1ad_0.png,IMD2020,0.013736773714497864,0.006915887850467289,0.07598700374364853
IMD2020__c99twh4_0.png,IMD2020,0.04145029673590504,0.02116377065479854,0.08955438435077667
IMD2020__c99utti_0.png,IMD2020,0.1077825328895229,0.05696096498575976,0.00787227414548397
IMD2020__c99v20p_0.png,IMD2020,0.012534573059495086,0.006306813134752613,0.03944438323378563
IMD2020__c99wbld_0.png,IMD2020,0.2816593886462882,0.1639135959339263,0.015797466039657593
IMD2020__c99wogs_0.png,IMD2020,0.04415425806754662,0.0225755319659926,0.02795613557100296
IMD2020__c99wyrv_0.png,IMD2020,0.0,0.0,0.057562556117773056
IMD2020__c99x7l6_0.png,IMD2020,0.0,0.0,0.016781622543931007
IMD2020__c99xlov_0.png,IMD2020,0.09177463968554375,0.04809423540541365,0.10409810394048691
IMD2020__c99zfgf_0.png,IMD2020,0.029846523799420044,0.015149339460080414,0.12043994665145874
IMD2020__c99zuvu_0.png,IMD2020,0.0,0.0,0.03544991835951805
IMD2020__c9a00lf_0.png,IMD2020,0.0,0.0,0.014663996174931526
IMD2020__c9a06ao_0.png,IMD2020,0.2755431754874652,0.15978548814369709,0.0378415510058403
IMD2020__c9a0d39_0.png,IMD2020,0.0,0.0,0.003853775095194578
IMD2020__c9a0df4_0.png,IMD2020,0.007675434324386453,0.0038525019751406066,0.17480719089508057
IMD2020__c9a0ogm_0.png,IMD2020,0.029766509039002877,0.015108112401684953,0.17154374718666077
IMD2020__c9a0u7u_0.png,IMD2020,0.0,0.0,0.0029895834159106016
IMD2020__c9a0vxj_0.png,IMD2020,0.0,0.0,0.010590661317110062
IMD2020__c9a0wf8_0.png,IMD2020,0.0,0.0,0.019667740911245346
IMD2020__c9a13b5_0.png,IMD2020,0.0,0.0,0.02759755216538906
IMD2020__c9a16se_0.png,IMD2020,0.05873060623553998,0.030253712557457617,0.2581740617752075
IMD2020__c9a2q02_0.png,IMD2020,0.5033371169125993,0.3363062735104963,0.01156886387616396
IMD2020__c9a3qjw_0.png,IMD2020,0.3586088514068214,0.21847860682944573,0.015253299847245216
IMD2020__c9a43jm_0.png,IMD2020,0.050236474795247434,0.025765419316669133,0.03410971164703369
IMD2020__c9a5zop_0.png,IMD2020,0.0,0.0,0.06264669448137283
IMD2020__c9a6u1u_0.png,IMD2020,0.07649403847560529,0.03976802776061225,0.2612130641937256
IMD2020__c9aamu4_0.png,IMD2020,0.0,0.0,0.013206927105784416
IMD2020__c9aati3_0.png,IMD2020,0.002974031626287538,0.0014892303221822672,0.32371947169303894
IMD2020__c9abglu_0.png,IMD2020,0.04115316901408451,0.021008875407257613,0.03299923986196518
IMD2020__c9abrtp_0.png,IMD2020,0.033125638046960254,0.01684176614822902,0.15875869989395142
IMD2020__c9abx9g_0.png,IMD2020,0.0,0.0,0.011815221048891544
IMD2020__c9acbml_0.png,IMD2020,0.28480201088664137,0.1660461431824933,0.14316697418689728
IMD2020__c9aen56_0.png,IMD2020,0.0,0.0,0.06820220500230789
IMD2020__c9aeqqk_0.png,IMD2020,0.0,0.0,0.07192971557378769
IMD2020__c9af975_0.png,IMD2020,0.10485466443463703,0.055328033405605076,0.015470894984900951
IMD2020__c9afm8r_0.png,IMD2020,0.031153744609698143,0.015823350616842483,0.036120157688856125
IMD2020__c9ag2ll_0.png,IMD2020,0.13857918810748998,0.07444807064695719,0.06844630837440491
IMD2020__c9agnet_0.png,IMD2020,0.0,0.0,0.007691698148846626
IMD2020__c9aj3nm_0.png,IMD2020,0.009932301433429743,0.004990936459389748,0.4984420835971832
IMD2020__c9ajz8e_0.png,IMD2020,0.0,0.0,0.004328310489654541
IMD2020__c9alf9o_0.png,IMD2020,0.0038333005700805977,0.001920330887783741,0.05390486121177673
IMD2020__c9alw3v_0.png,IMD2020,0.6760916149500459,0.5106785504078029,0.05623069405555725
IMD2020__c9amlei_0.png,IMD2020,0.042496896179756986,0.021709746511676266,0.05431981384754181
IMD2020__c9an6i7_0.png,IMD2020,0.0,0.0,0.12326459586620331
IMD2020__c9anb73_0.png,IMD2020,0.1012302494880189,0.05331359921903292,0.14107437431812286
IMD2020__c9ane75_0.png,IMD2020,0.0,0.0,0.031229348853230476
IMD2020__c9anple_0.png,IMD2020,0.0,0.0,0.0724346786737442
IMD2020__c9aq17o_0.png,IMD2020,0.0,0.0,0.021023660898208618
IMD2020__c9arquy_0.png,IMD2020,0.19851741606800424,0.11019668901528391,0.10365677624940872
IMD2020__c9atngk_0.png,IMD2020,0.03091918314462816,0.015702343387817973,0.11614091694355011
IMD2020__c9atqpq_0.png,IMD2020,0.02464976788135245,0.012478682251154278,0.06775826215744019
IMD2020__c9au1qa_0.png,IMD2020,0.0,0.0,0.014783917926251888
IMD2020__c9ax2ln_0.png,IMD2020,0.38555815813204325,0.23881823930302817,0.12453560531139374
IMD2020__c9axg8n_0.png,IMD2020,0.0,0.0,0.12763026356697083
IMD2020__c9axqrl_0.png,IMD2020,0.04074543491527015,0.020796396569073745,0.09384310245513916
IMD2020__c9ay9o7_0.png,IMD2020,0.028171609862696314,0.014287049523987556,0.14419277012348175
IMD2020__c9ayosx_0.png,IMD2020,0.0,0.0,0.04308595508337021
IMD2020__c9ayp33_0.png,IMD2020,0.6605210565168074,0.4931179095650304,0.019203072413802147
IMD2020__c9aysiu_0.png,IMD2020,0.20391505844919416,0.11353308172225218,0.007637427654117346
IMD2020__c9az9ha_0.png,IMD2020,0.0,0.0,0.0046084849163889885
IMD2020__c9azgqp_0.png,IMD2020,0.0,0.0,0.04101579636335373
IMD2020__c9b0gy6_0.png,IMD2020,0.0,0.0,0.06982272863388062
IMD2020__c9b0jbt_0.png,IMD2020,0.0,0.0,0.006160527002066374
IMD2020__c9b0mve_0.png,IMD2020,0.0,0.0,0.09224095195531845
IMD2020__c9b0xit_0.png,IMD2020,0.0,0.0,0.01769421249628067
IMD2020__c9b0yv0_0.png,IMD2020,0.23291960614177387,0.13181041844577285,0.06185729801654816
IMD2020__c9b10e8_0.png,IMD2020,0.187206158639967,0.10326941451848556,0.19770106673240662
IMD2020__c9b11xy_0.png,IMD2020,0.0,0.0,0.020493216812610626
IMD2020__c9b2vt4_0.png,IMD2020,0.002076704069670072,0.001039431330472103,0.05585409328341484
IMD2020__c9b3g8m_0.png,IMD2020,0.018983884184649004,0.00958290244743192,0.06771984696388245
IMD2020__c9b6d4b_0.png,IMD2020,0.0,0.0,0.15522582828998566
IMD2020__c9b6ddb_0.png,IMD2020,0.0,0.0,0.07196420431137085
IMD2020__c9befb1_0.png,IMD2020,0.017545383479544863,0.008850332982825096,0.10932682454586029
IMD2020__c9bhen2_0.png,IMD2020,0.23854796888504753,0.13542688910696762,0.009100227616727352
IMD2020__c9biybz_0.png,IMD2020,0.0018400558511070101,0.0009208751564133538,0.2534361779689789
IMD2020__c9bk4ex_0.png,IMD2020,0.23311575862528308,0.13193606755126658,0.030710317194461823
IMD2020__c9bk4fn_0.png,IMD2020,0.009469113821247049,0.0047570795745978224,0.3206122815608978
IMD2020__c9bkfb3_0.png,IMD2020,0.030362588952897323,0.015415318973229647,0.0386958047747612
IMD2020__c9bl9ay_0.png,IMD2020,0.0,0.0,0.2232847660779953
IMD2020__c9bld2v_0.png,IMD2020,0.1978076576716455,0.10975945964573713,0.032270725816488266
IMD2020__c9bldbp_0.png,IMD2020,0.04992969669144021,0.025604049560022366,0.16441303491592407
IMD2020__c9bldch_0.png,IMD2020,0.0,0.0,0.01853013224899769
IMD2020__c9blqqz_0.png,IMD2020,0.0,0.0,0.17694364488124847
IMD2020__c9bly1t_0.png,IMD2020,0.0,0.0,0.0041048782877624035
IMD2020__c9bm4rt_0.png,IMD2020,0.0027507688781065543,0.0013772787267823327,0.21313956379890442
IMD2020__c9bmply_0.png,IMD2020,0.3533826880169036,0.2146113036983127,0.3514278531074524
IMD2020__c9bmw1x_0.png,IMD2020,0.13557194413933782,0.0727150311395388,0.04844069853425026
IMD2020__c9bmy3r_0.png,IMD2020,0.0,0.0,0.33779168128967285
IMD2020__c9bn0uy_0.png,IMD2020,0.0,0.0,0.03229678422212601
IMD2020__c9bn5v6_0.png,IMD2020,0.0,0.0,0.020142707973718643
IMD2020__c9bn6ip_0.png,IMD2020,0.0,0.0,0.01274250540882349
IMD2020__c9bncio_0.png,IMD2020,0.0,0.0,0.022368649020791054
IMD2020__c9bns5o_0.png,IMD2020,0.021331314416393812,0.010780639816969745,0.26109805703163147
IMD2020__c9booko_0.png,IMD2020,0.0,0.0,0.007232336793094873
IMD2020__c9bp70d_0.png,IMD2020,0.0,0.0,0.3301853835582733
IMD2020__c9bq4ri_0.png,IMD2020,0.0,0.0,0.06192475184798241
IMD2020__c9bqr3l_0.png,IMD2020,0.0,0.0,0.012283452786505222
IMD2020__c9br8f7_0.png,IMD2020,0.0,0.0,0.028735412284731865
IMD2020__c9brtmx_0.png,IMD2020,0.14607812003810733,0.07879410757108599,0.009375919587910175
IMD2020__c9bse2z_0.png,IMD2020,0.057228330548972375,0.02945705429457054,0.15679259598255157
IMD2020__c9bt9ta_0.png,IMD2020,0.0,0.0,0.061877451837062836
IMD2020__c9bttk4_0.png,IMD2020,0.020734077829020085,0.010475640284999038,0.0712590217590332
IMD2020__c9bugf8_0.png,IMD2020,0.3482169726151068,0.21081278039671153,0.061350781470537186
IMD2020__c9bzbcq_0.png,IMD2020,0.04661625708884688,0.023864362165405384,0.09172239899635315
IMD2020__c9c4juu_0.png,IMD2020,0.011307420494699646,0.005685856432125089,0.3368646204471588
IMD2020__c9c75hs_0.png,IMD2020,0.0,0.0,0.0055055879056453705
IMD2020__c9c9t84_0.png,IMD2020,0.05125094768764216,0.02629940865234983,0.33401185274124146
IMD2020__c9ca1of_0.png,IMD2020,0.0,0.0,0.027552956715226173
IMD2020__c9cate8_0.png,IMD2020,0.02004964014352777,0.010126334755675986,0.16087259352207184
IMD2020__c9ccedw_0.png,IMD2020,0.0,0.0,0.18596923351287842
IMD2020__c9cd7xe_0.png,IMD2020,0.0329032903290329,0.01672682902028573,0.05431288108229637
IMD2020__c9cefz7_0.png,IMD2020,0.0,0.0,0.05487667769193649
IMD2020__c9ceg0w_0.png,IMD2020,0.0,0.0,0.0798090323805809
IMD2020__c9ceq9q_0.png,IMD2020,0.008886545184664363,0.004463103377245039,0.23176851868629456
IMD2020__c9ceql8_0.png,IMD2020,0.0,0.0,0.023958833888173103
IMD2020__c9cetkp_0.png,IMD2020,0.0061068702290076335,0.0030627871362940277,0.05504738911986351
IMD2020__c9cfhhv_0.png,IMD2020,0.0,0.0,0.02651064097881317
IMD2020__c9cgjfv_0.png,IMD2020,0.008839732713295209,0.0044394883016327215,0.041390515863895416
IMD2020__c9cgnm5_0.png,IMD2020,0.0,0.0,0.00991649180650711
IMD2020__c9cgxt5_0.png,IMD2020,0.0,0.0,0.007266845088452101
IMD2020__c9chbnh_0.png,IMD2020,0.0,0.0,0.07660673558712006
IMD2020__c9chqo0_0.png,IMD2020,0.0,0.0,0.018182257190346718
IMD2020__c9chzty_0.png,IMD2020,0.0,0.0,0.07943695783615112
IMD2020__c9chzux_0.png,IMD2020,0.0,0.0,0.13791365921497345
IMD2020__c9cilly_0.png,IMD2020,0.0,0.0,0.07651042938232422
IMD2020__c9cj5xa_0.png,IMD2020,0.0,0.0,0.003083032090216875
IMD2020__c9ck0j3_0.png,IMD2020,0.0,0.0,0.19483305513858795
IMD2020__c9cklgd_0.png,IMD2020,0.021294021294021293,0.01076158940397351,0.01689954474568367
IMD2020__c9ckx05_0.png,IMD2020,0.08138901799349313,0.04242080273530776,0.09563112258911133
IMD2020__c9clhtf_0.png,IMD2020,0.026689836474624605,0.013525413778309662,0.12092579156160355
IMD2020__c9clks3_0.png,IMD2020,0.0,0.0,0.06979862600564957
IMD2020__c9clmau_0.png,IMD2020,0.0,0.0,0.04840533435344696
IMD2020__c9clq8i_0.png,IMD2020,0.0,0.0,0.03703312203288078
IMD2020__c9clzrj_0.png,IMD2020,0.04777988578940019,0.024474640662495415,0.18094882369041443
IMD2020__c9cm5nk_0.png,IMD2020,0.0,0.0,0.020603414624929428
IMD2020__c9cm824_0.png,IMD2020,0.0,0.0,0.04194827005267143
IMD2020__c9cmdfe_0.png,IMD2020,0.07663323250013268,0.03984327575740853,0.07479225844144821
IMD2020__c9cml58_0.png,IMD2020,0.0,0.0,0.15838146209716797
IMD2020__c9cmtkc_0.png,IMD2020,0.0,0.0,0.011445092968642712
IMD2020__c9cnjtp_0.png,IMD2020,0.0,0.0,0.10353056341409683
IMD2020__c9cnkd2_0.png,IMD2020,0.0,0.0,0.06616978347301483
IMD2020__c9cnkxl_0.png,IMD2020,0.03667377398720682,0.018679409209383144,0.06875775009393692
IMD2020__c9cnst8_0.png,IMD2020,0.0,0.0,0.17492187023162842
IMD2020__c9cnv8n_0.png,IMD2020,0.0,0.0,0.12481094896793365
IMD2020__c9cnzf8_0.png,IMD2020,0.020468303163151246,0.010339972426740195,0.23687119781970978
IMD2020__c9co6ln_0.png,IMD2020,0.0,0.0,0.028725918382406235
IMD2020__c9cocnw_0.png,IMD2020,0.5579166938269996,0.38688243005017403,0.07289274781942368
IMD2020__c9codtz_0.png,IMD2020,0.024887538704212186,0.012600567912920019,0.3034619390964508
IMD2020__c9cofak_0.png,IMD2020,0.03513301351940689,0.017880606555630528,0.09545137733221054
IMD2020__c9cojnz_0.png,IMD2020,0.03318442884492661,0.016872160934458143,0.05866627395153046
IMD2020__c9coljf_0.png,IMD2020,0.0007343154802882188,0.00036729259446306413,0.09649024158716202
IMD2020__c9colrh_0.png,IMD2020,0.015437571711692917,0.007778828970881951,0.01956738345324993
IMD2020__c9con3s_0.png,IMD2020,0.0,0.0,0.060340143740177155
IMD2020__c9coy2n_0.png,IMD2020,0.0,0.0,0.09796880930662155
IMD2020__c9coynw_0.png,IMD2020,0.010290735068078009,0.005171979268252594,0.20257093012332916
IMD2020__c9cpev3_0.png,IMD2020,0.0,0.0,0.04164957255125046
IMD2020__c9cpohz_0.png,IMD2020,0.050132458159214015,0.0257106993595504,0.3055347800254822
IMD2020__c9cptn0_0.png,IMD2020,0.0,0.0,0.045030627399683
IMD2020__c9cqfso_0.png,IMD2020,0.4254060095995792,0.27016869884750294,0.016882581636309624
IMD2020__c9cqodp_0.png,IMD2020,0.0,0.0,0.03695937246084213
IMD2020__c9cqpt2_0.png,IMD2020,0.04798187225605438,0.024580648905914448,0.1017652302980423
IMD2020__c9cqrf4_0.png,IMD2020,0.0,0.0,0.005371016915887594
IMD2020__c9crgzl_0.png,IMD2020,0.0019160146894459523,0.000958926002876778,0.1384144276380539
IMD2020__c9crh2a_0.png,IMD2020,0.0,0.0,0.27725574374198914
IMD2020__c9cser1_0.png,IMD2020,0.017154764548903356,0.008651590271492194,0.17561401426792145
IMD2020__c9ct2jr_0.png,IMD2020,8.756658709226808e-05,4.378521060686302e-05,0.1061430424451828
IMD2020__c9cu6ad_0.png,IMD2020,0.17331263715677353,0.09487810595405533,0.040407467633485794
IMD2020__c9cu722_0.png,IMD2020,0.04421448730009407,0.022607022607022607,0.1307506114244461
IMD2020__c9cucm2_0.png,IMD2020,0.0,0.0,0.040162354707717896
IMD2020__c9cufxm_0.png,IMD2020,0.06748021919455567,0.03491825536007241,0.2288777083158493
IMD2020__c9cyjm5_0.png,IMD2020,0.0,0.0,0.11623042821884155
IMD2020__c9cysih_0.png,IMD2020,0.05849021498283182,0.030126149986060776,0.06577347964048386
IMD2020__c9czi34_0.png,IMD2020,0.0,0.0,0.009937809780240059
IMD2020__c9czkzr_0.png,IMD2020,0.0,0.0,0.001425537164323032
IMD2020__c9czl4x_0.png,IMD2020,0.7232720938640024,0.5665044919813628,0.02226897142827511
IMD2020__c9d09n3_0.png,IMD2020,0.0,0.0,0.04201309755444527
IMD2020__c9d0hcc_0.png,IMD2020,0.0,0.0,0.011576863005757332
IMD2020__c9d0vu3_0.png,IMD2020,0.0,0.0,0.06912876665592194
IMD2020__c9d1bek_0.png,IMD2020,0.009601987035802992,0.0048241542511908205,0.285535603761673
IMD2020__c9d1ut9_0.png,IMD2020,0.0,0.0,0.039958033710718155
IMD2020__c9d2odr_0.png,IMD2020,0.0,0.0,0.016743553802371025
IMD2020__c9d2t1a_0.png,IMD2020,0.0,0.0,0.1513400375843048
IMD2020__c9d37je_0.png,IMD2020,0.15376162630979945,0.08328373437632855,0.041971880942583084
IMD2020__c9d38jl_0.png,IMD2020,0.0,0.0,0.034464940428733826
IMD2020__c9d3l1c_0.png,IMD2020,0.09420945840486968,0.049433269999344824,0.15103547275066376
IMD2020__c9d41vh_0.png,IMD2020,0.012584988668177576,0.006332340551128283,0.18020501732826233
IMD2020__c9d4ljv_0.png,IMD2020,0.0,0.0,0.017791857942938805
IMD2020__c9d4vh2_0.png,IMD2020,0.37482169971932083,0.23063420158550396,0.049897368997335434
IMD2020__c9d56du_0.png,IMD2020,0.0,0.0,0.031057406216859818
IMD2020__c9d5i6n_0.png,IMD2020,0.6701756753717075,0.5039580514208389,0.04400552436709404
IMD2020__c9d5q6i_0.png,IMD2020,0.0,0.0,0.015065977349877357
IMD2020__c9d617b_0.png,IMD2020,0.3342555429996493,0.20066435856648265,0.0632949098944664
IMD2020__c9d6jfi_0.png,IMD2020,0.0,0.0,0.01790676638484001
IMD2020__c9d710z_0.png,IMD2020,0.006629246104713055,0.003325646316300522,0.054274167865514755
IMD2020__c9d78r8_0.png,IMD2020,0.0,0.0,0.020874520763754845
IMD2020__c9d7ags_0.png,IMD2020,0.0463326527406942,0.02371573277594662,0.10420159250497818
IMD2020__c9d7js8_0.png,IMD2020,0.2341070372560615,0.1325714764117376,0.1187010407447815
IMD2020__c9d7t09_0.png,IMD2020,0.0,0.0,0.014785343781113625
IMD2020__c9d81o3_0.png,IMD2020,0.09113814074717637,0.04774475444904647,0.08065435290336609
IMD2020__c9d9dft_0.png,IMD2020,0.022924042202670965,0.011594922345932913,0.1480301469564438
IMD2020__c9d9e1a_0.png,IMD2020,0.23170981065717908,0.13103607770582792,0.10309057682752609
IMD2020__c9d9pl9_0.png,IMD2020,0.0,0.0,0.00863546784967184
IMD2020__c9db1wq_0.png,IMD2020,0.12207544825872707,0.06500551267916208,0.0611322820186615
IMD2020__c9db37a_0.png,IMD2020,0.09643545079845074,0.050660457423889624,0.11013787239789963
IMD2020__c9dc59i_0.png,IMD2020,0.0,0.0,0.0036297119222581387
IMD2020__c9dcvq8_0.png,IMD2020,0.05481145683082629,0.028177966101694915,0.010332334786653519
IMD2020__c9dcyjm_0.png,IMD2020,0.035056380484537235,0.01784090909090909,0.023946955800056458
IMD2020__c9dd24r_0.png,IMD2020,0.0,0.0,0.010993652045726776
IMD2020__c9dem0q_0.png,IMD2020,0.26924839596700273,0.15556732424202305,0.03176705166697502
IMD2020__c9df1un_0.png,IMD2020,0.20467969104952294,0.1140073389851955,0.11269968003034592
IMD2020__c9dko71_0.png,IMD2020,0.0,0.0,0.003974067512899637
IMD2020__c9dl0if_0.png,IMD2020,0.038067734313468105,0.019403184798608322,0.05521051585674286
IMD2020__c9dl27f_0.png,IMD2020,0.07571201885700694,0.03934547198701275,0.08281339704990387
IMD2020__c9dmses_0.png,IMD2020,0.0,0.0,0.04517519101500511
IMD2020__c9dnkas_0.png,IMD2020,0.0,0.0,0.02252853475511074
IMD2020__c9dnz7d_0.png,IMD2020,0.0062408910015221124,0.0031302131603336424,0.15265870094299316
IMD2020__c9do678_0.png,IMD2020,0.0,0.0,0.013902171514928341
IMD2020__c9do7hm_0.png,IMD2020,0.05790159661127403,0.029813935540157373,0.15414761006832123
IMD2020__c9dobg3_0.png,IMD2020,0.012304139335717609,0.006190151913686433,0.2584906220436096
IMD2020__c9dpamg_0.png,IMD2020,0.08734251583001501,0.04566552901023891,0.048277609050273895
IMD2020__c9dq7o6_0.png,IMD2020,0.0,0.0,0.012603727169334888
IMD2020__c9dqbbe_0.png,IMD2020,0.0,0.0,0.0071671805344522
IMD2020__c9dr5uk_0.png,IMD2020,0.4242624871086439,0.2692469295410472,0.23358337581157684
IMD2020__c9dr8ae_0.png,IMD2020,0.1199775963210801,0.06381710988459609,0.26164042949676514
IMD2020__c9drap5_0.png,IMD2020,0.013492421352016927,0.006792031149058021,0.05267096683382988
IMD2020__c9drgb8_0.png,IMD2020,0.0,0.0,0.03604314476251602
IMD2020__c9dscl6_0.png,IMD2020,0.0,0.0,0.08696576207876205
IMD2020__c9dst40_0.png,IMD2020,0.023601043205775316,0.011941436785646192,0.12507613003253937
IMD2020__c9dsznh_0.png,IMD2020,0.0,0.0,0.07464153319597244
IMD2020__c9du4ht_0.png,IMD2020,0.3188206388206388,0.18964106161580732,0.04508130997419357
IMD2020__c9du7a8_0.png,IMD2020,0.08906357135860515,0.04660729159992311,0.0463842935860157
IMD2020__c9durpw_0.png,IMD2020,0.3405971416442621,0.2052528353372559,0.01115628145635128
IMD2020__c9dvojg_0.png,IMD2020,0.103429203539823,0.054534849810440364,0.0414263941347599
IMD2020__c9dvolx_0.png,IMD2020,0.0,0.0,0.062286023050546646
IMD2020__c9dvu4w_0.png,IMD2020,0.0,0.0,0.047801531851291656
IMD2020__c9dwcgf_0.png,IMD2020,0.062208170187818004,0.03210260732384626,0.12428039312362671
IMD2020__c9dwil8_0.png,IMD2020,0.10804362644853442,0.05710682759863088,0.08415442705154419
IMD2020__c9dwu2g_0.png,IMD2020,0.0,0.0,0.07602810859680176
IMD2020__c9dwwid_0.png,IMD2020,0.0,0.0,0.03771169111132622
IMD2020__c9dxbvt_0.png,IMD2020,0.0,0.0,0.019708866253495216
IMD2020__c9dyl8y_0.png,IMD2020,0.059528987758652833,0.03067759702830793,0.0787661150097847
IMD2020__c9e195c_0.png,IMD2020,0.0,0.0,0.12881465256214142
IMD2020__c9e3ftk_0.png,IMD2020,0.07019402746551487,0.03637361914334137,0.18145310878753662
IMD2020__c9e3pq0_0.png,IMD2020,0.007382710169087878,0.0037050316720449385,0.3561854958534241
IMD2020__c9e4ble_0.png,IMD2020,0.013749234151439796,0.006922204581537764,0.3894629180431366
IMD2020__c9e4i0n_0.png,IMD2020,0.016593889895492295,0.008366360177552315,0.23810796439647675
IMD2020__c9e4pg2_0.png,IMD2020,0.02515131558315301,0.012735819094200598,0.10677832365036011
IMD2020__c9e7x90_0.png,IMD2020,0.006385532936578887,0.0032029928765438427,0.051769521087408066
IMD2020__c9e9r5q_0.png,IMD2020,0.0,0.0,0.0728427916765213
IMD2020__c9e9teg_0.png,IMD2020,0.0208116815630846,0.010515260912372825,0.043160080909729004
IMD2020__c9eayk3_0.png,IMD2020,0.007500761872929426,0.0037644992426597197,0.08579076826572418
IMD2020__c9ebxsh_0.png,IMD2020,0.0,0.0,0.056556832045316696
IMD2020__c9ec1il_0.png,IMD2020,0.0,0.0,0.030621245503425598
IMD2020__c9ec9j2_0.png,IMD2020,0.0,0.0,0.14105470478534698
IMD2020__c9ece0x_0.png,IMD2020,0.0019482007792803117,0.0009750501864066533,0.037548866122961044
IMD2020__c9ecnrt_0.png,IMD2020,0.0,0.0,0.2034589946269989
IMD2020__c9ecs0x_0.png,IMD2020,0.0004537136461940987,0.00022690829879284786,0.03201678395271301
IMD2020__c9ed1is_0.png,IMD2020,0.18587310195227766,0.10245871011135192,0.042859528213739395
IMD2020__c9ed8pk_0.png,IMD2020,0.0,0.0,0.03337828069925308
IMD2020__c9eddxz_0.png,IMD2020,0.0,0.0,0.35238295793533325
IMD2020__c9ee26f_0.png,IMD2020,0.0,0.0,0.05700463801622391
IMD2020__c9ege42_0.png,IMD2020,0.0,0.0,0.04662948474287987
IMD2020__c9egvex_0.png,IMD2020,0.07825654726770015,0.04072164115165133,0.2460290938615799
IMD2020__c9ehqe2_0.png,IMD2020,0.0,0.0,0.10521609336137772
IMD2020__c9eiaqx_0.png,IMD2020,0.0,0.0,0.014648611657321453
IMD2020__c9eictw_0.png,IMD2020,0.008221272024953007,0.004127603086368539,0.08848199993371964
IMD2020__c9eierm_0.png,IMD2020,0.0,0.0,0.021565670147538185
IMD2020__c9eki1d_0.png,IMD2020,0.0,0.0,0.01407085731625557
IMD2020__c9ekoti_0.png,IMD2020,0.4596552075895134,0.29841059602649006,0.06178358197212219
IMD2020__c9elhr5_0.png,IMD2020,0.45556610258256686,0.29497287216005424,0.1368277668952942
IMD2020__c9elrrk_0.png,IMD2020,0.07371743647115231,0.038269274646864825,0.014721051789820194
IMD2020__c9en86k_0.png,IMD2020,0.0,0.0,0.011392509564757347
IMD2020__c9ens87_0.png,IMD2020,0.0,0.0,0.17147767543792725
IMD2020__c9eowm6_0.png,IMD2020,0.0,0.0,0.20116272568702698
IMD2020__c9ep601_0.png,IMD2020,0.0,0.0,0.028017623350024223
IMD2020__c9epo48_0.png,IMD2020,0.08724586360583675,0.045612691116856584,0.2184031903743744
IMD2020__c9epyi9_0.png,IMD2020,0.12127315385192249,0.06455071108424666,0.07418742775917053
IMD2020__c9eqhuj_0.png,IMD2020,0.0,0.0,0.03471128270030022
IMD2020__c9eqqy1_0.png,IMD2020,0.0,0.0,0.07372938096523285
IMD2020__c9erwxd_0.png,IMD2020,0.008911318964617991,0.004475601237401457,0.2043193131685257
IMD2020__c9esffq_0.png,IMD2020,0.3693225770803404,0.22648414204391434,0.04453081637620926
IMD2020__c9etyea_0.png,IMD2020,0.0,0.0,0.04292650148272514
IMD2020__c9euw8c_0.png,IMD2020,0.0,0.0,0.034414250403642654
IMD2020__c9euxib_0.png,IMD2020,0.01989994441356309,0.010049969120206614,0.254291296005249
IMD2020__c9ezpzg_0.png,IMD2020,0.2526606599064452,0.1445973624636171,0.03369522467255592
IMD2020__c9f090n_0.png,IMD2020,0.042031011279784154,0.021466637889528996,0.08400534838438034
IMD2020__c9f0e67_0.png,IMD2020,0.0,0.0,0.04135335981845856
IMD2020__c9f0jqs_0.png,IMD2020,0.04319210201563143,0.022072734916964473,0.06362050026655197
IMD2020__c9f0la4_0.png,IMD2020,0.0,0.0,0.02996019646525383
IMD2020__c9f0n0z_0.png,IMD2020,0.0,0.0,0.023567048832774162
IMD2020__c9f0r3h_0.png,IMD2020,0.0,0.0,0.06092795729637146
IMD2020__c9f0vmz_0.png,IMD2020,0.17462349192516136,0.0956643690508161,0.07060316205024719
IMD2020__c9f13p5_0.png,IMD2020,0.0,0.0,0.12321873754262924
IMD2020__c9f14qe_0.png,IMD2020,0.025390625,0.012858555885262116,0.21639059484004974
IMD2020__c9f1h60_0.png,IMD2020,0.4978480865418169,0.3314232615765835,0.02871519885957241
IMD2020__c9f2dub_0.png,IMD2020,0.0,0.0,0.008637017570436
IMD2020__c9f2qch_0.png,IMD2020,0.0,0.0,0.2615480124950409
IMD2020__c9f2sfv_0.png,IMD2020,0.0,0.0,0.22685228288173676
IMD2020__c9f2szu_0.png,IMD2020,0.0,0.0,0.0758984163403511
IMD2020__c9f38b8_0.png,IMD2020,0.13388425388108566,0.07174488193432464,0.15465882420539856
IMD2020__c9f3da2_0.png,IMD2020,0.0,0.0,0.28817081451416016
IMD2020__c9f3n7z_0.png,IMD2020,0.0,0.0,0.06166783347725868
IMD2020__c9f465i_0.png,IMD2020,0.023758430410790926,0.012022027456759482,0.12711471319198608
IMD2020__c9f517t_0.png,IMD2020,0.0,0.0,0.02686457894742489
IMD2020__c9f535u_0.png,IMD2020,0.03437671146311665,0.0174889622358438,0.039597515016794205
IMD2020__c9f627v_0.png,IMD2020,0.0,0.0,0.024007735773921013
IMD2020__c9f8vaj_0.png,IMD2020,0.0,0.0,0.07527533918619156
IMD2020__c9faxnv_0.png,IMD2020,0.0,0.0,0.07751632481813431
IMD2020__c9fdzmf_0.png,IMD2020,0.0,0.0,0.08640333265066147
IMD2020__c9fep2z_0.png,IMD2020,0.0235013099090769,0.011890374644263381,0.07232555747032166
IMD2020__c9ffae4_0.png,IMD2020,0.03865155478058704,0.019706623203437548,0.046810224652290344
IMD2020__c9fj64j_0.png,IMD2020,0.010860326754178865,0.0054598110430612926,0.11134699732065201
IMD2020__c9fjobh_0.png,IMD2020,0.0,0.0,0.012415247969329357
IMD2020__c9fjq1l_0.png,IMD2020,0.029916487826834818,0.015185390691298388,0.24272826313972473
IMD2020__c9fk35b_0.png,IMD2020,0.0,0.0,0.022394778206944466
IMD2020__c9fl051_0.png,IMD2020,0.0,0.0,0.03192830830812454
IMD2020__c9fl0yy_0.png,IMD2020,0.033194066464793594,0.01687714374805114,0.08463742583990097
IMD2020__c9fl1lk_0.png,IMD2020,0.0,0.0,0.14621970057487488
IMD2020__c9flfa0_0.png,IMD2020,0.0,0.0,0.26225388050079346
IMD2020__c9fmaeu_0.png,IMD2020,0.19405992328489488,0.10745645760178159,0.3643200099468231
IMD2020__c9fmhir_0.png,IMD2020,0.0,0.0,0.04278593882918358
IMD2020__c9fmrsm_0.png,IMD2020,0.005561560562807756,0.0027885345833873745,0.45938223600387573
IMD2020__c9fmv7c_0.png,IMD2020,0.0,0.0,0.022906996309757233
IMD2020__c9fn5j8_0.png,IMD2020,0.0,0.0,0.03599923104047775
IMD2020__c9fntrg_0.png,IMD2020,0.15171364577610616,0.08208340954819827,0.07349415123462677
IMD2020__c9fnyyh_0.png,IMD2020,0.0,0.0,0.12750966846942902
IMD2020__c9fo87w_0.png,IMD2020,0.0,0.0,0.2173997461795807
IMD2020__c9fprtk_0.png,IMD2020,0.007984210998474926,0.004008106282368836,0.07907813042402267
IMD2020__c9fqbs0_0.png,IMD2020,0.04275141038248538,0.02184260630420986,0.03281646594405174
IMD2020__c9fqiqn_0.png,IMD2020,0.0,0.0,0.025917816907167435
IMD2020__c9fqvx5_0.png,IMD2020,0.0,0.0,0.010679041035473347
IMD2020__c9ft4yi_0.png,IMD2020,0.04424715400587098,0.02262410308976424,0.07227897644042969
IMD2020__c9fuxna_0.png,IMD2020,0.0027848407797554185,0.0013943619278569263,0.05895993858575821
IMD2020__c9fva3b_0.png,IMD2020,0.0867698771521213,0.0453525564519979,0.09701693803071976
IMD2020__c9fvs3e_0.png,IMD2020,0.0006572461386789353,0.0003287310979618672,0.02030566893517971
IMD2020__c9fvtzk_0.png,IMD2020,0.0,0.0,0.17358730733394623
IMD2020__c9fw1nt_0.png,IMD2020,0.020091403416514417,0.010147641891743883,0.14674043655395508
IMD2020__c9fwc5l_0.png,IMD2020,0.0,0.0,0.0012430091155692935
IMD2020__c9fxc80_0.png,IMD2020,0.0,0.0,0.0157963577657938
IMD2020__c9fxdln_0.png,IMD2020,0.021089465614388247,0.01065710917595163,0.7070744037628174
IMD2020__c9fxe3f_0.png,IMD2020,0.014780088449591815,0.007445063573863174,0.16688762605190277
IMD2020__c9fxudz_0.png,IMD2020,0.05544698751283495,0.028514001498943925,0.09445995837450027
IMD2020__c9fxwfb_0.png,IMD2020,0.0020873195338319706,0.0010447501305937664,0.08012860268354416
IMD2020__c9fyiz2_0.png,IMD2020,0.0008369951872776732,0.0004186728072011723,0.03143937885761261
IMD2020__c9fz0du_0.png,IMD2020,0.23735244519392917,0.13465678067447978,0.05779155343770981
IMD2020__c9fzio7_0.png,IMD2020,0.31722703967110083,0.18851446222971074,0.05927373468875885
IMD2020__c9g1oc0_0.png,IMD2020,0.00037084680550243947,0.00018545779096588736,0.1398743987083435
IMD2020__c9g1s99_0.png,IMD2020,0.0,0.0,0.0930507630109787
IMD2020__c9g2fgf_0.png,IMD2020,0.015551511427288412,0.007836691915582868,0.17851902544498444
IMD2020__c9g2y6q_0.png,IMD2020,0.12987843159637008,0.06944919185507105,0.2648899555206299
IMD2020__c9g3114_0.png,IMD2020,0.0,0.0,0.1296105831861496
IMD2020__c9g35w2_0.png,IMD2020,0.0,0.0,0.3606022000312805
IMD2020__c9g3a9c_0.png,IMD2020,0.0,0.0,0.07883553951978683
IMD2020__c9g3oqm_0.png,IMD2020,0.013565507119907977,0.006829073482428115,0.21731843054294586
IMD2020__c9g3rke_0.png,IMD2020,0.0,0.0,0.039413467049598694
IMD2020__c9g4hr5_0.png,IMD2020,0.0,0.0,0.016775567084550858
IMD2020__c9g4p2k_0.png,IMD2020,0.014628940312882317,0.00736836584854206,0.10904306918382645
IMD2020__c9g4vhi_0.png,IMD2020,0.04169329073482428,0.02129048046333306,0.12382178008556366
IMD2020__c9g5jrp_0.png,IMD2020,0.10024807962459276,0.05276903713027061,0.10907644033432007
IMD2020__c9g5nv8_0.png,IMD2020,0.0,0.0,0.03491650149226189
IMD2020__c9g5v1g_0.png,IMD2020,0.0,0.0,0.01993105746805668
IMD2020__c9g5zv6_0.png,IMD2020,0.0,0.0,0.05696716532111168
IMD2020__c9g6sg0_0.png,IMD2020,0.020895653062117873,0.01055813610558136,0.1852545142173767
IMD2020__c9g6vta_0.png,IMD2020,0.0,0.0,0.128245010972023
IMD2020__c9g7604_0.png,IMD2020,0.0,0.0,0.02189922332763672
IMD2020__c9g787e_0.png,IMD2020,0.0,0.0,0.009784308262169361
IMD2020__c9g80q7_0.png,IMD2020,0.0,0.0,0.01660335063934326
IMD2020__c9g8384_0.png,IMD2020,0.2137764155508953,0.11968065891192833,0.16230204701423645
IMD2020__c9g8k86_0.png,IMD2020,0.0,0.0,0.009463460184633732
IMD2020__c9g8zth_0.png,IMD2020,0.008974358974358974,0.004507405022537025,0.05138435587286949
IMD2020__c9g93re_0.png,IMD2020,0.0,0.0,0.1160549446940422
IMD2020__c9g9ld3_0.png,IMD2020,0.0,0.0,0.010187621228396893
IMD2020__c9g9mr9_0.png,IMD2020,0.0,0.0,0.006006463430821896
IMD2020__c9g9t6z_0.png,IMD2020,0.0,0.0,0.01980694942176342
IMD2020__c9gattf_0.png,IMD2020,0.0,0.0,0.007492875214666128
IMD2020__c9gbskr_0.png,IMD2020,0.0,0.0,0.005505539942532778
IMD2020__c9gck87_0.png,IMD2020,0.0,0.0,0.10058029741048813
IMD2020__c9gd2mj_0.png,IMD2020,0.0,0.0,0.04678764194250107
IMD2020__c9gd5k9_0.png,IMD2020,0.0,0.0,0.025161968544125557
IMD2020__c9gd6qy_0.png,IMD2020,0.0,0.0,0.004406832158565521
IMD2020__c9gd8cq_0.png,IMD2020,0.0,0.0,0.020895052701234818
IMD2020__c9gda7u_0.png,IMD2020,0.020678729258734263,0.010447383941359845,0.1750190556049347
IMD2020__c9gdmsw_0.png,IMD2020,0.0,0.0,0.04915526509284973
IMD2020__c9gdsx5_0.png,IMD2020,0.0,0.0,0.003441063454374671
IMD2020__c9gdyzr_0.png,IMD2020,0.003141196795979268,0.0015730690577316344,0.013996169902384281
IMD2020__c9gf8ln_0.png,IMD2020,0.0,0.0,0.03234395384788513
IMD2020__c9gfhtc_0.png,IMD2020,0.0,0.0,0.014244227670133114
IMD2020__c9gfnnb_0.png,IMD2020,0.047673389223450546,0.02441875706672265,0.22512602806091309
IMD2020__c9gg5nc_0.png,IMD2020,0.0,0.0,0.06811417639255524
IMD2020__c9ggl99_0.png,IMD2020,0.0026200531831690912,0.0013117450124322102,0.2003983110189438
IMD2020__c9ghgvz_0.png,IMD2020,0.0,0.0,0.04082002490758896
IMD2020__c9ghoad_0.png,IMD2020,0.0,0.0,0.030139150097966194
IMD2020__c9gjago_0.png,IMD2020,0.15795724465558195,0.08575112830431979,0.09617157280445099
IMD2020__c9gjh0g_0.png,IMD2020,0.010099485420240138,0.005075372033045086,0.21560560166835785
IMD2020__c9gkk0s_0.png,IMD2020,0.0,0.0,0.007989459671080112
IMD2020__c9gl75j_0.png,IMD2020,0.018055944919864866,0.009110219268593239,0.420126736164093
IMD2020__c9glbxq_0.png,IMD2020,0.0,0.0,0.10153479129076004
IMD2020__c9gmqwd_0.png,IMD2020,0.655349453461411,0.4873752925237098,0.01723884977400303
IMD2020__c9gmtbg_0.png,IMD2020,0.0,0.0,0.061529822647571564
IMD2020__c9gn0vx_0.png,IMD2020,0.008751910175092586,0.004395188233858972,0.29567334055900574
IMD2020__c9gn94z_0.png,IMD2020,0.005778954972309174,0.0028978507606858247,0.09507211297750473
IMD2020__c9grcz4_0.png,IMD2020,0.05491591203104786,0.02823318147051977,0.12233522534370422
IMD2020__c9grv2t_0.png,IMD2020,0.0,0.0,0.0039024436846375465
IMD2020__c9gs7bm_0.png,IMD2020,0.2547313797313797,0.1459554000874508,0.030159708112478256
IMD2020__c9gss1i_0.png,IMD2020,0.002530311017395888,0.0012667581547556213,0.07548344135284424
IMD2020__c9gsyda_0.png,IMD2020,0.0,0.0,0.010883638635277748
IMD2020__c9gtkcd_0.png,IMD2020,0.0,0.0,0.01697388105094433
IMD2020__c9gtlnu_0.png,IMD2020,0.0,0.0,0.021624701097607613
IMD2020__c9gtq1e_0.png,IMD2020,0.059071600073877975,0.030434713653593008,0.26396170258522034
IMD2020__c9gw35r_0.png,IMD2020,0.0,0.0,0.008078648708760738
IMD2020__c9gx2vm_0.png,IMD2020,0.06802051326437876,0.035207678824432015,0.18540865182876587
IMD2020__c9gxwzy_0.png,IMD2020,0.06030066581985176,0.03108763546868928,0.034668587148189545
IMD2020__c9gyshx_0.png,IMD2020,0.0,0.0,0.06099444627761841
IMD2020__c9gz0w4_0.png,IMD2020,0.0,0.0,0.01847178116440773
IMD2020__c9gzach_0.png,IMD2020,0.0,0.0,0.03480202704668045
IMD2020__c9h02el_0.png,IMD2020,0.008926864916521445,0.0044834440077697974,0.25206008553504944
IMD2020__c9h0993_0.png,IMD2020,0.0,0.0,0.0349825918674469
IMD2020__c9h0gbn_0.png,IMD2020,0.17232859789993824,0.09428861101723555,0.11406254768371582
IMD2020__c9h0z4q_0.png,IMD2020,0.043244885558031194,0.022100305367217018,0.2746555209159851
IMD2020__c9h11gt_0.png,IMD2020,0.14369446020041596,0.07740884090446119,0.04660084843635559
IMD2020__c9h1614_0.png,IMD2020,0.0,0.0,0.06854227930307388
IMD2020__c9h1dkc_0.png,IMD2020,0.0,0.0,0.008100196719169617
IMD2020__c9h2clv_0.png,IMD2020,0.0,0.0,0.02138175256550312
IMD2020__c9h2k3n_0.png,IMD2020,0.0,0.0,0.023140383884310722
IMD2020__c9h2sab_0.png,IMD2020,0.022109797277142074,0.011178475552740326,0.06071518361568451
IMD2020__c9h2seb_0.png,IMD2020,0.0,0.0,0.020153865218162537
IMD2020__c9h2tvs_0.png,IMD2020,0.09320131253238155,0.04887842284817197,0.16066718101501465
IMD2020__c9h38o1_0.png,IMD2020,0.1470315193846426,0.0793491745395553,0.010808701626956463
IMD2020__c9h3b9x_0.png,IMD2020,0.04604576362046102,0.023565425823779133,0.13204874098300934
IMD2020__c9h3qse_0.png,IMD2020,0.17207522050257945,0.09413692643845593,0.02273537777364254
IMD2020__c9h41sp_0.png,IMD2020,0.0020475853218986447,0.001024841886551407,0.1746671199798584
IMD2020__c9h4ej3_0.png,IMD2020,0.13640587251440253,0.07319505384922217,0.12669534981250763
IMD2020__c9h4l2n_0.png,IMD2020,0.0,0.0,0.015716552734375
IMD2020__c9h53ur_0.png,IMD2020,0.0,0.0,0.020092157647013664
IMD2020__c9h5fdh_0.png,IMD2020,0.0,0.0,0.1435643881559372
IMD2020__c9h5ga4_0.png,IMD2020,0.0,0.0,0.03585212305188179
IMD2020__c9h6icz_0.png,IMD2020,0.12138973664530994,0.0646167749709515,0.0576772540807724
IMD2020__c9h6iyv_0.png,IMD2020,0.0,0.0,0.009237742982804775
IMD2020__c9h6m92_0.png,IMD2020,0.24067914268359702,0.13680230168516236,0.16214695572853088
IMD2020__c9h7w73_0.png,IMD2020,0.0,0.0,0.01969221979379654
IMD2020__c9h97f9_0.png,IMD2020,0.04777131163266611,0.024470141186490647,0.054584380239248276
IMD2020__c9h9cv3_0.png,IMD2020,0.0,0.0,0.01495750155299902
IMD2020__c9hal43_0.png,IMD2020,0.0,0.0,0.16435882449150085
IMD2020__c9hanuj_0.png,IMD2020,0.0148123211580542,0.0074614210615567235,0.03565843030810356
IMD2020__c9harx6_0.png,IMD2020,0.09642640823743186,0.0506554664630266,0.05143574997782707
IMD2020__c9hb4rz_0.png,IMD2020,0.4349811478843737,0.27793987739914877,0.03705991432070732
IMD2020__c9hcema_0.png,IMD2020,0.0723768315468581,0.03754718906234058,0.033185578882694244
IMD2020__c9hd3rx_0.png,IMD2020,0.09019142459109437,0.04722537418274166,0.30441638827323914
IMD2020__c9hdjxv_0.png,IMD2020,0.21839960726558666,0.12258619169385415,0.1107594221830368
IMD2020__c9hg0i2_0.png,IMD2020,0.0,0.0,0.02743632346391678
IMD2020__c9hgkbl_0.png,IMD2020,0.006669571072121668,0.0033459435401831127,0.4067542254924774
IMD2020__c9hgxau_0.png,IMD2020,0.0,0.0,0.06714244186878204
IMD2020__c9hi7nj_0.png,IMD2020,0.02225610359780607,0.011253278869065497,0.35747674107551575
IMD2020__c9hj5lr_0.png,IMD2020,0.01610423510413556,0.008117480458949857,0.12522821128368378
IMD2020__c9hjnfo_0.png,IMD2020,0.0,0.0,0.010376930236816406
IMD2020__c9hk5hp_0.png,IMD2020,0.0,0.0,0.05451805517077446
IMD2020__c9hk6li_0.png,IMD2020,0.012232931185549639,0.00615410697634992,0.08300134539604187
IMD2020__c9hks52_0.png,IMD2020,0.005877638258081752,0.002947481243301179,0.01021956279873848
IMD2020__c9hlbrm_0.png,IMD2020,0.0,0.0,0.03666575998067856
IMD2020__c9hlhc2_0.png,IMD2020,0.0,0.0,0.012449190020561218
IMD2020__c9hmf8f_0.png,IMD2020,0.0,0.0,0.03383468836545944
IMD2020__c9hmzo9_0.png,IMD2020,0.0,0.0,0.010901310481131077
IMD2020__c9hnxex_0.png,IMD2020,0.2081775118424333,0.11618199526923612,0.017118927091360092
IMD2020__c9hoexk_0.png,IMD2020,0.0,0.0,0.013985805213451385
IMD2020__c9honhf_0.png,IMD2020,0.0,0.0,0.012771900743246078
IMD2020__c9houy2_0.png,IMD2020,0.0,0.0,0.01462225615978241
IMD2020__c9hr4mf_0.png,IMD2020,0.3508771929824561,0.2127659574468085,0.04112355038523674
IMD2020__c9hs9do_0.png,IMD2020,0.0,0.0,0.030133839696645737
IMD2020__c9hsiyf_0.png,IMD2020,0.0,0.0,0.13909688591957092
IMD2020__c9hto4a_0.png,IMD2020,0.0,0.0,0.011449268087744713
IMD2020__c9hu5ce_0.png,IMD2020,0.0,0.0,0.05410375818610191
IMD2020__c9hud83_0.png,IMD2020,0.0,0.0,0.03578037768602371
IMD2020__c9hui3v_0.png,IMD2020,0.0,0.0,0.07994773238897324
IMD2020__c9hv3aa_0.png,IMD2020,0.03627646008671257,0.018473303063991604,0.11640927195549011
IMD2020__c9hx5lf_0.png,IMD2020,0.03342126930250534,0.016994625631210642,0.28400081396102905
IMD2020__c9hxepw_0.png,IMD2020,0.0,0.0,0.08637844771146774
IMD2020__c9hxjwt_0.png,IMD2020,0.0,0.0,0.055067550390958786
IMD2020__c9hyb2c_0.png,IMD2020,0.04339584669172193,0.022179165171630186,0.2520767152309418
IMD2020__c9hyeec_0.png,IMD2020,0.004041549969865636,0.0020248667850799288,0.0693373903632164
IMD2020__c9i057u_0.png,IMD2020,0.0,0.0,0.0052556805312633514
IMD2020__c9i09lt_0.png,IMD2020,0.0,0.0,0.27555492520332336
IMD2020__c9i2yhe_0.png,IMD2020,0.0,0.0,0.17339988052845
IMD2020__c9i6dg5_0.png,IMD2020,0.0,0.0,0.010853654704988003
IMD2020__c9i892b_0.png,IMD2020,0.045441180401486196,0.023248817045485627,0.02551332674920559
IMD2020__c9i8kwz_0.png,IMD2020,0.14355388748118653,0.07732725798672044,0.03169238567352295
IMD2020__c9ic6md_0.png,IMD2020,0.0,0.0,0.0058508687652647495
IMD2020__c9ic90m_0.png,IMD2020,0.0,0.0,0.23590721189975739
IMD2020__c9iccvg_0.png,IMD2020,0.0,0.0,0.007928512990474701
IMD2020__c9idrs0_0.png,IMD2020,0.0,0.0,0.05602453649044037
IMD2020__c9ieqkj_0.png,IMD2020,0.03559958759465769,0.018122368214669223,0.15084239840507507
IMD2020__c9if3fi_0.png,IMD2020,0.0,0.0,0.005336682312190533
IMD2020__c9iff6x_0.png,IMD2020,0.0690467050543826,0.035757832794359325,0.0399087592959404
IMD2020__c9ihhh7_0.png,IMD2020,0.0,0.0,0.008039885200560093
IMD2020__c9ihn1n_0.png,IMD2020,0.19552435913671148,0.10835522226455196,0.2109575867652893
IMD2020__c9ihomk_0.png,IMD2020,0.0,0.0,0.023882221430540085
IMD2020__c9ihrfw_0.png,IMD2020,0.01952662721893491,0.00985957573946818,0.005786426831036806
IMD2020__c9ihvi6_0.png,IMD2020,0.0,0.0,0.008064481429755688
IMD2020__c9ii3or_0.png,IMD2020,0.0012836410540811684,0.0006422327251867463,0.05739355459809303
IMD2020__c9ii586_0.png,IMD2020,0.004354949088571369,0.0021822262864743536,0.040143921971321106
IMD2020__c9ii7ff_0.png,IMD2020,0.1396255365029339,0.0750523828630021,0.04944103956222534
IMD2020__c9ii97p_0.png,IMD2020,0.1745099344360502,0.09559621152040547,0.18340349197387695
IMD2020__c9iibxz_0.png,IMD2020,0.0,0.0,0.05120103806257248
IMD2020__c9iibzf_0.png,IMD2020,0.010460292335566179,0.0052576444165800314,0.1564490795135498
IMD2020__c9iidxf_0.png,IMD2020,0.055795268561226005,0.028698247493686387,0.12966643273830414
IMD2020__c9iihrs_0.png,IMD2020,0.0,0.0,0.05985265597701073
IMD2020__c9iijp8_0.png,IMD2020,0.16219715380288866,0.08825601404335423,0.16815797984600067
IMD2020__c9iiklk_0.png,IMD2020,0.0,0.0,0.027695052325725555
IMD2020__c9iin2c_0.png,IMD2020,0.1892437944968251,0.10451091865469422,0.18164347112178802
IMD2020__c9iin8c_0.png,IMD2020,0.0,0.0,0.050378765910863876
IMD2020__c9iis5u_0.png,IMD2020,0.04705018170571407,0.024091853904780757,0.09067605435848236
IMD2020__c9ij6ir_0.png,IMD2020,0.0,0.0,0.10490965843200684
IMD2020__c9ijdae_0.png,IMD2020,0.0,0.0,0.008266477845609188
IMD2020__c9ijf08_0.png,IMD2020,0.15615117624373312,0.0846876241869026,0.15620972216129303
IMD2020__c9ik1fl_0.png,IMD2020,0.2523782612790807,0.14441240669379396,0.20829778909683228
IMD2020__c9ikbq4_0.png,IMD2020,0.08963171128531282,0.04691855063487148,0.019645042717456818
IMD2020__c9il4y8_0.png,IMD2020,0.07122131833312566,0.03692560427491624,0.10139025747776031
IMD2020__c9ily5x_0.png,IMD2020,0.21748311868254777,0.12200900926212083,0.06994125247001648
IMD2020__c9imbmj_0.png,IMD2020,0.00045924551170365883,0.00022967549457184462,0.09052214026451111
IMD2020__c9imetl_0.png,IMD2020,0.0,0.0,0.06100030615925789
IMD2020__c9imiv9_0.png,IMD2020,0.0,0.0,0.006793343927711248
IMD2020__c9io67n_0.png,IMD2020,0.10033901868544848,0.05281943445299098,0.08713563531637192
IMD2020__c9iorrc_0.png,IMD2020,0.0,0.0,0.06981352716684341
IMD2020__c9iovzx_0.png,IMD2020,0.029852304159490632,0.015152317880794701,0.056016746908426285
IMD2020__c9iqfsg_0.png,IMD2020,0.0,0.0,0.004477693699300289
IMD2020__c9is39d_0.png,IMD2020,0.0035510887772194303,0.001778702553948384,0.09125593304634094
IMD2020__c9islb2_0.png,IMD2020,0.01797349892858705,0.00906824349667939,0.06816335022449493
IMD2020__c9iup8s_0.png,IMD2020,0.0710562000904023,0.036836843091920264,0.09355209022760391
IMD2020__c9iuyp5_0.png,IMD2020,0.0,0.0,0.12635263800621033
IMD2020__c9iwpff_0.png,IMD2020,0.2610290286952716,0.15010545489406577,0.23331165313720703
IMD2020__c9ixvi8_0.png,IMD2020,0.0,0.0,0.014419330283999443
IMD2020__c9ixvz6_0.png,IMD2020,0.1009950248756219,0.053183128111082,0.021181002259254456
IMD2020__c9ixwnp_0.png,IMD2020,0.0,0.0,0.0594031885266304
IMD2020__c9iy8fs_0.png,IMD2020,0.08517660000785762,0.044482744470433745,0.16271553933620453
IMD2020__c9iz4b4_0.png,IMD2020,0.07736316501928332,0.04023805412011637,0.2242758870124817
IMD2020__c9j1u8d_0.png,IMD2020,0.007494831150930393,0.0037615115223312724,0.052620306611061096
IMD2020__c9j1upi_0.png,IMD2020,0.00016239038648911984,8.120178643930166e-05,0.038103748112916946
IMD2020__c9j223g_0.png,IMD2020,0.0,0.0,0.03915202617645264
IMD2020__c9j35au_0.png,IMD2020,0.0,0.0,0.009436184540390968
IMD2020__c9j4nvh_0.png,IMD2020,0.014283081459638776,0.007192909183720822,0.056447144597768784
IMD2020__c9j52sd_0.png,IMD2020,0.0,0.0,0.05634766072034836
IMD2020__c9j61u4_0.png,IMD2020,0.2812076154116642,0.16360766892681786,0.06743401288986206
IMD2020__c9j64u7_0.png,IMD2020,0.04175175090709645,0.021320969354338307,0.04893391951918602
IMD2020__c9j6as6_0.png,IMD2020,0.12195121951219512,0.06493506493506493,0.03195072337985039
IMD2020__c9j6j6z_0.png,IMD2020,0.0,0.0,0.004796118009835482
IMD2020__c9j6rhn_0.png,IMD2020,0.0,0.0,0.00972625520080328
IMD2020__c9j72t2_0.png,IMD2020,0.16208995864265716,0.08819254206965953,0.03332075476646423
IMD2020__c9j7uh8_0.png,IMD2020,0.0,0.0,0.036568231880664825
IMD2020__c9j80i6_0.png,IMD2020,0.017103183041038396,0.00862535200760896,0.14450976252555847
IMD2020__c9j8c6q_0.png,IMD2020,0.30624228597075215,0.1808064302433423,0.043801046907901764
IMD2020__c9j8ny0_0.png,IMD2020,0.0,0.0,0.004097738768905401
IMD2020__c9j8xqc_0.png,IMD2020,0.0,0.0,0.014295229688286781
IMD2020__c9j9hjm_0.png,IMD2020,0.0,0.0,0.01580246537923813
IMD2020__c9jbfvl_0.png,IMD2020,0.0,0.0,0.07904127240180969
IMD2020__c9je6ik_0.png,IMD2020,0.0,0.0,0.004119379445910454
IMD2020__c9jesbk_0.png,IMD2020,0.0,0.0,0.017673885449767113
IMD2020__c9jmyul_0.png,IMD2020,0.3402093235617785,0.2049712222096829,0.08252060413360596
IMD2020__c9jnza3_0.png,IMD2020,0.07027341754102451,0.03641625615763547,0.2008293867111206
IMD2020__c9joq7w_0.png,IMD2020,0.0,0.0,0.06837698072195053
IMD2020__c9joxzm_0.png,IMD2020,0.3817102137767221,0.2358725965066784,0.10382388532161713
IMD2020__c9jp0p0_0.png,IMD2020,0.0,0.0,0.043735962361097336
IMD2020__c9jp25w_0.png,IMD2020,0.5045192258591635,0.3373625623164652,0.038978464901447296
IMD2020__c9jp5wt_0.png,IMD2020,0.3940524885797032,0.24537071465754443,0.11348791420459747
IMD2020__c9jpn76_0.png,IMD2020,0.0,0.0,0.11263544112443924
IMD2020__c9jppfm_0.png,IMD2020,0.0,0.0,0.05153748020529747
IMD2020__c9jpr8z_0.png,IMD2020,0.05377349366517296,0.027629617359615704,0.205291748046875
IMD2020__c9jq15h_0.png,IMD2020,0.09344083371474844,0.04901019352932486,0.07963208109140396
IMD2020__c9jqa49_0.png,IMD2020,0.0,0.0,0.06441817432641983
IMD2020__c9jqgc7_0.png,IMD2020,0.0,0.0,0.10733414441347122
IMD2020__c9jqnxf_0.png,IMD2020,0.3120504592231935,0.18486954241510423,0.06050926819443703
IMD2020__c9jqshm_0.png,IMD2020,0.0,0.0,0.02245485596358776
IMD2020__c9jr9le_0.png,IMD2020,0.37455571816851346,0.23043282526207473,0.01469357032328844
IMD2020__c9jrs8t_0.png,IMD2020,0.0700928667223361,0.03631929511721823,0.21454687416553497
IMD2020__c9jsau5_0.png,IMD2020,0.0,0.0,0.04181507229804993
IMD2020__c9jsov8_0.png,IMD2020,0.05575672124843785,0.028677852127764775,0.07947579771280289
IMD2020__c9jtkmu_0.png,IMD2020,0.0,0.0,0.02800915390253067
IMD2020__c9jtoex_0.png,IMD2020,0.45234023077108376,0.2922736894533682,0.07098003476858139
IMD2020__c9juyz1_0.png,IMD2020,0.0,0.0,0.050404809415340424
IMD2020__c9jv5re_0.png,IMD2020,0.0,0.0,0.1720355898141861
IMD2020__c9jwdvv_0.png,IMD2020,0.16804058338617628,0.09172724125995153,0.11350482702255249
IMD2020__c9jzdxb_0.png,IMD2020,0.0,0.0,0.016433048993349075
IMD2020__c9k2es6_0.png,IMD2020,0.0,0.0,0.02953711897134781
IMD2020__c9k2gmo_0.png,IMD2020,0.0,0.0,0.04135214164853096
IMD2020__c9k2t5d_0.png,IMD2020,0.0,0.0,0.022553246468305588
IMD2020__c9k3zdn_0.png,IMD2020,0.1253468829392222,0.06686404103162855,0.0388777032494545
IMD2020__c9k4d7o_0.png,IMD2020,0.6256944444444444,0.4552804446690248,0.02424592897295952
IMD2020__c9k5pqu_0.png,IMD2020,0.010025062656641603,0.005037783375314861,0.022718124091625214
IMD2020__c9k9w0q_0.png,IMD2020,0.2143064002316826,0.12001297437560818,0.011448445729911327
IMD2020__c9kajwp_0.png,IMD2020,0.04745709088032904,0.02430527424451106,0.0880415067076683
IMD2020__c9kdajw_0.png,IMD2020,0.00398247710075667,0.0019952114924181963,0.010208425112068653
IMD2020__c9kirao_0.png,IMD2020,0.021769008000785354,0.01100428013150549,0.12559910118579865
IMD2020__c9kj3pe_0.png,IMD2020,0.0014143094841930117,0.000707655163801357,0.06568801403045654
IMD2020__c9kjun7_0.png,IMD2020,0.0,0.0,0.044041045010089874
IMD2020__c9kkyc7_0.png,IMD2020,0.00815045256830755,0.004091901709552718,0.22446900606155396
IMD2020__c9kl1ld_0.png,IMD2020,0.12715501563977596,0.06789404179289987,0.23571814596652985
IMD2020__c9kldmk_0.png,IMD2020,0.0,0.0,0.0277568232268095
IMD2020__c9kliff_0.png,IMD2020,0.09369438545553437,0.04914971909051621,0.11047413945198059
IMD2020__c9klnxl_0.png,IMD2020,0.0,0.0,0.05673295632004738
IMD2020__c9kloca_0.png,IMD2020,0.0,0.0,0.07373648136854172
IMD2020__c9klqw1_0.png,IMD2020,0.22097417964748683,0.1242107771115435,0.04144776985049248
IMD2020__c9kmx4q_0.png,IMD2020,0.0,0.0,0.015462521463632584
IMD2020__c9kn2yy_0.png,IMD2020,0.005275523280649295,0.0026447378283168976,0.12012171745300293
IMD2020__c9kn5q6_0.png,IMD2020,0.0,0.0,0.17768555879592896
IMD2020__c9knqlg_0.png,IMD2020,0.06970593791322964,0.03611156418202577,0.11112030595541
IMD2020__c9knukz_0.png,IMD2020,0.016757305300408525,0.008449447637041118,0.11174694448709488
IMD2020__c9ko6vm_0.png,IMD2020,0.0,0.0,0.057035818696022034
IMD2020__c9kp1yg_0.png,IMD2020,0.0,0.0,0.03102760761976242
IMD2020__c9kqck4_0.png,IMD2020,0.0,0.0,0.018825238570570946
IMD2020__c9kspnj_0.png,IMD2020,0.0,0.0,0.00036625596112571657
IMD2020__c9kums5_0.png,IMD2020,0.0,0.0,0.05647291988134384
IMD2020__c9kw0f4_0.png,IMD2020,0.0,0.0,0.04979553818702698
IMD2020__c9kwco4_0.png,IMD2020,0.0,0.0,0.041692979633808136
IMD2020__c9kws3p_0.png,IMD2020,0.0,0.0,0.05220070108771324
IMD2020__c9kym5f_0.png,IMD2020,0.12136503391461496,0.06460277600789575,0.11951301246881485
IMD2020__c9kyp1k_0.png,IMD2020,0.0,0.0,0.00645158626139164
IMD2020__c9kyq67_0.png,IMD2020,0.4641128274785775,0.30217898539816346,0.052749667316675186
IMD2020__c9kzet8_0.png,IMD2020,0.11985518292682927,0.06374784635654202,0.02655894309282303
IMD2020__c9l20xa_0.png,IMD2020,0.0,0.0,0.059771351516246796
IMD2020__c9l2kg9_0.png,IMD2020,0.057027509337181974,0.029350651957881214,0.2717677652835846
IMD2020__c9l3keq_0.png,IMD2020,0.03808004334803353,0.019409580507564365,0.3658254146575928
IMD2020__c9l4y7e_0.png,IMD2020,0.0,0.0,0.024807140231132507
IMD2020__c9l597y_0.png,IMD2020,0.0,0.0,0.011277620680630207
IMD2020__c9l5ksv_0.png,IMD2020,0.0,0.0,0.03596673160791397
IMD2020__c9l5lkt_0.png,IMD2020,0.01937692764777454,0.009783248472796055,0.09951160848140717
IMD2020__c9l6bwf_0.png,IMD2020,0.0,0.0,0.034409720450639725
IMD2020__c9l6nsf_0.png,IMD2020,0.0,0.0,0.029307570308446884
IMD2020__c9l6uz2_0.png,IMD2020,0.0,0.0,0.06852257996797562
IMD2020__c9l707b_0.png,IMD2020,0.03481301307388264,0.0177148603697687,0.07794512808322906
IMD2020__c9l75x0_0.png,IMD2020,0.2907089673033344,0.17007575757575757,0.11839643120765686
IMD2020__c9l7j1r_0.png,IMD2020,0.0,0.0,0.04945620894432068
IMD2020__c9l7lmt_0.png,IMD2020,0.027787993218940325,0.014089759682730267,0.060408953577280045
IMD2020__c9l7ppj_0.png,IMD2020,0.0,0.0,0.03610711172223091
IMD2020__c9l89l2_0.png,IMD2020,0.04854885950119819,0.024878337199254103,0.039111826568841934
IMD2020__c9l8asi_0.png,IMD2020,0.0,0.0,0.07100921124219894
IMD2020__c9l8c1u_0.png,IMD2020,0.19948320413436693,0.11079219288174512,0.00502306642010808
IMD2020__c9laeqh_0.png,IMD2020,0.0,0.0,0.0640667974948883
IMD2020__c9lat0v_0.png,IMD2020,0.1124634858812074,0.059582151147794686,0.12005458772182465
IMD2020__c9lazy2_0.png,IMD2020,0.0,0.0,0.018779175356030464
IMD2020__c9lcj56_0.png,IMD2020,0.0,0.0,0.07343293726444244
IMD2020__c9lkxdi_0.png,IMD2020,0.07198255608293253,0.0373350128703653,0.1904251128435135
IMD2020__c9lkzn4_0.png,IMD2020,0.2867717746587195,0.16738679086471017,0.12795297801494598
IMD2020__c9ll4vo_0.png,IMD2020,0.0,0.0,0.019551539793610573
IMD2020__c9ll7hu_0.png,IMD2020,0.0,0.0,0.018659833818674088
IMD2020__c9ll8td_0.png,IMD2020,0.0,0.0,0.17590977251529694
IMD2020__c9lmn3m_0.png,IMD2020,0.0,0.0,0.2331751585006714
IMD2020__c9ln0pg_0.png,IMD2020,0.0,0.0,0.07157377898693085
IMD2020__c9ln2lz_0.png,IMD2020,0.0,0.0,0.007764756679534912
IMD2020__c9lnb0l_0.png,IMD2020,0.0,0.0,0.027476569637656212
IMD2020__c9lnfms_0.png,IMD2020,0.06266948900393597,0.03234837248896417,0.12307600677013397
IMD2020__c9lnnea_0.png,IMD2020,0.0,0.0,0.03544393554329872
IMD2020__c9lnp9v_0.png,IMD2020,0.0,0.0,0.08172038197517395
IMD2020__c9lo9be_0.png,IMD2020,0.0,0.0,0.011527066119015217
IMD2020__c9lofx5_0.png,IMD2020,0.32252199013569105,0.19226600184271855,0.11370769888162613
IMD2020__c9lon94_0.png,IMD2020,0.061582661919930046,0.03176955793272329,0.02452709712088108
IMD2020__c9lp8gw_0.png,IMD2020,0.0,0.0,0.017379160970449448
IMD2020__c9lpuor_0.png,IMD2020,0.19439583052868434,0.10766248428945743,0.07641484588384628
IMD2020__c9lqbfv_0.png,IMD2020,0.0010969422734128616,0.0005487721223761833,0.14946433901786804
IMD2020__c9lqecr_0.png,IMD2020,0.43418887480849616,0.27729326214577343,0.03767191991209984
IMD2020__c9lqual_0.png,IMD2020,0.0015940018301502494,0.0007976366322008863,0.10119035840034485
IMD2020__c9lqv7f_0.png,IMD2020,0.0,0.0,0.09164392948150635
IMD2020__c9lqv8m_0.png,IMD2020,0.0,0.0,0.04398011416196823
IMD2020__c9lqz29_0.png,IMD2020,0.07688828584350972,0.03998118532455315,0.020151175558567047
IMD2020__c9lrb3p_0.png,IMD2020,0.016425287073692493,0.00828064955993554,0.1150379627943039
IMD2020__c9lrubh_0.png,IMD2020,0.09324749723490541,0.04890382842014457,0.05877379700541496
IMD2020__c9ls62j_0.png,IMD2020,0.09057366568843536,0.04743501441289763,0.13063926994800568
IMD2020__c9lslic_0.png,IMD2020,0.014547107625866576,0.007326846021751574,0.16659966111183167
IMD2020__c9lt1dp_0.png,IMD2020,0.0,0.0,0.07806500792503357
IMD2020__c9ltbe6_0.png,IMD2020,0.0,0.0,0.03450274094939232
IMD2020__c9ltnkp_0.png,IMD2020,0.0,0.0,0.014184373430907726
IMD2020__c9ltxrr_0.png,IMD2020,0.0,0.0,0.1980712115764618
IMD2020__c9lvfdp_0.png,IMD2020,0.0,0.0,0.04654260352253914
IMD2020__c9lvns7_0.png,IMD2020,0.0243933588761175,0.012347275195552395,0.026445647701621056
IMD2020__c9lvqgs_0.png,IMD2020,0.0,0.0,0.004058453720062971
IMD2020__c9lyit5_0.png,IMD2020,0.015648987272817313,0.007886199151484901,0.09213212132453918
IMD2020__c9lyu4h_0.png,IMD2020,0.0,0.0,0.004433795809745789
IMD2020__c9lz131_0.png,IMD2020,0.0,0.0,0.04005591571331024
IMD2020__c9m1ged_0.png,IMD2020,0.0,0.0,0.013059400022029877
IMD2020__c9m1ree_0.png,IMD2020,0.0,0.0,0.008267953991889954
IMD2020__c9m2mgp_0.png,IMD2020,0.0,0.0,0.012797905132174492
IMD2020__c9m3r45_0.png,IMD2020,0.0,0.0,0.185329869389534
IMD2020__c9m59bz_0.png,IMD2020,0.020534175761056865,0.010373594486760972,0.240447998046875
IMD2020__c9m5ndi_0.png,IMD2020,0.0,0.0,0.03339231014251709
IMD2020__c9m7kgn_0.png,IMD2020,0.00028180673341963666,0.00014092322326642417,0.29973697662353516
IMD2020__c9m7wt8_0.png,IMD2020,0.0,0.0,0.010695673525333405
IMD2020__c9m8hr9_0.png,IMD2020,0.1470936127069956,0.07938534494551092,0.06953269243240356
IMD2020__c9m99xu_0.png,IMD2020,0.021173284457879114,0.010699918437314238,0.16808965802192688
IMD2020__c9mdh2i_0.png,IMD2020,0.1022342197461375,0.053870831063494946,0.03280128538608551
IMD2020__c9mdqpy_0.png,IMD2020,0.001643115346697338,0.00082223318533136,0.010061478242278099
IMD2020__c9mf0b8_0.png,IMD2020,0.0,0.0,0.041946619749069214
IMD2020__c9mf9lg_0.png,IMD2020,0.019200843993142556,0.009693483529067135,0.04139294847846031
IMD2020__c9mfrd2_0.png,IMD2020,0.007241457343290337,0.0036338859868271633,0.03757598251104355
IMD2020__c9mfypt_0.png,IMD2020,0.0,0.0,0.020687010139226913
IMD2020__c9mg9wr_0.png,IMD2020,0.025408878504672897,0.012867918946901346,0.29845014214515686
IMD2020__c9mgiwj_0.png,IMD2020,0.0,0.0,0.009503310546278954
IMD2020__c9mgqt3_0.png,IMD2020,0.055019607258413226,0.02828800098126399,0.11066560447216034
IMD2020__c9mgyh0_0.png,IMD2020,0.008120995380718223,0.0040770525528333644,0.027860160917043686
IMD2020__c9mhcvf_0.png,IMD2020,0.0,0.0,0.05353190749883652
IMD2020__c9mho3e_0.png,IMD2020,0.0,0.0,0.032587867230176926
IMD2020__c9mht38_0.png,IMD2020,0.0,0.0,0.027135835960507393
IMD2020__c9mib1x_0.png,IMD2020,0.03772632641473724,0.01922582304526749,0.13599097728729248
IMD2020__c9mic78_0.png,IMD2020,0.0017473197891370016,0.0008744238436115187,0.10336542874574661
IMD2020__c9mivhd_0.png,IMD2020,0.17746666145242657,0.09737361599862673,0.049734342843294144
IMD2020__c9mjrvb_0.png,IMD2020,0.0,0.0,0.027473870664834976
IMD2020__c9mjv8c_0.png,IMD2020,0.0,0.0,0.045987993478775024
IMD2020__c9ml96z_0.png,IMD2020,0.11177884615384616,0.05919796308084023,0.03636687994003296
IMD2020__c9mlghk_0.png,IMD2020,0.04638767813184579,0.02374456672523814,0.050950612872838974
IMD2020__c9mpeuk_0.png,IMD2020,0.0,0.0,0.051617104560136795
IMD2020__c9mriaz_0.png,IMD2020,0.03763422818791946,0.019177988491496874,0.15160171687602997
IMD2020__c9msbgg_0.png,IMD2020,0.0,0.0,0.013953772373497486
IMD2020__c9mtfwz_0.png,IMD2020,0.0,0.0,0.05471327528357506
IMD2020__c9mtwu3_0.png,IMD2020,0.0,0.0,0.025318937376141548
IMD2020__c9mvlue_0.png,IMD2020,0.0033795329409531043,0.0016926266141762234,0.061818189918994904
IMD2020__c9n0zlx_0.png,IMD2020,0.08666532717165629,0.04529543545225427,0.1602531224489212
IMD2020__c9n1skr_0.png,IMD2020,0.06295215473362742,0.03249901900330736,0.14432746171951294
IMD2020__c9n4613_0.png,IMD2020,0.0,0.0,0.13227063417434692
IMD2020__c9n4bm5_0.png,IMD2020,0.0,0.0,0.02101202867925167
IMD2020__c9n64mb_0.png,IMD2020,0.0,0.0,0.04137643054127693
IMD2020__c9n6ne8_0.png,IMD2020,0.0,0.0,0.07777098566293716
IMD2020__c9n70f3_0.png,IMD2020,0.0,0.0,0.002467456506565213
IMD2020__c9n90q8_0.png,IMD2020,0.0,0.0,0.019020145758986473
IMD2020__c9n96qs_0.png,IMD2020,0.0,0.0,0.030902419239282608
IMD2020__c9n98ue_0.png,IMD2020,0.0,0.0,0.0031985973473638296
IMD2020__c9n9au8_0.png,IMD2020,0.026333082746227702,0.013342212161547733,0.31398436427116394
IMD2020__c9n9bnt_0.png,IMD2020,0.017209141902808284,0.00867925219270137,0.05304285138845444
IMD2020__c9nau5v_0.png,IMD2020,0.23413425408753935,0.13258893244262868,0.17640870809555054
IMD2020__c9nb0ph_0.png,IMD2020,0.0,0.0,0.017330562695860863
IMD2020__c9nbea3_0.png,IMD2020,0.04765303694639883,0.02440807799442897,0.09877152740955353
IMD2020__c9nbxwv_0.png,IMD2020,0.028288036667024744,0.014346941740520123,0.11075843125581741
IMD2020__c9nds5g_0.png,IMD2020,0.0023180599883244773,0.0011603749034798448,0.1557881236076355
IMD2020__c9ne5m1_0.png,IMD2020,0.00781965577109735,0.003925174642822832,0.1572212427854538
IMD2020__c9nf4zp_0.png,IMD2020,0.16550784576085634,0.09021998016094039,0.1152065172791481
IMD2020__c9nfts5_0.png,IMD2020,0.005131050690341744,0.0025721241949840305,0.3934251666069031
IMD2020__c9nfw8h_0.png,IMD2020,0.0,0.0,0.11699501425027847
IMD2020__c9nhm96_0.png,IMD2020,0.010963582035901238,0.005512006686696636,0.08355742692947388
IMD2020__c9ni4dr_0.png,IMD2020,0.0,0.0,0.048077791929244995
IMD2020__c9njmjd_0.png,IMD2020,0.015342292580967224,0.007730447685570555,0.14475283026695251
IMD2020__c9njsph_0.png,IMD2020,0.1039235582614578,0.05480979351558667,0.09548204392194748
IMD2020__c9njyrr_0.png,IMD2020,0.0037826183926845587,0.0018948930249464454,0.3782113194465637
IMD2020__c9nk4s4_0.png,IMD2020,0.0,0.0,0.09633637964725494
IMD2020__c9nk828_0.png,IMD2020,0.0,0.0,0.025629505515098572
IMD2020__c9nkbnj_0.png,IMD2020,0.2037953795379538,0.11345888837850253,0.03043433465063572
IMD2020__c9nkk3r_0.png,IMD2020,0.11529282173673581,0.061172803428794074,0.010480542667210102
IMD2020__c9nknvd_0.png,IMD2020,0.21962424697449098,0.12335836780593598,0.08926571905612946
IMD2020__c9nks0m_0.png,IMD2020,0.0,0.0,0.0889567956328392
IMD2020__c9nl77k_0.png,IMD2020,0.0,0.0,0.08497604727745056
IMD2020__c9nma8l_0.png,IMD2020,0.023236290299234786,0.011754713112753473,0.19550399482250214
IMD2020__c9nmqfd_0.png,IMD2020,0.0,0.0,0.017316775396466255
IMD2020__c9npg11_0.png,IMD2020,0.0,0.0,0.05254916846752167
IMD2020__c9nqp2a_0.png,IMD2020,0.0,0.0,0.0691436231136322
IMD2020__c9nra1a_0.png,IMD2020,0.0,0.0,0.010661528445780277
IMD2020__c9nt2o8_0.png,IMD2020,0.0002853850385417415,0.00014271288333172577,0.2108485847711563
IMD2020__c9ntew0_0.png,IMD2020,0.0,0.0,0.009623248130083084
IMD2020__c9ntuji_0.png,IMD2020,0.0,0.0,0.04919349029660225
IMD2020__c9nty5e_0.png,IMD2020,0.0,0.0,0.07739624381065369
IMD2020__c9nu96c_0.png,IMD2020,0.3970272206303725,0.24768182325997096,0.04282725229859352
IMD2020__c9nuh5z_0.png,IMD2020,0.0,0.0,0.04344353452324867
IMD2020__c9nuhbj_0.png,IMD2020,0.0,0.0,0.03823978081345558
IMD2020__c9nut9u_0.png,IMD2020,0.09127958962774718,0.047822399305692535,0.016604535281658173
IMD2020__c9nuvz4_0.png,IMD2020,0.0,0.0,0.17865361273288727
IMD2020__c9nuy5u_0.png,IMD2020,0.2583743546644255,0.14835240590100648,0.06840836256742477
IMD2020__c9nv7k9_0.png,IMD2020,0.47346333938624674,0.3101552367539525,0.09804891049861908
IMD2020__c9nvi4n_0.png,IMD2020,0.0,0.0,0.11054614186286926
IMD2020__c9nvnky_0.png,IMD2020,0.4834108992643747,0.3187487626212631,0.020203078165650368
IMD2020__c9nvnml_0.png,IMD2020,0.15874195146111936,0.08621385339609954,0.0371263325214386
IMD2020__c9nvpcp_0.png,IMD2020,0.03106416969912133,0.01577713667508114,0.11553673446178436
IMD2020__c9nw6k4_0.png,IMD2020,0.0,0.0,0.029239235445857048
IMD2020__c9nwdn2_0.png,IMD2020,0.0,0.0,0.08630446344614029
IMD2020__c9nwfkt_0.png,IMD2020,0.036190839856594326,0.01842889858704576,0.06875793635845184
IMD2020__c9nwr7t_0.png,IMD2020,0.0,0.0,0.026726406067609787
IMD2020__c9nx3jn_0.png,IMD2020,0.16172730575595579,0.0879778643627534,0.09285075962543488
IMD2020__c9nxj2d_0.png,IMD2020,0.22694350555287301,0.12799564270152505,0.07038739323616028
IMD2020__c9nxok1_0.png,IMD2020,0.0,0.0,0.01559842936694622
IMD2020__c9nxumx_0.png,IMD2020,0.21812213685387585,0.12241138484584708,0.10117177665233612
IMD2020__c9nxx81_0.png,IMD2020,0.014660151043980453,0.007384202282389797,0.3314620852470398
IMD2020__c9nxy4w_0.png,IMD2020,0.0223845257176162,0.011318947494451045,0.18966764211654663
IMD2020__c9nytom_0.png,IMD2020,0.0,0.0,0.15774434804916382
IMD2020__c9nz0zs_0.png,IMD2020,0.0,0.0,0.34718266129493713
IMD2020__c9nzsmx_0.png,IMD2020,0.0,0.0,0.009454664774239063
IMD2020__c9nzxnk_0.png,IMD2020,0.26273511619450596,0.15123492027248164,0.14006875455379486
IMD2020__c9o08b5_0.png,IMD2020,0.0,0.0,0.045381754636764526
IMD2020__c9o0hnh_0.png,IMD2020,0.04136710896662646,0.021120399415329533,0.08999035507440567
IMD2020__c9o1k73_0.png,IMD2020,0.6202916160388822,0.44958168207837956,0.00443689851090312
IMD2020__c9o1y6b_0.png,IMD2020,0.18908482430171195,0.10441395976970645,0.08350346982479095
IMD2020__c9o1yg4_0.png,IMD2020,0.0,0.0,0.0017853215103968978
IMD2020__c9o2ydg_0.png,IMD2020,0.2674308731127618,0.15435509554140128,0.1763857752084732
IMD2020__c9o3qze_0.png,IMD2020,0.0,0.0,0.08786387741565704
IMD2020__c9o3z78_0.png,IMD2020,0.0,0.0,0.02484159730374813
IMD2020__c9o4h65_0.png,IMD2020,0.0,0.0,0.09611495584249496
IMD2020__c9o51n8_0.png,IMD2020,0.0,0.0,0.028089581057429314
IMD2020__c9o54v5_0.png,IMD2020,0.0,0.0,0.01285555586218834
IMD2020__c9o5mjb_0.png,IMD2020,0.0,0.0,0.03487487882375717
IMD2020__c9o6082_0.png,IMD2020,0.0,0.0,0.22963696718215942
IMD2020__c9o6bus_0.png,IMD2020,0.0,0.0,0.03803893178701401
IMD2020__c9o6e0q_0.png,IMD2020,0.09897078698409398,0.05206168653614787,0.05498694255948067
IMD2020__c9o85b2_0.png,IMD2020,0.04228997033390141,0.0216017539334537,0.13277658820152283
IMD2020__c9o87nu_0.png,IMD2020,0.0,0.0,0.052529044449329376
IMD2020__c9o8vr7_0.png,IMD2020,0.021132596685082872,0.010679137293222587,0.1349087953567505
IMD2020__c9o979d_0.png,IMD2020,0.0,0.0,0.016047857701778412
IMD2020__c9oc4q6_0.png,IMD2020,0.13031842263367743,0.06970086468801122,0.05828936770558357
IMD2020__c9oce7b_0.png,IMD2020,0.0,0.0,0.06813937425613403
IMD2020__c9ocka2_0.png,IMD2020,0.002193222941111964,0.0010978153474585574,0.10039545595645905
IMD2020__c9ockip_0.png,IMD2020,0.0,0.0,0.020390009507536888
IMD2020__c9octsz_0.png,IMD2020,0.0,0.0,0.028706122189760208
IMD2020__c9ocul2_0.png,IMD2020,0.03567900865036368,0.018163532746167676,0.23163646459579468
IMD2020__c9od2bp_0.png,IMD2020,0.42286990961714227,0.26812620734063103,0.03989100828766823
IMD2020__c9odpwo_0.png,IMD2020,0.0,0.0,0.005411229562014341
IMD2020__c9oe4ae_0.png,IMD2020,0.0,0.0,0.037401601672172546
IMD2020__c9oe89a_0.png,IMD2020,0.0,0.0,0.0893080085515976
IMD2020__c9oej2d_0.png,IMD2020,0.0,0.0,0.05181557685136795
IMD2020__c9oexva_0.png,IMD2020,0.0898233296447514,0.047023571713943266,0.2939240634441376
IMD2020__c9ogiu1_0.png,IMD2020,0.0034353500280906637,0.0017206304980602544,0.1852695792913437
IMD2020__c9ohsnw_0.png,IMD2020,0.0,0.0,0.2581738233566284
IMD2020__c9oinbz_0.png,IMD2020,0.0,0.0,0.21540452539920807
IMD2020__c9oiun2_0.png,IMD2020,0.0,0.0,0.18023131787776947
IMD2020__c9ojssa_0.png,IMD2020,0.0,0.0,0.04070376977324486
IMD2020__c9omlsl_0.png,IMD2020,0.0,0.0,0.00824656244367361
IMD2020__c9orbjh_0.png,IMD2020,0.0,0.0,0.03565851226449013
IMD2020__c9orhl5_0.png,IMD2020,0.007148308510718684,0.0035869746560902734,0.14045430719852448
IMD2020__c9oridj_0.png,IMD2020,0.0,0.0,0.0791730135679245
IMD2020__c9os1tp_0.png,IMD2020,0.01605584642233857,0.00809289232934553,0.05083218216896057
IMD2020__c9os3m3_0.png,IMD2020,0.0,0.0,0.02458590641617775
IMD2020__c9ouujp_0.png,IMD2020,0.6084237064693373,0.43721907975714663,0.013234322890639305
IMD2020__c9oviie_0.png,IMD2020,0.05301634814644255,0.027229991425952754,0.1800900548696518
IMD2020__c9owhds_0.png,IMD2020,0.01899534847511726,0.009588745014049084,0.08772701770067215
IMD2020__c9owniu_0.png,IMD2020,0.0029692598705282117,0.0014868373384856902,0.0716506689786911
IMD2020__c9owyxs_0.png,IMD2020,0.0,0.0,0.007412569597363472
IMD2020__c9oz0g4_0.png,IMD2020,0.17270806928601606,0.094515860538241,0.18031758069992065
IMD2020__c9oz87d_0.png,IMD2020,0.0,0.0,0.02912517450749874
IMD2020__c9ozajr_0.png,IMD2020,0.0,0.0,0.057531386613845825
IMD2020__c9ozb2v_0.png,IMD2020,0.0,0.0,0.029491836205124855
IMD2020__c9ozgv4_0.png,IMD2020,0.0,0.0,0.04084789752960205
IMD2020__c9ozu20_0.png,IMD2020,0.2054825961999042,0.11450576949812317,0.10509262979030609
IMD2020__c9p01qy_0.png,IMD2020,0.0,0.0,0.004010614473372698
IMD2020__c9p0mfv_0.png,IMD2020,0.0,0.0,0.026150278747081757
IMD2020__c9p1j4k_0.png,IMD2020,0.0,0.0,0.013361718505620956
IMD2020__c9p282z_0.png,IMD2020,0.018940472799772144,0.009560779239450794,0.06256523728370667
IMD2020__c9p2hfz_0.png,IMD2020,0.0,0.0,0.05807745084166527
IMD2020__c9p4sou_0.png,IMD2020,0.0,0.0,0.04510638117790222
IMD2020__c9p5bmr_0.png,IMD2020,0.0,0.0,0.07661513984203339
IMD2020__c9p6j5b_0.png,IMD2020,0.015451797111185758,0.007786052809749492,0.07944866269826889
IMD2020__c9p7smn_0.png,IMD2020,0.021888717026880146,0.011065462906607156,0.03954749554395676
IMD2020__c9pefdl_0.png,IMD2020,0.0,0.0,0.016625361517071724
IMD2020__c9pfl6d_0.png,IMD2020,0.0,0.0,0.05351564660668373
IMD2020__c9pfqeq_0.png,IMD2020,0.044912166646350546,0.022971943193626602,0.013255184516310692
IMD2020__c9pfvx9_0.png,IMD2020,0.0,0.0,0.0407244935631752
IMD2020__c9pgah7_0.png,IMD2020,0.007971234814335003,0.004001566118746309,0.05140948295593262
IMD2020__c9pgddf_0.png,IMD2020,0.0,0.0,0.006916496437042952
IMD2020__c9pged8_0.png,IMD2020,0.049910725407964124,0.02559407205519121,0.09248272329568863
IMD2020__c9pgi5r_0.png,IMD2020,0.015054748278575914,0.007584465246847405,0.07244755327701569
IMD2020__c9pgmbx_0.png,IMD2020,0.0,0.0,0.0129126301035285
IMD2020__c9pgyxl_0.png,IMD2020,0.004656765977262834,0.0023338170084524763,0.15434479713439941
IMD2020__c9pilty_0.png,IMD2020,0.0,0.0,0.08450472354888916
IMD2020__c9pj6yb_0.png,IMD2020,0.0,0.0,0.06733135133981705
IMD2020__c9pju0e_0.png,IMD2020,0.08992343032159265,0.04707844269129626,0.022135870531201363
IMD2020__c9plhb5_0.png,IMD2020,0.12315162582224896,0.06561618270106759,0.04109371080994606
IMD2020__c9plxty_0.png,IMD2020,0.019920057663324813,0.010060229002581243,0.023721158504486084
IMD2020__c9pmfw0_0.png,IMD2020,0.0,0.0,0.0020678360015153885
IMD2020__c9pmle5_0.png,IMD2020,0.0016679904686258936,0.000834691362931754,0.09621396660804749
IMD2020__c9pmrb5_0.png,IMD2020,0.0,0.0,0.06017036736011505
IMD2020__c9pmyfj_0.png,IMD2020,0.05236875244257241,0.026888433068759477,0.291733056306839
IMD2020__c9pmymm_0.png,IMD2020,0.0,0.0,0.0035352727863937616
IMD2020__c9pn1gz_0.png,IMD2020,0.006718134606671081,0.003370388665702033,0.03796181082725525
IMD2020__c9pn1hj_0.png,IMD2020,0.04195606952720093,0.021427542494958225,0.071810282766819
IMD2020__c9pnfbw_0.png,IMD2020,0.0,0.0,0.0028715524822473526
IMD2020__c9pnjfr_0.png,IMD2020,0.003924399652719253,0.0019660576242886184,0.18886727094650269
IMD2020__c9pnr75_0.png,IMD2020,0.0,0.0,0.09334971010684967
IMD2020__c9pnuvp_0.png,IMD2020,0.0,0.0,0.01587975211441517
IMD2020__c9pojdy_0.png,IMD2020,0.0,0.0,0.0028794368263334036
IMD2020__c9poq56_0.png,IMD2020,0.004885754833063353,0.002448859680541526,0.33214178681373596
IMD2020__c9pp2db_0.png,IMD2020,0.0,0.0,0.07743871957063675
IMD2020__c9ppuxs_0.png,IMD2020,0.0,0.0,0.03333558887243271
IMD2020__c9pq1oo_0.png,IMD2020,0.0425445485565726,0.021734619056183506,0.21251583099365234
IMD2020__c9pqbmt_0.png,IMD2020,0.0,0.0,0.027198465541005135
IMD2020__c9pqiu6_0.png,IMD2020,0.026591476973156364,0.013474897195827428,0.06811356544494629
IMD2020__c9prbhe_0.png,IMD2020,0.0,0.0,0.07642952352762222
IMD2020__c9prszs_0.png,IMD2020,0.03995099707343633,0.020382652175422757,0.013729973696172237
IMD2020__c9prwxt_0.png,IMD2020,0.0,0.0,0.017285941168665886
IMD2020__c9ps27s_0.png,IMD2020,0.0,0.0,0.050943996757268906
IMD2020__c9pse6z_0.png,IMD2020,0.01318272157790133,0.006635095094588092,0.09179375320672989
IMD2020__c9pskj4_0.png,IMD2020,0.0,0.0,0.023474732413887978
IMD2020__c9pu31c_0.png,IMD2020,0.0,0.0,0.02947271429002285
IMD2020__c9pufrq_0.png,IMD2020,0.0,0.0,0.019380785524845123
IMD2020__c9pur9b_0.png,IMD2020,0.0,0.0,0.043071962893009186
IMD2020__c9pw7al_0.png,IMD2020,0.021587723607779673,0.010911640543975226,0.07559635490179062
IMD2020__c9px7bq_0.png,IMD2020,0.1043174444721737,0.055028962611901,0.015571088530123234
IMD2020__c9pxyb3_0.png,IMD2020,0.21635153725565473,0.12129718482910774,0.110993891954422
IMD2020__c9q0f2e_0.png,IMD2020,0.05301450179835438,0.027229017292281738,0.1844971477985382
IMD2020__c9q0ksk_0.png,IMD2020,0.0,0.0,0.03587346896529198
IMD2020__c9q1yvj_0.png,IMD2020,0.0,0.0,0.013601795770227909
IMD2020__c9q9vd2_0.png,IMD2020,0.0,0.0,0.03717515617609024
IMD2020__c9qa0jn_0.png,IMD2020,0.0,0.0,0.033900339156389236
IMD2020__c9qa804_0.png,IMD2020,0.0,0.0,0.00842516403645277
IMD2020__c9qbapf_0.png,IMD2020,0.0,0.0,0.021376358345150948
IMD2020__c9qbb3c_0.png,IMD2020,0.0,0.0,0.06983578950166702
IMD2020__c9qbf36_0.png,IMD2020,0.0,0.0,0.0401969812810421
IMD2020__c9qbijq_0.png,IMD2020,0.0,0.0,0.03459164872765541
IMD2020__c9qbl44_0.png,IMD2020,0.25388698683921224,0.1454012340126999,0.24477069079875946
IMD2020__c9qblv3_0.png,IMD2020,0.09626340106759969,0.05056550424128181,0.05079269036650658
IMD2020__c9qbopn_0.png,IMD2020,0.05382005382005382,0.02765420223638331,0.23920023441314697
IMD2020__c9qbqiy_0.png,IMD2020,0.0,0.0,0.052489183843135834
IMD2020__c9qbx13_0.png,IMD2020,0.14017902381354502,0.0753723211042499,0.06448041647672653
IMD2020__c9qc61f_0.png,IMD2020,0.06630629149281647,0.034289965986394555,0.030678190290927887
IMD2020__c9qchcl_0.png,IMD2020,0.0,0.0,0.0405048169195652
IMD2020__c9qcjlz_0.png,IMD2020,0.0,0.0,0.03191636502742767
IMD2020__c9qck5s_0.png,IMD2020,0.0,0.0,0.06406129896640778
IMD2020__c9qclh8_0.png,IMD2020,0.0,0.0,0.04695367068052292
IMD2020__c9qct83_0.png,IMD2020,0.025012761613067893,0.012664771258723184,0.31326839327812195
IMD2020__c9qd0uq_0.png,IMD2020,0.039457516042415694,0.020125815362473595,0.1039796844124794
IMD2020__c9qdz3g_0.png,IMD2020,0.06433368681512902,0.03323593864134405,0.09564848989248276
IMD2020__c9qeolo_0.png,IMD2020,0.0,0.0,0.022006671875715256
IMD2020__c9qesys_0.png,IMD2020,0.0,0.0,0.025973036885261536
IMD2020__c9qf78w_0.png,IMD2020,0.4208657923281728,0.26651679780192333,0.015581294894218445
IMD2020__c9qf8d5_0.png,IMD2020,0.0,0.0,0.06605736911296844
IMD2020__c9qf9n8_0.png,IMD2020,0.0,0.0,0.1946178823709488
IMD2020__c9qfggr_0.png,IMD2020,0.0,0.0,0.009335036389529705
IMD2020__c9qfljn_0.png,IMD2020,0.0,0.0,0.009939822368323803
IMD2020__c9qgg7m_0.png,IMD2020,0.05736191963651853,0.029527846806022513,0.04661456122994423
IMD2020__c9qgjzt_0.png,IMD2020,0.09259363984240984,0.04854426501689957,0.12291783839464188
IMD2020__c9qgsja_0.png,IMD2020,0.27067353558481205,0.15651962839552486,0.09992136061191559
IMD2020__c9qh57b_0.png,IMD2020,0.25272207388892043,0.14463759320270506,0.016618382185697556
IMD2020__c9qhgpe_0.png,IMD2020,0.0,0.0,0.014690699987113476
IMD2020__c9qhtma_0.png,IMD2020,0.02216821495900243,0.011208341946301017,0.18883201479911804
IMD2020__c9qhy6w_0.png,IMD2020,0.0,0.0,0.07421134412288666
IMD2020__c9qj2yg_0.png,IMD2020,0.0,0.0,0.01366096455603838
IMD2020__c9qjgce_0.png,IMD2020,0.0955585464333782,0.05017667844522968,0.11017128825187683
IMD2020__c9qjqw1_0.png,IMD2020,0.0,0.0,0.02420581504702568
IMD2020__c9ql7s0_0.png,IMD2020,0.0,0.0,0.05149267986416817
IMD2020__c9qlwig_0.png,IMD2020,0.07614942528735633,0.039581777445855115,0.01759170927107334
IMD2020__c9qlz7i_0.png,IMD2020,0.5085180345652227,0.34094816186194127,0.05238547548651695
IMD2020__c9qm1u8_0.png,IMD2020,0.0,0.0,0.0280949454754591
IMD2020__c9qn2pn_0.png,IMD2020,0.05889439164770446,0.030340642669976554,0.07086104899644852
IMD2020__c9qqxbn_0.png,IMD2020,0.7894336561375045,0.6521192829619702,0.0510324165225029
IMD2020__c9qs50l_0.png,IMD2020,0.2796997771783746,0.1625877701274797,0.1575176864862442
IMD2020__c9qu9on_0.png,IMD2020,0.06144113696433988,0.03169423334823424,0.07454686611890793
IMD2020__c9qvtyc_0.png,IMD2020,0.0,0.0,0.09131313860416412
IMD2020__c9qwcfj_0.png,IMD2020,0.004495392222971455,0.0022527596305474207,0.08923477679491043
IMD2020__c9qxrer_0.png,IMD2020,0.16598643727238477,0.09050447643665371,0.18993975222110748
IMD2020__c9qyul2_0.png,IMD2020,0.0,0.0,0.295360267162323
IMD2020__c9qzamk_0.png,IMD2020,0.11015490533562823,0.058287795992714025,0.034593015909194946
IMD2020__c9r01uk_0.png,IMD2020,0.0,0.0,0.14605195820331573
IMD2020__c9r0i3p_0.png,IMD2020,0.09389268220618718,0.049258864561131564,0.2198270857334137
IMD2020__c9r116y_0.png,IMD2020,0.0,0.0,0.043652523308992386
IMD2020__c9r11np_0.png,IMD2020,0.0,0.0,0.13074380159378052
IMD2020__c9r1e51_0.png,IMD2020,0.0,0.0,0.0033453451469540596
IMD2020__c9r1x9k_0.png,IMD2020,0.043132887351472554,0.02204180706634403,0.12575985491275787
IMD2020__c9r1yor_0.png,IMD2020,0.00015076251038908324,7.538693795655006e-05,0.32925546169281006
IMD2020__c9r227u_0.png,IMD2020,0.1210001533977604,0.0643960421905104,0.016844799742102623
IMD2020__c9r2mxr_0.png,IMD2020,0.0,0.0,0.05433671921491623
IMD2020__c9r3z04_0.png,IMD2020,0.0,0.0,0.026437385007739067
IMD2020__c9r4jzf_0.png,IMD2020,0.0,0.0,0.01683203876018524
IMD2020__c9r4vts_0.png,IMD2020,0.0,0.0,0.02078643999993801
IMD2020__c9r55jp_0.png,IMD2020,0.012268851376117227,0.006172289137095336,0.19777041673660278
IMD2020__c9r5xdn_0.png,IMD2020,0.4882450724293517,0.32296575557650015,0.028795581310987473
IMD2020__c9r63ei_0.png,IMD2020,0.05231939163498099,0.026862408246134624,0.017059722915291786
IMD2020__c9r6ey7_0.png,IMD2020,0.04822108379940781,0.024706222307840493,0.06380204856395721
IMD2020__c9r6gfi_0.png,IMD2020,0.0,0.0,0.02091010846197605
IMD2020__c9r6r63_0.png,IMD2020,0.0,0.0,0.025358757004141808
IMD2020__c9r6z10_0.png,IMD2020,0.0,0.0,0.007544087711721659
IMD2020__c9r72x2_0.png,IMD2020,0.0,0.0,0.09644929319620132
IMD2020__c9r7c3k_0.png,IMD2020,0.0,0.0,0.07410303503274918
IMD2020__c9r7lra_0.png,IMD2020,0.31112232226016767,0.18421838737103335,0.041069597005844116
IMD2020__c9r7vrf_0.png,IMD2020,0.0,0.0,0.12295247614383698
IMD2020__c9r82u9_0.png,IMD2020,0.007752879004912315,0.003891524762771351,0.06969490647315979
IMD2020__c9r8my1_0.png,IMD2020,0.000878761956606268,0.00043957411880949325,0.09273076057434082
IMD2020__c9r8uoc_0.png,IMD2020,0.0,0.0,0.040307898074388504
IMD2020__c9r9e1p_0.png,IMD2020,0.03726823075091914,0.018987938818138938,0.08456158638000488
IMD2020__c9r9pvh_0.png,IMD2020,0.07281878886408935,0.03778512806336921,0.1159825399518013
IMD2020__c9r9rgc_0.png,IMD2020,0.0,0.0,0.004415647126734257
IMD2020__c9raw4l_0.png,IMD2020,0.0,0.0,0.08602876216173172
IMD2020__c9rci56_0.png,IMD2020,0.0,0.0,0.26190415024757385
IMD2020__c9riqoh_0.png,IMD2020,0.09134463276836158,0.047858106988088754,0.07832690328359604
IMD2020__c9riv1o_0.png,IMD2020,0.02612098138747885,0.013233324403964639,0.04036716744303703
IMD2020__c9rj3zp_0.png,IMD2020,0.0,0.0,0.07431430369615555
IMD2020__c9rmr49_0.png,IMD2020,0.0,0.0,0.07510271668434143
IMD2020__c9ro49b_0.png,IMD2020,0.0,0.0,0.07016308605670929
IMD2020__c9roi3w_0.png,IMD2020,0.14934053192260308,0.08069584626379113,0.1349869668483734
IMD2020__c9rorcy_0.png,IMD2020,0.0,0.0,0.009324855171144009
IMD2020__c9rp985_0.png,IMD2020,0.0,0.0,0.06997068226337433
IMD2020__c9rpaia_0.png,IMD2020,0.0,0.0,0.01854862831532955
IMD2020__c9rrhbu_0.png,IMD2020,0.0,0.0,0.04523757845163345
IMD2020__c9rsftz_0.png,IMD2020,0.0,0.0,0.0059027355164289474
IMD2020__c9rsjqz_0.png,IMD2020,0.0,0.0,0.012846245430409908
IMD2020__c9ru0d5_0.png,IMD2020,0.0,0.0,0.025810275226831436
IMD2020__c9rv3bk_0.png,IMD2020,0.0,0.0,0.022952552884817123
IMD2020__c9rwbtx_0.png,IMD2020,0.0,0.0,0.011318588629364967
IMD2020__c9rwfag_0.png,IMD2020,0.0,0.0,0.034455556422472
IMD2020__c9rx5mc_0.png,IMD2020,0.0,0.0,0.02200883813202381
IMD2020__c9rxhks_0.png,IMD2020,0.08818555816360012,0.04612663040608333,0.03330492228269577
IMD2020__c9ryjzh_0.png,IMD2020,0.0,0.0,0.06337260454893112
IMD2020__c9rz8bm_0.png,IMD2020,0.0,0.0,0.018330201506614685
IMD2020__c9s0eqx_0.png,IMD2020,0.014574104269779656,0.007340543054828769,0.17833729088306427
IMD2020__c9s0iit_0.png,IMD2020,0.00030393877015321276,0.00015199248328082683,0.06227846443653107
IMD2020__c9s0tj6_0.png,IMD2020,0.005648038049940547,0.0028320166939931435,0.031354911625385284
IMD2020__c9s10kg_0.png,IMD2020,0.0,0.0,0.01883036084473133
IMD2020__c9s2tum_0.png,IMD2020,0.003556365453289638,0.0017813502929658746,0.11933230608701706
IMD2020__c9s5r36_0.png,IMD2020,0.19311343378127688,0.10687634597085191,0.08286426216363907
IMD2020__c9s7zuv_0.png,IMD2020,0.0,0.0,0.019647208973765373
IMD2020__c9s81l3_0.png,IMD2020,0.0,0.0,0.010721162892878056
IMD2020__c9s89u4_0.png,IMD2020,0.04181238828009637,0.021352595650103192,0.08056250214576721
IMD2020__c9s8qkh_0.png,IMD2020,0.0,0.0,0.011250058189034462
IMD2020__c9s9ofo_0.png,IMD2020,0.07010915197313182,0.03632804002610398,0.02702859789133072
IMD2020__c9sasg7_0.png,IMD2020,0.0,0.0,0.014139617793262005
IMD2020__c9saxhk_0.png,IMD2020,0.0,0.0,0.01909509301185608
IMD2020__c9sb09t_0.png,IMD2020,0.08267939487096514,0.043122362869198315,0.013718782924115658
IMD2020__c9sbtl1_0.png,IMD2020,0.0,0.0,0.005242418497800827
IMD2020__c9sd8lt_0.png,IMD2020,0.0,0.0,0.009110976941883564
IMD2020__c9sevmb_0.png,IMD2020,0.007524769031395009,0.0037765935126515882,0.21579474210739136
IMD2020__c9sh0l8_0.png,IMD2020,0.0,0.0,0.0191444531083107
IMD2020__c9sk4y8_0.png,IMD2020,0.0,0.0,0.04121623560786247
IMD2020__c9skrua_0.png,IMD2020,0.012046572911344753,0.006059786284323008,0.05174504593014717
IMD2020__c9sl9vi_0.png,IMD2020,0.0,0.0,0.05929005891084671
IMD2020__c9slrk8_0.png,IMD2020,0.2231764044369473,0.12560414269275028,0.022841280326247215
IMD2020__c9smbbb_0.png,IMD2020,0.0808535503278724,0.04212995331423803,0.06519237160682678
IMD2020__c9smxwp_0.png,IMD2020,0.0,0.0,0.021744638681411743
IMD2020__c9snbpi_0.png,IMD2020,0.21710639227372724,0.12177192813574748,0.15072251856327057
IMD2020__c9sni90_0.png,IMD2020,0.02829538446655945,0.014350721829042427,0.18038927018642426
IMD2020__c9snzf4_0.png,IMD2020,0.0,0.0,0.030456727370619774
IMD2020__c9sol61_0.png,IMD2020,0.7184789859906604,0.5606454971369078,0.0193084254860878
IMD2020__c9spdmn_0.png,IMD2020,0.0,0.0,0.00634152302518487
IMD2020__c9sq9wb_0.png,IMD2020,0.0,0.0,0.05508299171924591
IMD2020__c9ssolx_0.png,IMD2020,0.10735649973590793,0.05672304357420075,0.03351568430662155
IMD2020__c9stktv_0.png,IMD2020,0.0,0.0,0.08452577888965607
IMD2020__c9sujg5_0.png,IMD2020,0.0,0.0,0.0646948590874672
IMD2020__c9sut3r_0.png,IMD2020,0.0,0.0,0.027313869446516037
IMD2020__c9sv7jw_0.png,IMD2020,0.0,0.0,0.02809203788638115
IMD2020__c9svxax_0.png,IMD2020,0.012462260153974754,0.006270200511986357,0.17237605154514313
IMD2020__c9svxp7_0.png,IMD2020,0.2327790973871734,0.13172043010752688,0.029523536562919617
IMD2020__c9swoak_0.png,IMD2020,0.0,0.0,0.18587997555732727
IMD2020__c9swpes_0.png,IMD2020,0.0,0.0,0.008744325488805771
IMD2020__c9swxup_0.png,IMD2020,0.0,0.0,0.056144487112760544
IMD2020__c9sx6lo_0.png,IMD2020,0.0,0.0,0.003913593478500843
IMD2020__c9sx82c_0.png,IMD2020,0.0,0.0,0.013672818429768085
IMD2020__c9sxsh2_0.png,IMD2020,0.0,0.0,0.10353715717792511
IMD2020__c9sxszx_0.png,IMD2020,0.0,0.0,0.01232154667377472
IMD2020__c9sxugb_0.png,IMD2020,0.0,0.0,0.14469078183174133
IMD2020__c9sxwk6_0.png,IMD2020,0.0,0.0,0.2522803246974945
IMD2020__c9sxwtn_0.png,IMD2020,0.032662175741560905,0.01660222018751277,0.14053067564964294
IMD2020__c9sydmi_0.png,IMD2020,0.0,0.0,0.04573887214064598
IMD2020__c9syfrn_0.png,IMD2020,0.0,0.0,0.03480234742164612
IMD2020__c9syk85_0.png,IMD2020,0.0,0.0,0.01681508682668209
IMD2020__c9syx9t_0.png,IMD2020,0.0,0.0,0.0804305449128151
IMD2020__c9sz63f_0.png,IMD2020,0.0,0.0,0.0032777786254882812
IMD2020__c9sznzx_0.png,IMD2020,0.0,0.0,0.0028882273472845554
IMD2020__c9szqbq_0.png,IMD2020,0.04727872457394173,0.02421171171171171,0.041510310024023056
IMD2020__c9szyfw_0.png,IMD2020,0.0,0.0,0.014645151793956757
IMD2020__c9t0nzc_0.png,IMD2020,0.0,0.0,0.09791599959135056
IMD2020__c9t11zo_0.png,IMD2020,0.004210615405774256,0.0021097493744964167,0.20168641209602356
IMD2020__c9t18zw_0.png,IMD2020,0.05006891927131841,0.02567727637461312,0.028134239837527275
IMD2020__c9t2l1i_0.png,IMD2020,0.0,0.0,0.01997007615864277
IMD2020__c9t32sp_0.png,IMD2020,0.0,0.0,0.03877696394920349
IMD2020__c9t437l_0.png,IMD2020,0.013409820341609178,0.00675016945060863,0.16986151039600372
IMD2020__c9t4d4m_0.png,IMD2020,0.0,0.0,0.03536197170615196
IMD2020__c9t4vnq_0.png,IMD2020,0.2912300055157198,0.17043253712072304,0.00819989200681448
IMD2020__c9t57ny_0.png,IMD2020,0.0,0.0,0.06152503192424774
IMD2020__c9t5bpb_0.png,IMD2020,0.05782270990013562,0.029772106900272963,0.02180124633014202
IMD2020__c9t5fpp_0.png,IMD2020,0.0,0.0,0.019535761326551437
IMD2020__c9t5y36_0.png,IMD2020,0.03662472827876952,0.01865396228947192,0.04772445186972618
IMD2020__c9t6w7g_0.png,IMD2020,0.0,0.0,0.025069264695048332
IMD2020__c9tc1u1_0.png,IMD2020,0.0014982486687858112,0.0007496859423754914,0.07958675175905228
IMD2020__c9td4wy_0.png,IMD2020,0.39568922008134666,0.24664125245197824,0.019661692902445793
IMD2020__c9telos_0.png,IMD2020,0.0,0.0,0.005124497693032026
IMD2020__c9teyfk_0.png,IMD2020,0.24315685756170244,0.13840555920332676,0.04395197331905365
IMD2020__c9tgf50_0.png,IMD2020,0.08892064327705286,0.04652901668590618,0.10385266691446304
IMD2020__c9th08v_0.png,IMD2020,0.0,0.0,0.045120272785425186
IMD2020__c9thhyx_0.png,IMD2020,0.005799576595328317,0.0029082215244076504,0.03825489431619644
IMD2020__c9ti2l5_0.png,IMD2020,0.0,0.0,0.09353909641504288
IMD2020__c9tivpo_0.png,IMD2020,0.12282578103011539,0.0654312102674823,0.0664047822356224
IMD2020__c9tjpep_0.png,IMD2020,0.0,0.0,0.0732555091381073
IMD2020__c9tl14w_0.png,IMD2020,0.0,0.0,0.1683722287416458
IMD2020__c9tm0rs_0.png,IMD2020,0.0,0.0,0.08340591937303543
IMD2020__c9tmqeu_0.png,IMD2020,0.0,0.0,0.012476816773414612
IMD2020__c9trg08_0.png,IMD2020,0.19385531215362964,0.10733099815208098,0.07050130516290665
IMD2020__c9tz09a_0.png,IMD2020,0.0,0.0,0.0026440746150910854
IMD2020__c9tzpit_0.png,IMD2020,0.0,0.0,0.012060992419719696
IMD2020__c9u17mo_0.png,IMD2020,0.0005334933813477377,0.0002668178634559584,0.17980436980724335
IMD2020__c9u2w1w_0.png,IMD2020,0.0,0.0,0.038934048265218735
IMD2020__c9u4fdo_0.png,IMD2020,0.029316383447918017,0.01487625065824118,0.15989407896995544
IMD2020__c9u4rvj_0.png,IMD2020,0.0,0.0,0.015400373376905918
IMD2020__c9u513b_0.png,IMD2020,0.0,0.0,0.008518869057297707
IMD2020__c9u54ff_0.png,IMD2020,0.0,0.0,0.005727753508836031
IMD2020__c9u55gy_0.png,IMD2020,0.10312024353120243,0.05436308926780341,0.05144927278161049
IMD2020__c9u5f90_0.png,IMD2020,0.2872187649593107,0.16769144773616546,0.025606123730540276
IMD2020__c9u5rax_0.png,IMD2020,0.166334109300521,0.09071124142308738,0.048249948769807816
IMD2020__c9u63t1_0.png,IMD2020,0.0,0.0,0.14784200489521027
IMD2020__c9u6r0p_0.png,IMD2020,0.0,0.0,0.051505204290151596
IMD2020__c9u6sk6_0.png,IMD2020,0.12960753906715972,0.06929430147645015,0.045695822685956955
IMD2020__c9u6u6a_0.png,IMD2020,0.0,0.0,0.02666337601840496
IMD2020__c9u6xhp_0.png,IMD2020,0.5145855567413732,0.34642557777511673,0.047509707510471344
IMD2020__c9u7cgz_0.png,IMD2020,0.0075940628236106315,0.0038115038115038116,0.06788960844278336
IMD2020__c9u7myf_0.png,IMD2020,0.021140275768401783,0.010683059293963177,0.18472334742546082
IMD2020__c9u8hhh_0.png,IMD2020,0.05989981321107149,0.030874597930023413,0.18239687383174896
IMD2020__c9u8l4u_0.png,IMD2020,0.0,0.0,0.04059459641575813
IMD2020__c9u8n2n_0.png,IMD2020,0.03302480085142065,0.016789637645515658,0.07777189463376999
IMD2020__c9u8wpx_0.png,IMD2020,0.0,0.0,0.05445776507258415
IMD2020__c9u90oo_0.png,IMD2020,0.0,0.0,0.03458571434020996
IMD2020__c9ua527_0.png,IMD2020,0.0,0.0,0.02255772426724434
IMD2020__c9uanxz_0.png,IMD2020,0.0,0.0,0.057184234261512756
IMD2020__c9uaxgp_0.png,IMD2020,0.0,0.0,0.05151592195034027
IMD2020__c9uaypt_0.png,IMD2020,0.05788362978595116,0.029804408568767465,0.044746581465005875
IMD2020__c9ub2de_0.png,IMD2020,0.24660165681736324,0.14064211807668897,0.0766923651099205
IMD2020__c9ub2k7_0.png,IMD2020,0.0308735450333371,0.01567880262614205,0.05356346815824509
IMD2020__c9ub6j6_0.png,IMD2020,0.36203809213739213,0.22102961637845359,0.021136365830898285
IMD2020__c9ubdgk_0.png,IMD2020,0.3040948448503121,0.1793112332531776,0.059938423335552216
IMD2020__c9ucsmp_0.png,IMD2020,0.38673445093343417,0.23972150843808598,0.1354813277721405
IMD2020__c9udub9_0.png,IMD2020,0.40902798958308895,0.2570931398572524,0.03416774421930313
IMD2020__c9uep5n_0.png,IMD2020,0.0,0.0,0.030773261561989784
IMD2020__c9uj2fl_0.png,IMD2020,0.0,0.0,0.07553493976593018
IMD2020__c9ulmme_0.png,IMD2020,0.0,0.0,0.032459598034620285
IMD2020__c9umoqv_0.png,IMD2020,0.24960667374044126,0.14260033444816053,0.026874888688325882
IMD2020__c9uonxh_0.png,IMD2020,0.13236071466328364,0.07087059889052418,0.015019194222986698
IMD2020__c9urh6i_0.png,IMD2020,0.26066330600675525,0.14986362727064254,0.14284956455230713
IMD2020__c9urhu8_0.png,IMD2020,0.0,0.0,0.031628552824258804
IMD2020__c9uti5t_0.png,IMD2020,0.2681641983898221,0.15484389348025712,0.021387120708823204
IMD2020__c9uud5o_0.png,IMD2020,0.0,0.0,0.04938609153032303
IMD2020__c9uudgq_0.png,IMD2020,0.0,0.0,0.01955154351890087
IMD2020__c9uuuw6_0.png,IMD2020,0.0,0.0,0.010567058809101582
IMD2020__c9uux1l_0.png,IMD2020,0.0,0.0,0.11275379359722137
IMD2020__c9uv39w_0.png,IMD2020,0.18101373191811285,0.09951352305094145,0.10638846457004547
IMD2020__c9uv7su_0.png,IMD2020,0.41361097003555103,0.2607248047125112,0.01677582412958145
IMD2020__c9uvkos_0.png,IMD2020,0.0,0.0,0.02387271635234356
IMD2020__c9uvpds_0.png,IMD2020,0.02350536535513541,0.011892450879007239,0.04597487300634384
IMD2020__c9uvrvt_0.png,IMD2020,0.0,0.0,0.180696502327919
IMD2020__c9uvsh0_0.png,IMD2020,0.0,0.0,0.06365464627742767
IMD2020__c9uwhhl_0.png,IMD2020,0.09145847610740764,0.047920611085721744,0.12202752381563187
IMD2020__c9uwpsx_0.png,IMD2020,0.028110322421160433,0.014255524911350693,0.034345097839832306
IMD2020__c9uwqce_0.png,IMD2020,0.0,0.0,0.01812826283276081
IMD2020__c9uwqsh_0.png,IMD2020,0.06787667405990214,0.03513061156532331,0.3298434317111969
IMD2020__c9uwssv_0.png,IMD2020,0.0,0.0,0.006463834084570408
IMD2020__c9uyxnv_0.png,IMD2020,0.12203026389531908,0.06497988841313092,0.09754093736410141
IMD2020__c9v219b_0.png,IMD2020,0.13671573330837097,0.07337352424014067,0.336540549993515
IMD2020__c9v2juf_0.png,IMD2020,0.0,0.0,0.031240062788128853
IMD2020__c9v35ql_0.png,IMD2020,0.2861124013005109,0.16693766937669377,0.11105047166347504
IMD2020__c9v4hpr_0.png,IMD2020,0.0,0.0,0.03511602059006691
IMD2020__c9v4jj6_0.png,IMD2020,0.6929278050916619,0.5301373618006274,0.05037783086299896
IMD2020__c9v5ckc_0.png,IMD2020,0.0,0.0,0.06793925166130066
IMD2020__c9v6alw_0.png,IMD2020,0.018856563593265294,0.009518020374873043,0.1547566056251526
IMD2020__c9va3n9_0.png,IMD2020,0.0,0.0,0.008162734098732471
IMD2020__c9vax7w_0.png,IMD2020,0.1622784711083291,0.08830416826329458,0.030040204524993896
IMD2020__c9vb73a_0.png,IMD2020,0.020800022054364008,0.010509307945705391,0.08261750638484955
IMD2020__c9vbhkz_0.png,IMD2020,0.0,0.0,0.06536274403333664
IMD2020__c9vbuxe_0.png,IMD2020,0.08447366168181347,0.044099451932350105,0.2402399182319641
IMD2020__c9vc8b8_0.png,IMD2020,0.0,0.0,0.018302105367183685
IMD2020__c9vcuci_0.png,IMD2020,0.0,0.0,0.005766026675701141
IMD2020__c9ved2o_0.png,IMD2020,0.0,0.0,0.1505064219236374
IMD2020__c9vftfw_0.png,IMD2020,0.0,0.0,0.1319902539253235
IMD2020__c9vg2t9_0.png,IMD2020,0.005452033309682961,0.00273346813450161,0.040338169783353806
IMD2020__c9vgr3d_0.png,IMD2020,0.0,0.0,0.1748819649219513
IMD2020__c9vhc8k_0.png,IMD2020,0.0,0.0,0.0741465836763382
IMD2020__c9vhnha_0.png,IMD2020,0.0,0.0,0.02308603748679161
IMD2020__c9vin2j_0.png,IMD2020,0.025071997289513807,0.012695144964831017,0.10574594140052795
IMD2020__c9virda_0.png,IMD2020,0.0,0.0,0.022278664633631706
IMD2020__c9vk8ni_0.png,IMD2020,0.0,0.0,0.8853438496589661
IMD2020__c9vl1l0_0.png,IMD2020,0.0,0.0,0.01159078348428011
IMD2020__c9vljl0_0.png,IMD2020,0.0,0.0,0.14062587916851044
IMD2020__c9vmmk9_0.png,IMD2020,0.0,0.0,0.09469960629940033
IMD2020__c9vp3og_0.png,IMD2020,0.040875847897655714,0.02086434790454279,0.12831902503967285
IMD2020__c9vp8tl_0.png,IMD2020,0.0,0.0,0.219774529337883
IMD2020__c9vqeru_0.png,IMD2020,0.05300506879073135,0.027224040464147576,0.03312130272388458
IMD2020__c9vrg7j_0.png,IMD2020,0.02400939747299659,0.012150562579747129,0.07225058972835541
IMD2020__c9vruzp_0.png,IMD2020,0.0,0.0,0.01480645127594471
IMD2020__c9vsemx_0.png,IMD2020,0.0,0.0,0.03429338335990906
IMD2020__c9vwn43_0.png,IMD2020,0.0,0.0,0.003954349551349878
IMD2020__c9vwn9s_0.png,IMD2020,0.05309132161089053,0.02726954900361263,0.04072266444563866
IMD2020__c9w2r6t_0.png,IMD2020,0.0,0.0,0.11269313842058182
IMD2020__c9w33a8_0.png,IMD2020,0.0,0.0,0.01660159043967724
IMD2020__c9w5t18_0.png,IMD2020,0.0,0.0,0.01785876601934433
IMD2020__c9w6rkl_0.png,IMD2020,0.041349993559191035,0.02111147648799737,0.02326318994164467
IMD2020__c9w7716_0.png,IMD2020,0.0,0.0,0.10813868045806885
IMD2020__c9w82t9_0.png,IMD2020,0.7845050343045531,0.645420225048565,0.06818021833896637
IMD2020__c9w8w2m_0.png,IMD2020,0.0007114262287175035,0.0003558396912035222,0.07622578740119934
IMD2020__c9w96uz_0.png,IMD2020,0.0,0.0,0.053084392100572586
IMD2020__c9w9u7a_0.png,IMD2020,0.007844913920549382,0.003937903216153782,0.2700830101966858
IMD2020__c9wa696_0.png,IMD2020,0.16156200757095507,0.08788004177257591,0.06366141885519028
IMD2020__c9wakel_0.png,IMD2020,0.012289052358286456,0.006182514803204459,0.11004558205604553
IMD2020__c9way1w_0.png,IMD2020,0.0,0.0,0.010191218927502632
IMD2020__c9wbc6o_0.png,IMD2020,0.0,0.0,0.2047100067138672
IMD2020__c9wcfo6_0.png,IMD2020,0.0,0.0,0.010455922223627567
IMD2020__c9wcr42_0.png,IMD2020,0.0,0.0,0.14371773600578308
IMD2020__c9wf4dc_0.png,IMD2020,0.0,0.0,0.1052270233631134
IMD2020__c9wi5uo_0.png,IMD2020,0.14226750696391718,0.07658126640795851,0.08196102827787399
IMD2020__c9wp96y_0.png,IMD2020,0.21597953360228278,0.12106337212508962,0.022752927616238594
IMD2020__c9wpjvq_0.png,IMD2020,0.0,0.0,0.08278155326843262
IMD2020__c9wpljd_0.png,IMD2020,0.0,0.0,0.07212898880243301
IMD2020__c9wqghc_0.png,IMD2020,0.022316971152548777,0.011284402417891304,0.10476502776145935
IMD2020__c9wr2m9_0.png,IMD2020,0.0,0.0,0.014431625604629517
IMD2020__c9wrd8e_0.png,IMD2020,0.0,0.0,0.0975593850016594
IMD2020__c9ws5r0_0.png,IMD2020,0.0,0.0,0.025312069803476334
IMD2020__c9wua2z_0.png,IMD2020,0.015886405173625755,0.008006802239070361,0.20242588222026825
IMD2020__c9wwhov_0.png,IMD2020,0.0,0.0,0.02055797353386879
IMD2020__c9wxubr_0.png,IMD2020,0.0,0.0,0.0014425988774746656
IMD2020__c9wybvp_0.png,IMD2020,0.08575361895623879,0.04479758708462638,0.15421704947948456
IMD2020__c9x24tr_0.png,IMD2020,0.0,0.0,0.025538194924592972
IMD2020__c9x31z7_0.png,IMD2020,0.010952045685676289,0.0055061747817195,0.2900545001029968
IMD2020__c9x50xh_0.png,IMD2020,0.0,0.0,0.0023701395839452744
IMD2020__c9x67wt_0.png,IMD2020,0.0,0.0,0.04936821758747101
IMD2020__c9x7jrj_0.png,IMD2020,0.05477608486487145,0.028159269706010338,0.15566173195838928
IMD2020__c9xa55l_0.png,IMD2020,0.0,0.0,0.03938893973827362
IMD2020__c9xd4rq_0.png,IMD2020,0.0,0.0,0.011895131319761276
IMD2020__c9xdfvu_0.png,IMD2020,0.17607406805814993,0.09653575563273667,0.0575534887611866
IMD2020__c9xdmhf_0.png,IMD2020,0.0,0.0,0.005136370193213224
IMD2020__c9xdp5v_0.png,IMD2020,0.0,0.0,0.05582980439066887
IMD2020__c9xdu1a_0.png,IMD2020,0.11350531107738998,0.06016731016731017,0.091904416680336
IMD2020__c9xe80s_0.png,IMD2020,0.0,0.0,0.3491927981376648
IMD2020__c9xegom_0.png,IMD2020,0.0,0.0,0.041282061487436295
IMD2020__c9xfdz5_0.png,IMD2020,0.0,0.0,0.13835880160331726
IMD2020__c9xfmme_0.png,IMD2020,0.03754157628344179,0.019129870895478393,0.14453567564487457
IMD2020__c9xfzri_0.png,IMD2020,0.2526180608254042,0.14456945854936126,0.12599611282348633
IMD2020__c9xgn8b_0.png,IMD2020,0.0,0.0,0.03207043185830116
IMD2020__c9xhn4w_0.png,IMD2020,0.0012061538461538462,0.0006034408443245773,0.22379224002361298
IMD2020__c9xi6ts_0.png,IMD2020,0.0,0.0,0.0801091119647026
IMD2020__c9xkpkx_0.png,IMD2020,0.0769797223269932,0.04003063473680278,0.026825496926903725
IMD2020__c9xl2zu_0.png,IMD2020,0.016255814391442722,0.008194511424090648,0.2614154815673828
IMD2020__c9xo089_0.png,IMD2020,0.11065246338215712,0.05856649517231658,0.047389257699251175
IMD2020__c9xt8lv_0.png,IMD2020,0.0,0.0,0.13282041251659393
IMD2020__c9xup2p_0.png,IMD2020,0.0,0.0,0.19247856736183167
IMD2020__c9xuxck_0.png,IMD2020,0.0,0.0,0.10366567224264145
IMD2020__c9xv7da_0.png,IMD2020,0.0,0.0,0.11233779788017273
IMD2020__c9xwa8e_0.png,IMD2020,5.448700484934343e-05,2.7244244653316986e-05,0.20818021893501282
IMD2020__ca8jhgo_0.png,IMD2020,0.3336513994910941,0.20022905134567665,0.0849994495511055
Korus__Canon_60D_Tp_DPP0012.png,Korus,0.0,0.0,0.00633999751880765
Korus__Canon_60D_Tp_DPP0022.png,Korus,0.0,0.0,0.05082230642437935
Korus__Canon_60D_Tp_DPP0027.png,Korus,0.0,0.0,0.025213439017534256
Korus__Canon_60D_Tp_DPP0029.png,Korus,0.0,0.0,0.0731472373008728
Korus__Canon_60D_Tp_DPP0033.png,Korus,0.0,0.0,0.08132219314575195
Korus__Canon_60D_Tp_DPP0044.png,Korus,0.0,0.0,0.015395435504615307
Korus__Canon_60D_Tp_DPP0048.png,Korus,0.0,0.0,0.04339687153697014
Korus__Canon_60D_Tp_DPP0069.png,Korus,0.0,0.0,0.0628371313214302
Korus__Canon_60D_Tp_DPP0078.png,Korus,0.0022349388510335294,0.001118719560421263,0.08583182841539383
Korus__Canon_60D_Tp_DPP0079.png,Korus,0.0,0.0,0.0463249571621418
Korus__Canon_60D_Tp_DPP0086.png,Korus,0.0,0.0,0.047517187893390656
Korus__Canon_60D_Tp_DPP0093.png,Korus,0.0,0.0,0.0117103336378932
Korus__Canon_60D_Tp_DPP0100.png,Korus,0.0,0.0,0.04310180991888046
Korus__Canon_60D_Tp_DPP0122.png,Korus,0.16156247581206945,0.08788031885034242,0.05880851298570633
Korus__Canon_60D_Tp_DPP0131.png,Korus,0.0,0.0,0.0812704861164093
Korus__Canon_60D_Tp_DPP0173.png,Korus,0.0,0.0,0.04440586268901825
Korus__Canon_60D_Tp_DPP0178.png,Korus,0.0,0.0,0.048524580895900726
Korus__Canon_60D_Tp_DPP0183.png,Korus,0.0,0.0,0.045870982110500336
Korus__Canon_60D_Tp_DPP0219.png,Korus,0.0,0.0,0.06237567588686943
Korus__Canon_60D_Tp_DPP0243.png,Korus,0.0,0.0,0.18040287494659424
Korus__Canon_60D_Tp_DPP0247.png,Korus,0.1492477010844094,0.08064164025183594,0.04612519219517708
Korus__Canon_60D_Tp_DPP0251.png,Korus,0.0,0.0,0.010140817612409592
Korus__Canon_60D_Tp_DPP0257.png,Korus,0.0,0.0,0.011545195244252682
Korus__Canon_60D_Tp_DPP0269.png,Korus,0.14334700875635295,0.07720721612084035,0.03948528319597244
Korus__Canon_60D_Tp_DPP0308.png,Korus,0.06742621094010261,0.03488933324139833,0.019371123984456062
Korus__Canon_60D_Tp_DPP0331.png,Korus,0.1510579041443239,0.08169964028776978,0.05921878293156624
Korus__Canon_60D_Tp_DPP0340.png,Korus,0.17081311050527526,0.09338198927965138,0.1634993851184845
Korus__Canon_60D_Tp_DPP0344.png,Korus,0.0,0.0,0.01530985813587904
Korus__Canon_60D_Tp_DPP0357.png,Korus,0.0,0.0,0.006527248304337263
Korus__Canon_60D_Tp_DPP0405.png,Korus,0.6886156955203773,0.5251059458071144,0.009652062319219112
Korus__Canon_60D_Tp_DPP0414.png,Korus,0.04118319268635724,0.02102452487266363,0.04059704393148422
Korus__Canon_60D_Tp_DPP0445.png,Korus,0.10574712643678161,0.055825242718446605,0.04461970925331116
Korus__Canon_60D_Tp_DPP0451.png,Korus,0.0,0.0,0.06148668751120567
Korus__Canon_60D_Tp_DPP0454.png,Korus,0.0,0.0,0.055765893310308456
Korus__Canon_60D_Tp_DPP0478.png,Korus,0.0,0.0,0.02008366771042347
Korus__Canon_60D_Tp_DPP0499.png,Korus,0.15592979127134726,0.0845574048825663,0.03303880617022514
Korus__Canon_60D_Tp_DPP0500.png,Korus,0.0,0.0,0.04231763258576393
Korus__Canon_60D_Tp_DPP0519.png,Korus,0.0,0.0,0.01434607245028019
Korus__Canon_60D_Tp_DPP0520.png,Korus,0.4168222530048956,0.2632820312160341,0.033022746443748474
Korus__Canon_60D_Tp_DPP0522.png,Korus,0.09696064520946905,0.05095041516897142,0.028349291533231735
Korus__Canon_60D_Tp_DPP0526.png,Korus,0.026000445881172667,0.013171454789299075,0.06633325666189194
Korus__Canon_60D_Tp_DPP0549.png,Korus,0.0,0.0,0.035140231251716614
Korus__Canon_60D_Tp_DPP0550.png,Korus,0.06380241310492245,0.032952428789686274,0.0890984907746315
Korus__Canon_60D_Tp_DPP0551.png,Korus,0.0,0.0,0.1864946484565735
Korus__Canon_60D_Tp_DPP0556.png,Korus,0.08157944988252094,0.04252427856734814,0.05334028974175453
Korus__Canon_60D_Tp_DPP0558.png,Korus,0.024905720766479733,0.012609889577597762,0.27076780796051025
Korus__Canon_60D_Tp_DPP0581.png,Korus,0.14175022789425706,0.07628157959283786,0.019772885367274284
Korus__Canon_60D_Tp_DPP0583.png,Korus,0.020367470240387497,0.010288510586790936,0.05514483153820038
Korus__Canon_60D_Tp_DPP0588.png,Korus,0.5987077749108031,0.427254047507966,0.026230568066239357
Korus__Canon_60D_Tp_DPP0590.png,Korus,0.010220816759239963,0.005136658803814242,0.10534577071666718
Korus__Canon_60D_Tp_DPP0602.png,Korus,0.0,0.0,0.014931953512132168
Korus__Canon_60D_Tp_DPP0607.png,Korus,0.0,0.0,0.05826158449053764
Korus__Canon_60D_Tp_DPP0622.png,Korus,0.0024131602202433554,0.0012080377043880693,0.13535262644290924
Korus__Canon_60D_Tp_DPP0638.png,Korus,0.0,0.0,0.022395169362425804
Korus__Canon_60D_Tp_DPP0648.png,Korus,0.0,0.0,0.06259466707706451
Korus__Nikon_D7000_Tp_r02354285t.png,Korus,0.059302288970750294,0.030557200451016817,0.053696587681770325
Korus__Nikon_D7000_Tp_r07ece355t.png,Korus,0.08373223395829131,0.04369547692765857,0.08444371819496155
Korus__Nikon_D7000_Tp_r09696ba3t.png,Korus,0.0,0.0,0.021145833656191826
Korus__Nikon_D7000_Tp_r0d8d62edt.png,Korus,0.0278822603868248,0.014138233142354786,0.3067782521247864
Korus__Nikon_D7000_Tp_r0e661e0dt.png,Korus,0.24406984379568342,0.13899746691706338,0.07304205000400543
Korus__Nikon_D7000_Tp_r0fbd0c71t.png,Korus,0.0,0.0,0.07384789735078812
Korus__Nikon_D7000_Tp_r1d679eaet.png,Korus,0.03109537666376023,0.015793236653114363,0.04409707337617874
Korus__Nikon_D7000_Tp_r1e3303ebt.png,Korus,0.0006004279973930135,0.00030030415420746656,0.17988958954811096
Korus__Nikon_D7000_Tp_r22470921t.png,Korus,0.04682912371372734,0.023975948178567703,0.09949878603219986
Korus__Nikon_D7000_Tp_r2410fbc3t.png,Korus,0.0,0.0,0.0388500839471817
Korus__Nikon_D7000_Tp_r2db3db79t.png,Korus,0.6590304273942736,0.4914581515176874,0.08787766844034195
Korus__Nikon_D7000_Tp_r36610622t.png,Korus,0.18719175635019483,0.10326064933007674,0.11554796993732452
Korus__Nikon_D7000_Tp_r37798f5bt.png,Korus,0.006820594957438767,0.0034219674055347388,0.10575824230909348
Korus__Nikon_D7000_Tp_r3a243268t.png,Korus,0.0,0.0,0.04474819079041481
Korus__Nikon_D7000_Tp_r3a599d9ft.png,Korus,0.03750843879094801,0.019112662460489666,0.48077747225761414
Korus__Nikon_D7000_Tp_r4912bf7bt.png,Korus,0.021260777357669926,0.0107446080384858,0.5349710583686829
Korus__Nikon_D7000_Tp_r493f5dbet.png,Korus,0.000345105688617139,0.00017258262393120706,0.2426903396844864
Korus__Nikon_D7000_Tp_r4ba434b7t.png,Korus,0.052269413439975446,0.026836059258221554,0.16044098138809204
Korus__Nikon_D7000_Tp_r4dbba042t.png,Korus,0.0,0.0,0.036459311842918396
Korus__Nikon_D7000_Tp_r4dddfadbt.png,Korus,0.0,0.0,0.052884791046381
Korus__Nikon_D7000_Tp_r53e0b40ft.png,Korus,0.0,0.0,0.01866849884390831
Korus__Nikon_D7000_Tp_r59f5b042t.png,Korus,0.022754926679963372,0.0115083997360808,0.03536064922809601
Korus__Nikon_D7000_Tp_r5b31f2bat.png,Korus,0.08206877846140669,0.04279026147536713,0.061702609062194824
Korus__Nikon_D7000_Tp_r5ca9963et.png,Korus,0.000450548096009249,0.00022532480783620163,0.11037874966859818
Korus__Nikon_D7000_Tp_r623cf1act.png,Korus,0.1943606765076579,0.10764091919073793,0.05586482957005501
Korus__Nikon_D7000_Tp_r6331b729t.png,Korus,0.055443743631632576,0.02851228574645545,0.0471901074051857
Korus__Nikon_D7000_Tp_r6423cf23t.png,Korus,0.10506595297266297,0.055445704370283684,0.06528694182634354
Korus__Nikon_D7000_Tp_r64abc7bat.png,Korus,0.5333598140121734,0.363660984546758,0.01877146027982235
Korus__Nikon_D7000_Tp_r64fd9639t.png,Korus,0.03972217516517025,0.02026354359669257,0.06836830824613571
Korus__Nikon_D7000_Tp_r6b84e734t.png,Korus,0.0019563174897357684,0.0009791164762113346,0.03424868732690811
Korus__Nikon_D7000_Tp_r6d1a84e7t.png,Korus,0.0,0.0,0.08721624314785004
Korus__Nikon_D7000_Tp_r744b52b9t.png,Korus,0.005665178636343807,0.00284063567243446,0.1629633605480194
Korus__Nikon_D7000_Tp_r779134bft.png,Korus,0.02213717622058778,0.011192472983685902,0.045399777591228485
Korus__Nikon_D7000_Tp_r7aca24c9t.png,Korus,0.0,0.0,0.04837154224514961
Korus__Nikon_D7000_Tp_r7f93be26t.png,Korus,0.00710766060727667,0.0035665050573893647,0.12400592118501663
Korus__Nikon_D7000_Tp_r80026cdet.png,Korus,0.09600632465751732,0.050423657337122244,0.06885971128940582
Korus__Nikon_D7000_Tp_r80c6965ct.png,Korus,0.10669844661790089,0.056355759296399514,0.047585710883140564
Korus__Nikon_D7000_Tp_r80d9a021t.png,Korus,0.0,0.0,0.05152358487248421
Korus__Nikon_D7000_Tp_r855ab9bdt.png,Korus,0.0,0.0,0.009255139157176018
Korus__Nikon_D7000_Tp_r864ddea0t.png,Korus,0.1507517582062449,0.08152056322087779,0.10258558392524719
Korus__Nikon_D7000_Tp_r8d9821cft.png,Korus,0.030824714929726865,0.015653616599513046,0.043208323419094086
Korus__Nikon_D7000_Tp_r8fb3d291t.png,Korus,0.004376956041629715,0.0021932779614269784,0.16171066462993622
Korus__Nikon_D7000_Tp_r900a4975t.png,Korus,0.18608234802770857,0.1025858852111502,0.5850916504859924
Korus__Nikon_D7000_Tp_r90a6fa0dt.png,Korus,0.03049444168666688,0.01548329810898429,0.09905647486448288
Korus__Nikon_D7000_Tp_r92214bb9t.png,Korus,0.5211552213000153,0.35240697928970593,0.12673228979110718
Korus__Nikon_D7000_Tp_r92d262b0t.png,Korus,0.0,0.0,0.05116376280784607
Korus__Nikon_D7000_Tp_r95055c12t.png,Korus,0.0,0.0,0.1337876170873642
Korus__Nikon_D7000_Tp_r98137125t.png,Korus,0.0,0.0,0.101845882833004
Korus__Nikon_D7000_Tp_r9dd68cc6t.png,Korus,0.0,0.0,0.04920341074466705
Korus__Nikon_D7000_Tp_ra2feaee3t.png,Korus,0.015689297213968695,0.007906673683682931,0.07635273039340973
Korus__Nikon_D7000_Tp_ra413ed3at.png,Korus,0.017113494734028983,0.008630597206940744,0.1900194138288498
Korus__Nikon_D7000_Tp_ra575292ct.png,Korus,0.0,0.0,0.018274053931236267
Korus__Nikon_D7000_Tp_ra933d303t.png,Korus,0.0,0.0,0.02604793570935726
Korus__Nikon_D7000_Tp_rb6b66015t.png,Korus,0.0,0.0,0.05045679211616516
Korus__Nikon_D7000_Tp_rb79056e7t.png,Korus,0.0,0.0,0.04420913755893707
Korus__Nikon_D90_Tp_r0428df0ct.png,Korus,0.0,0.0,0.08324756473302841
Korus__Nikon_D90_Tp_r0f2e6baft.png,Korus,0.0,0.0,0.10134898126125336
Korus__Nikon_D90_Tp_r1be2a3d5t.png,Korus,0.0,0.0,0.06513857841491699
Korus__Nikon_D90_Tp_r1f23f4ddt.png,Korus,0.05437816152101867,0.027948988053880807,0.03817826882004738
Korus__Nikon_D90_Tp_r22ff2c23t.png,Korus,0.08633807886603696,0.04511668331409151,0.02992350235581398
Korus__Nikon_D90_Tp_r233ca958t.png,Korus,0.0,0.0,0.046737708151340485
Korus__Nikon_D90_Tp_r280500d8t.png,Korus,0.0,0.0,0.05429466441273689
Korus__Nikon_D90_Tp_r2874ea4et.png,Korus,0.09338910845352358,0.04898173448373332,0.1518034189939499
Korus__Nikon_D90_Tp_r2c07a32bt.png,Korus,0.040769172303716655,0.020808764198373783,0.07982988655567169
Korus__Nikon_D90_Tp_r2d0cf075t.png,Korus,0.40024735255468813,0.2501932740626208,0.02848915196955204
Korus__Nikon_D90_Tp_r2d5acd8ct.png,Korus,0.017090356256971934,0.008618827545117698,0.19296126067638397
Korus__Nikon_D90_Tp_r2e23921at.png,Korus,0.023691761474650262,0.011987887826814002,0.04090658575296402
Korus__Nikon_D90_Tp_r2eb3894ft.png,Korus,0.0,0.0,0.06802903115749359
Korus__Nikon_D90_Tp_r381b33f9t.png,Korus,0.0,0.0,0.04615588113665581
Korus__Nikon_D90_Tp_r403881f6t.png,Korus,0.0,0.0,0.052250832319259644
Korus__Nikon_D90_Tp_r4156671ct.png,Korus,0.17793535105686153,0.09765589336254907,0.1863757073879242
Korus__Nikon_D90_Tp_r51ad899dt.png,Korus,0.09099358605062027,0.047665416619722845,0.05156504362821579
Korus__Nikon_D90_Tp_r52b6b3edt.png,Korus,0.0,0.0,0.014023477211594582
Korus__Nikon_D90_Tp_r5681fb1ct.png,Korus,0.0,0.0,0.029878102242946625
Korus__Nikon_D90_Tp_r5e07d7b3t.png,Korus,8.179720136718179e-05,4.090027344754248e-05,0.08177608996629715
Korus__Nikon_D90_Tp_r6a6811f1t.png,Korus,0.0,0.0,0.11674008518457413
Korus__Nikon_D90_Tp_r73eca048t.png,Korus,0.0978093803853379,0.05141933693540752,0.10378208756446838
Korus__Nikon_D90_Tp_r76b186e8t.png,Korus,0.04744634475024193,0.024299636848736383,0.04376528039574623
Korus__Nikon_D90_Tp_r7710a7fat.png,Korus,0.1040987319967939,0.0549072537445119,0.08376777172088623
Korus__Nikon_D90_Tp_r7bb2451dt.png,Korus,0.03514196413062984,0.017885243355549064,0.46006250381469727
Korus__Nikon_D90_Tp_r814b9416t.png,Korus,0.1970086468801122,0.10926766040181465,0.06004501134157181
Korus__Nikon_D90_Tp_r8385ec46t.png,Korus,0.0,0.0,0.014529867097735405
Korus__Nikon_D90_Tp_r88152bc6t.png,Korus,0.010088847966884655,0.0050699992090484855,0.12097744643688202
Korus__Nikon_D90_Tp_r9683df80t.png,Korus,0.0,0.0,0.06659498810768127
Korus__Nikon_D90_Tp_r9c95ce63t.png,Korus,0.43283753517486934,0.27619187218293084,0.05753672495484352
Korus__Nikon_D90_Tp_r9ebe97bct.png,Korus,0.1177333355389035,0.06254870139381193,0.07755081355571747
Korus__Nikon_D90_Tp_ra1e733e4t.png,Korus,0.07940874440638328,0.041345988728788426,0.05197679251432419
Korus__Nikon_D90_Tp_ra4a97e51t.png,Korus,0.06722144272496,0.034779691895864814,0.26401880383491516
Korus__Nikon_D90_Tp_ra612bf10t.png,Korus,0.0,0.0,0.025745075196027756
Korus__Nikon_D90_Tp_ra71d71cat.png,Korus,0.0,0.0,0.12113086879253387
Korus__Nikon_D90_Tp_rb4593e2bt.png,Korus,0.03323132671210933,0.01689640838978576,0.07881546765565872
Korus__Nikon_D90_Tp_rb47efc90t.png,Korus,0.0,0.0,0.49126097559928894
Korus__Nikon_D90_Tp_rbc87504ct.png,Korus,0.0,0.0,0.068789042532444
Korus__Nikon_D90_Tp_rbdef70e5t.png,Korus,0.0,0.0,0.07746808230876923
Korus__Nikon_D90_Tp_rbe0d7c4bt.png,Korus,0.0,0.0,0.07055530697107315
Korus__Nikon_D90_Tp_rc464e4act.png,Korus,0.0,0.0,0.10915294289588928
Korus__Nikon_D90_Tp_rc526e111t.png,Korus,0.28037273032392285,0.1630427333108855,0.12665550410747528
Korus__Nikon_D90_Tp_rc8f25ecdt.png,Korus,0.33012609510305363,0.19769522365428355,0.10461591184139252
Korus__Nikon_D90_Tp_rcf8e62abt.png,Korus,0.47293282121892893,0.30970007593014426,0.006865086033940315
Korus__Nikon_D90_Tp_rd3534b7ct.png,Korus,0.0,0.0,0.05310812219977379
Korus__Nikon_D90_Tp_rdc96595et.png,Korus,0.0,0.0,0.06270938366651535
Korus__Nikon_D90_Tp_rdff42cect.png,Korus,0.0,0.0,0.1026294007897377
Korus__Nikon_D90_Tp_re6d1dc1et.png,Korus,0.31511814316581865,0.18702684813635048,0.04573008790612221
Korus__Nikon_D90_Tp_re9006ea8t.png,Korus,0.6109154144557899,0.4397971302924277,0.02710592746734619
Korus__Nikon_D90_Tp_re9a83ac0t.png,Korus,0.0770437073537919,0.04006524102935846,0.061385348439216614
Korus__Nikon_D90_Tp_reb291931t.png,Korus,0.16230262431447606,0.08831847205197843,0.04290597140789032
Korus__Nikon_D90_Tp_rf40488a1t.png,Korus,0.0,0.0,0.0363290049135685
Korus__Nikon_D90_Tp_rf561cd11t.png,Korus,0.015204287531970131,0.007660379068969313,0.0665748119354248
Korus__Nikon_D90_Tp_rf7b8a41ft.png,Korus,0.0,0.0,0.036153096705675125
Korus__Nikon_D90_Tp_rfd2f8d05t.png,Korus,0.26815298968796575,0.15483641920521113,0.04728293791413307
Korus__Sony_A57_Tp_DSC05635.png,Korus,0.20805817754434935,0.1161076631713576,0.04907827079296112
Korus__Sony_A57_Tp_DSC05638.png,Korus,0.0,0.0,0.2168828845024109
Korus__Sony_A57_Tp_DSC05646.png,Korus,0.020087670374143232,0.010145737300367835,0.09370624274015427
Korus__Sony_A57_Tp_DSC05684.png,Korus,0.08558627621335241,0.04470625923223407,0.05205098167061806
Korus__Sony_A57_Tp_DSC05748.png,Korus,0.0,0.0,0.06398943066596985
Korus__Sony_A57_Tp_DSC05787.png,Korus,0.0,0.0,0.07285565882921219
Korus__Sony_A57_Tp_DSC05810.png,Korus,0.018396216441001714,0.009283498847565661,0.06376220285892487
Korus__Sony_A57_Tp_DSC05814.png,Korus,0.0,0.0,0.04238032177090645
Korus__Sony_A57_Tp_DSC05822.png,Korus,0.04062635367415968,0.020734357507737753,0.04713122546672821
Korus__Sony_A57_Tp_DSC05858.png,Korus,0.0025669736371045754,0.001285136274020036,0.11650028824806213
Korus__Sony_A57_Tp_DSC05865.png,Korus,0.0,0.0,0.0515609048306942
Korus__Sony_A57_Tp_DSC05887.png,Korus,0.0,0.0,0.06133219599723816
Korus__Sony_A57_Tp_DSC05903.png,Korus,0.0,0.0,0.01920093409717083
Korus__Sony_A57_Tp_DSC05962.png,Korus,0.0,0.0,0.03966830298304558
Korus__Sony_A57_Tp_DSC05966.png,Korus,0.0,0.0,0.0907006710767746
Korus__Sony_A57_Tp_DSC06005.png,Korus,0.0,0.0,0.03216045722365379
Korus__Sony_A57_Tp_DSC06028.png,Korus,0.1527716102292951,0.0827031519628488,0.1163891851902008
Korus__Sony_A57_Tp_DSC06060.png,Korus,0.0,0.0,0.03371202200651169
Korus__Sony_A57_Tp_DSC06079.png,Korus,0.03684510079980829,0.018768310546875,0.16948311030864716
Korus__Sony_A57_Tp_DSC06083.png,Korus,0.0010468602124386027,0.0005237042287793988,0.08882202208042145
Korus__Sony_A57_Tp_DSC06155.png,Korus,0.13400774193548387,0.07181580810762966,0.032094988971948624
Korus__Sony_A57_Tp_DSC06160.png,Korus,0.0031038966486305105,0.0015543606116619057,0.056158773601055145
Korus__Sony_A57_Tp_DSC06205.png,Korus,0.3583695448253482,0.21830098466784448,0.058555033057928085
Korus__Sony_A57_Tp_DSC06212.png,Korus,0.0,0.0,0.048045266419649124
Korus__Sony_A57_Tp_DSC06227.png,Korus,0.0,0.0,0.025183551013469696
Korus__Sony_A57_Tp_DSC06229.png,Korus,0.0,0.0,0.043532174080610275
Korus__Sony_A57_Tp_DSC06240.png,Korus,0.04322693507086175,0.022090929114678484,0.06245892494916916
Korus__Sony_A57_Tp_DSC06266.png,Korus,0.21836547414110696,0.12256468482829665,0.05509655550122261
Korus__Sony_A57_Tp_DSC06273.png,Korus,0.1084740959648608,0.05734740176354764,0.03747955709695816
Korus__Sony_A57_Tp_DSC06296.png,Korus,0.0,0.0,0.04288524016737938
Korus__Sony_A57_Tp_DSC06317.png,Korus,0.0,0.0,0.1433570384979248
Korus__Sony_A57_Tp_DSC06322.png,Korus,0.0,0.0,0.01284817885607481
Korus__Sony_A57_Tp_DSC06337.png,Korus,0.0,0.0,0.06009617820382118
Korus__Sony_A57_Tp_DSC06343.png,Korus,0.0,0.0,0.05283631011843681
Korus__Sony_A57_Tp_DSC06349.png,Korus,0.0,0.0,0.008907383307814598
Korus__Sony_A57_Tp_DSC06389.png,Korus,0.0,0.0,0.07488516718149185
Korus__Sony_A57_Tp_DSC06390.png,Korus,0.14742154323939194,0.07957641021971676,0.08255912363529205
Korus__Sony_A57_Tp_DSC06659.png,Korus,0.0,0.0,0.08875619620084763
Korus__Sony_A57_Tp_DSC06771.png,Korus,0.005489684838183563,0.00275239731599893,0.1669992059469223
Korus__Sony_A57_Tp_DSC07003.png,Korus,0.0,0.0,0.0701904371380806
Korus__Sony_A57_Tp_DSC07004.png,Korus,0.0,0.0,0.05281664803624153
Korus__Sony_A57_Tp_DSC07014.png,Korus,0.1560137258689116,0.08460677178436558,0.5318646430969238
Korus__Sony_A57_Tp_DSC07125.png,Korus,0.0,0.0,0.03370252996683121
Korus__Sony_A57_Tp_DSC07140.png,Korus,0.2947526707963013,0.17285039287171455,0.05346014350652695
Korus__Sony_A57_Tp_DSC07193.png,Korus,0.0005033177025224605,0.0002517221993807634,0.05664351209998131
Korus__Sony_A57_Tp_DSC07222.png,Korus,0.2987065550127406,0.17557615112951758,0.05070657283067703
Korus__Sony_A57_Tp_DSC07311.png,Korus,0.07029758870630401,0.03642923815344961,0.1960846334695816
Korus__Sony_A57_Tp_DSC07335.png,Korus,0.022183776334808756,0.011216298091487428,0.04797466844320297
Korus__Sony_A57_Tp_DSC07341.png,Korus,0.006239416764678895,0.003129471420562468,0.11272484064102173
Korus__Sony_A57_Tp_DSC07400.png,Korus,0.43333064950669203,0.2765935577728933,0.137099489569664
Korus__Sony_A57_Tp_DSC07411.png,Korus,0.007330678507748756,0.0036788233896525428,0.2373841553926468
Korus__Sony_A57_Tp_DSC07443.png,Korus,0.0,0.0,0.1170990839600563
Korus__Sony_A57_Tp_DSC07462.png,Korus,0.0,0.0,0.07616477459669113
Korus__Sony_A57_Tp_DSC07463.png,Korus,0.0,0.0,0.1308252215385437
Korus__Sony_A57_Tp_DSC07469.png,Korus,0.0,0.0,0.1961810439825058
NIST16__NC2016_0016.png,NIST16,0.0,0.0,0.05334915593266487
NIST16__NC2016_0048.png,NIST16,0.0,0.0,0.43890780210494995
NIST16__NC2016_0128.png,NIST16,0.021676361587189122,0.010956934025506487,0.05002547800540924
NIST16__NC2016_0130.png,NIST16,0.0,0.0,0.009776357561349869
NIST16__NC2016_0202.png,NIST16,0.0,0.0,0.02068948931992054
NIST16__NC2016_0211.png,NIST16,0.09459824178631544,0.04964739923143629,0.0734269842505455
NIST16__NC2016_0222.png,NIST16,0.0,0.0,0.030199715867638588
NIST16__NC2016_0229.png,NIST16,0.0,0.0,0.008317113853991032
NIST16__NC2016_0254.png,NIST16,0.03745612414557547,0.019085496434706892,0.0993119403719902
NIST16__NC2016_0278.png,NIST16,0.0,0.0,0.10035605728626251
NIST16__NC2016_0280.png,NIST16,0.0,0.0,0.03935625031590462
NIST16__NC2016_0286.png,NIST16,0.013801898451263443,0.006948903254162524,0.12260197103023529
NIST16__NC2016_0289.png,NIST16,0.0,0.0,0.05438338220119476
NIST16__NC2016_0293.png,NIST16,0.5228610496853935,0.35396876480308953,0.019535575062036514
NIST16__NC2016_0299.png,NIST16,0.002641337122792653,0.0013224150333559976,0.3047674894332886
NIST16__NC2016_0313.png,NIST16,0.0620330671539591,0.0320093527410497,0.15598326921463013
NIST16__NC2016_0342.png,NIST16,0.0,0.0,0.02128470689058304
NIST16__NC2016_0343.png,NIST16,0.048964299075509664,0.025096567455074312,0.10150086134672165
NIST16__NC2016_0351.png,NIST16,0.0,0.0,0.004790995270013809
NIST16__NC2016_0394.png,NIST16,0.0,0.0,0.032331474125385284
NIST16__NC2016_0408.png,NIST16,0.004898199544019801,0.0024551125876886674,0.29270532727241516
NIST16__NC2016_0444.png,NIST16,0.00010265190942816727,5.13285892029286e-05,0.5073277354240417
NIST16__NC2016_0459.png,NIST16,0.4091158629263136,0.2571625760747429,0.07543598860502243
NIST16__NC2016_0481.png,NIST16,0.0,0.0,0.09996794164180756
NIST16__NC2016_0484.png,NIST16,0.1974223956066035,0.10952227250878338,0.09324944764375687
NIST16__NC2016_0516.png,NIST16,0.0,0.0,0.060196492820978165
NIST16__NC2016_0527.png,NIST16,0.6949096969862565,0.5324610070135036,0.006721836980432272
NIST16__NC2016_0550.png,NIST16,0.0024705624514355165,0.0012368090326956452,0.0432296022772789
NIST16__NC2016_0569.png,NIST16,0.0,0.0,0.008713068440556526
NIST16__NC2016_0571.png,NIST16,0.02469447060022866,0.012501595440646834,0.16781900823116302
NIST16__NC2016_0587.png,NIST16,0.001869989094610733,0.0009358695802598984,0.3315730690956116
NIST16__NC2016_0589.png,NIST16,0.0,0.0,0.02298928238451481
NIST16__NC2016_0596.png,NIST16,0.0,0.0,0.018318498507142067
NIST16__NC2016_0600.png,NIST16,0.0,0.0,0.11110217869281769
NIST16__NC2016_0613.png,NIST16,0.09540162562302323,0.050090153864712064,0.20300938189029694
NIST16__NC2016_0623.png,NIST16,0.023298874892378217,0.011786746411200482,0.4356764554977417
NIST16__NC2016_0625.png,NIST16,0.0,0.0,0.02750159054994583
NIST16__NC2016_0650.png,NIST16,0.0,0.0,0.015836410224437714
NIST16__NC2016_0674.png,NIST16,0.001832768828555257,0.0009172249449215413,0.027095068246126175
NIST16__NC2016_0684.png,NIST16,0.0,0.0,0.04306721314787865
NIST16__NC2016_0741.png,NIST16,0.0,0.0,0.07664532214403152
NIST16__NC2016_0758.png,NIST16,0.0,0.0,0.02187192626297474
NIST16__NC2016_0766.png,NIST16,0.0,0.0,0.32991713285446167
NIST16__NC2016_0787.png,NIST16,0.03899581852066465,0.019885637618195756,0.12190204858779907
NIST16__NC2016_0796.png,NIST16,0.004645106494593303,0.0023279600584900748,0.12295609712600708
NIST16__NC2016_0800.png,NIST16,0.2141661932149834,0.11992504140155147,0.13012905418872833
NIST16__NC2016_0830.png,NIST16,0.0,0.0,0.12700863182544708
NIST16__NC2016_0859.png,NIST16,0.0,0.0,0.05849067494273186
NIST16__NC2016_0871.png,NIST16,0.0,0.0,0.0036397413350641727
NIST16__NC2016_0876.png,NIST16,0.01297753758840186,0.006531147902903601,0.06374818086624146
NIST16__NC2016_0887.png,NIST16,0.0,0.0,0.018949411809444427
NIST16__NC2016_0906.png,NIST16,0.020435789416100397,0.010323377896427306,0.34225723147392273
NIST16__NC2016_0942.png,NIST16,0.0,0.0,0.05550910905003548
NIST16__NC2016_0957.png,NIST16,0.0027660573396761185,0.001384944087216803,0.5096691846847534
NIST16__NC2016_0963.png,NIST16,0.0,0.0,0.00851089134812355
NIST16__NC2016_0994.png,NIST16,0.0,0.0,0.024943308904767036
NIST16__NC2016_1094.png,NIST16,0.0,0.0,0.013209219090640545
NIST16__NC2016_1103.png,NIST16,0.0003294784356363876,0.00016476636129967705,0.0841808170080185
NIST16__NC2016_1125.png,NIST16,0.0,0.0,0.06485522538423538
NIST16__NC2016_1141.png,NIST16,0.02908179730063213,0.014755456244100707,0.33215823769569397
NIST16__NC2016_1148.png,NIST16,0.21273807560474436,0.11903016155660966,0.007767486851662397
NIST16__NC2016_1165.png,NIST16,0.0,0.0,0.020014939829707146
NIST16__NC2016_1198.png,NIST16,0.0,0.0,0.004670985508710146
NIST16__NC2016_1213.png,NIST16,0.0,0.0,0.04760488495230675
NIST16__NC2016_1217.png,NIST16,0.0,0.0,0.01838935725390911
NIST16__NC2016_1225.png,NIST16,0.027663690184170458,0.014025848455202656,0.24787293374538422
NIST16__NC2016_1255.png,NIST16,0.0,0.0,0.012716352939605713
NIST16__NC2016_1264.png,NIST16,0.0,0.0,0.040016140788793564
NIST16__NC2016_1289.png,NIST16,0.0,0.0,0.027498142793774605
NIST16__NC2016_1293.png,NIST16,0.0,0.0,0.3454783856868744
NIST16__NC2016_1299.png,NIST16,0.0,0.0,0.01514329481869936
NIST16__NC2016_1332.png,NIST16,0.06110037733891777,0.031512914142022126,0.013886841014027596
NIST16__NC2016_1379.png,NIST16,0.0,0.0,0.01563393324613571
NIST16__NC2016_1396.png,NIST16,0.0,0.0,0.11437416821718216
NIST16__NC2016_1433.png,NIST16,0.0,0.0,0.009237579070031643
NIST16__NC2016_1437.png,NIST16,0.0,0.0,0.02658567950129509
NIST16__NC2016_1470.png,NIST16,0.0,0.0,0.08059106022119522
NIST16__NC2016_1475.png,NIST16,0.0,0.0,0.10211119800806046
NIST16__NC2016_1513.png,NIST16,0.0,0.0,0.012261675670742989
NIST16__NC2016_1515.png,NIST16,0.00273908818527816,0.0013714223159704308,0.04681207612156868
NIST16__NC2016_1520.png,NIST16,0.0,0.0,0.023280272260308266
NIST16__NC2016_1532.png,NIST16,0.0,0.0,0.005318010691553354
NIST16__NC2016_1543.png,NIST16,0.0,0.0,0.028358731418848038
NIST16__NC2016_1545.png,NIST16,0.0,0.0,0.01850348711013794
NIST16__NC2016_1546.png,NIST16,0.0,0.0,0.06301480531692505
NIST16__NC2016_1555.png,NIST16,0.01515828677839851,0.00763702550053478,0.11511562019586563
NIST16__NC2016_1562.png,NIST16,0.0,0.0,0.08359121531248093
NIST16__NC2016_1571.png,NIST16,0.0,0.0,0.07588418573141098
NIST16__NC2016_1572.png,NIST16,0.0,0.0,0.011072839610278606
NIST16__NC2016_1616.png,NIST16,0.0,0.0,0.04446907714009285
NIST16__NC2016_1633.png,NIST16,0.0,0.0,0.007509993854910135
NIST16__NC2016_1718.png,NIST16,0.0,0.0,0.12630797922611237
NIST16__NC2016_1720.png,NIST16,0.09594369954332452,0.0503891085154956,0.04768625646829605
NIST16__NC2016_1728.png,NIST16,0.0,0.0,0.02994648925960064
NIST16__NC2016_1732.png,NIST16,0.0,0.0,0.029301000759005547
NIST16__NC2016_1749.png,NIST16,0.0,0.0,0.030593499541282654
NIST16__NC2016_1755.png,NIST16,0.0,0.0,0.033894505351781845
NIST16__NC2016_1758.png,NIST16,0.0,0.0,0.028658293187618256
NIST16__NC2016_1759.png,NIST16,0.4022888775129498,0.25179074730776957,0.01403042022138834
NIST16__NC2016_1764.png,NIST16,0.00773120142075577,0.003880601566550235,0.08079110831022263
NIST16__NC2016_1777.png,NIST16,0.0,0.0,0.0010765596525743604
NIST16__NC2016_1804.png,NIST16,0.0,0.0,0.019297359511256218
NIST16__NC2016_1814.png,NIST16,0.0013157894736842105,0.0006583278472679394,0.0718216821551323
NIST16__NC2016_1825.png,NIST16,0.0,0.0,0.04735805466771126
NIST16__NC2016_1857.png,NIST16,0.5076045627376425,0.3401273885350318,0.02533695101737976
NIST16__NC2016_1868.png,NIST16,0.0,0.0,0.02920280583202839
NIST16__NC2016_1873.png,NIST16,0.024929654349995303,0.012622160220724108,0.4772833585739136
NIST16__NC2016_1879.png,NIST16,0.06574685062987402,0.03399081999751892,0.12392643094062805
NIST16__NC2016_1890.png,NIST16,0.0,0.0,0.48143696784973145
NIST16__NC2016_1893.png,NIST16,0.0,0.0,0.07308086007833481
NIST16__NC2016_1917.png,NIST16,0.0,0.0,0.034707117825746536
NIST16__NC2016_1933.png,NIST16,0.021779433222869342,0.011009608123906967,0.48006391525268555
NIST16__NC2016_1937.png,NIST16,0.0,0.0,0.006581106223165989
NIST16__NC2016_1944.png,NIST16,0.0,0.0,0.01926032267510891
NIST16__NC2016_1946.png,NIST16,0.008987955141096862,0.004514264574292825,0.5946512818336487
NIST16__NC2016_1966.png,NIST16,0.0,0.0,0.05791524425148964
NIST16__NC2016_1967.png,NIST16,0.07470893929017443,0.03880397141751148,0.11805090308189392
NIST16__NC2016_1986.png,NIST16,0.1817023885904499,0.0999299495584739,0.03441977500915527
NIST16__NC2016_1987.png,NIST16,0.0,0.0,0.01160611305385828
NIST16__NC2016_2023.png,NIST16,0.0,0.0,0.008678571321070194
NIST16__NC2016_2027.png,NIST16,0.0,0.0,0.004351298324763775
NIST16__NC2016_2031.png,NIST16,0.0,0.0,0.009004184976220131
NIST16__NC2016_2040.png,NIST16,0.0,0.0,0.01104396115988493
NIST16__NC2016_2051.png,NIST16,0.0,0.0,0.026688341051340103
NIST16__NC2016_2080.png,NIST16,0.0,0.0,0.06081594154238701
NIST16__NC2016_2090.png,NIST16,0.012806858033510846,0.006444697177667098,0.24916444718837738
NIST16__NC2016_2122.png,NIST16,0.0,0.0,0.05674246698617935
NIST16__NC2016_2126.png,NIST16,0.6420612418038862,0.47282046994284227,0.022281724959611893
NIST16__NC2016_2144.png,NIST16,0.0,0.0,0.05035823583602905
NIST16__NC2016_2167.png,NIST16,0.0,0.0,0.0050270133651793
NIST16__NC2016_2202.png,NIST16,0.0,0.0,0.012142275460064411
NIST16__NC2016_2255.png,NIST16,0.0,0.0,0.7299768924713135
NIST16__NC2016_2262.png,NIST16,0.0,0.0,0.02126728557050228
NIST16__NC2016_2296.png,NIST16,0.0,0.0,0.023123128339648247
NIST16__NC2016_2300.png,NIST16,0.0,0.0,0.03718242049217224
NIST16__NC2016_2304.png,NIST16,0.01053884951467185,0.005297338684950396,0.5985159873962402
NIST16__NC2016_2305.png,NIST16,0.0,0.0,0.10128048062324524
NIST16__NC2016_2354.png,NIST16,0.0,0.0,0.015043586492538452
NIST16__NC2016_2372.png,NIST16,0.0,0.0,0.019801244139671326
NIST16__NC2016_2398.png,NIST16,0.0,0.0,0.3918396234512329
NIST16__NC2016_2403.png,NIST16,0.0,0.0,0.0732857957482338
NIST16__NC2016_2438.png,NIST16,0.0,0.0,0.12977559864521027
NIST16__NC2016_2441.png,NIST16,0.0,0.0,0.003100398927927017
NIST16__NC2016_2444.png,NIST16,0.1817750406230205,0.09997390019621459,0.19689024984836578
NIST16__NC2016_2456.png,NIST16,0.09415545261724209,0.049403532279976924,0.04243854433298111
NIST16__NC2016_2459.png,NIST16,0.0,0.0,0.03266119956970215
NIST16__NC2016_2487.png,NIST16,0.05130800873372981,0.026329460460495658,0.09295304864645004
NIST16__NC2016_2492.png,NIST16,0.0,0.0,0.00919976457953453
NIST16__NC2016_2512.png,NIST16,0.0,0.0,0.08101357519626617
NIST16__NC2016_2550.png,NIST16,0.0,0.0,0.062452904880046844
NIST16__NC2016_2564.png,NIST16,0.19221282432068676,0.10632491861131764,0.0490640290081501
NIST16__NC2016_2571.png,NIST16,0.025731790333560246,0.013033583890766155,0.32424354553222656
NIST16__NC2016_2606.png,NIST16,0.0,0.0,0.05138808861374855
NIST16__NC2016_2618.png,NIST16,0.0,0.0,0.04592930153012276
NIST16__NC2016_2621.png,NIST16,0.04093861858676919,0.020897057629320846,0.09912573546171188
NIST16__NC2016_2624.png,NIST16,0.0,0.0,0.11826806515455246
NIST16__NC2016_2649.png,NIST16,0.0,0.0,0.0978364571928978
NIST16__NC2016_2666.png,NIST16,0.0,0.0,0.0649903193116188
NIST16__NC2016_2722.png,NIST16,0.17805004263755167,0.09772499069914432,0.021022852510213852
NIST16__NC2016_2754.png,NIST16,0.0,0.0,0.4738583266735077
NIST16__NC2016_2772.png,NIST16,0.0,0.0,0.01683012582361698
NIST16__NC2016_2785.png,NIST16,0.0,0.0,0.01274089515209198
NIST16__NC2016_2802.png,NIST16,0.0,0.0,0.05037546902894974
NIST16__NC2016_2812.png,NIST16,0.0,0.0,0.03214745223522186
NIST16__NC2016_2835.png,NIST16,0.0,0.0,0.05310827121138573
NIST16__NC2016_2858.png,NIST16,0.0,0.0,0.05845960974693298
NIST16__NC2016_2864.png,NIST16,0.0,0.0,0.02854505367577076
NIST16__NC2016_2901.png,NIST16,0.02310749607172567,0.011688797456517673,0.04929045960307121
NIST16__NC2016_2907.png,NIST16,0.015690602617930354,0.0079073367483071,0.031946394592523575
NIST16__NC2016_2942.png,NIST16,0.20925592804578905,0.116854178842782,0.009058894589543343
NIST16__NC2016_3001.png,NIST16,0.0008522861534739873,0.0004263247520785335,0.10187683254480362
NIST16__NC2016_3004.png,NIST16,0.0,0.0,0.011923720128834248
NIST16__NC2016_3010.png,NIST16,0.010501942952466073,0.005278689725413065,0.21480144560337067
NIST16__NC2016_3042.png,NIST16,0.0,0.0,0.05085446313023567
NIST16__NC2016_3059.png,NIST16,0.0,0.0,0.08161050826311111
NIST16__NC2016_3067.png,NIST16,0.0,0.0,0.029387274757027626
NIST16__NC2016_3092.png,NIST16,0.0,0.0,0.009729446843266487
NIST16__NC2016_3119.png,NIST16,0.0,0.0,0.007602016907185316
NIST16__NC2016_3187.png,NIST16,0.4538115209474692,0.2935033646257373,0.11671054363250732
NIST16__NC2016_3195.png,NIST16,0.0,0.0,0.05614129826426506
NIST16__NC2016_3204.png,NIST16,0.0,0.0,0.1107788160443306
NIST16__NC2016_3207.png,NIST16,0.0,0.0,0.04422468692064285
NIST16__NC2016_3253.png,NIST16,0.018335699393665337,0.009252676847463578,0.47058653831481934
NIST16__NC2016_3304.png,NIST16,0.0,0.0,0.0878627821803093
NIST16__NC2016_3312.png,NIST16,0.015744627217956757,0.007934778675126812,0.12401992082595825
NIST16__NC2016_3335.png,NIST16,0.06508395390424648,0.03363657768799425,0.1058168038725853
NIST16__NC2016_3374.png,NIST16,0.0,0.0,0.031886667013168335
NIST16__NC2016_3382.png,NIST16,0.0,0.0,0.021271800622344017
NIST16__NC2016_3389.png,NIST16,0.01009621488543087,0.005073720127051057,0.24411076307296753
NIST16__NC2016_3397.png,NIST16,0.0,0.0,0.02303984947502613
NIST16__NC2016_3432.png,NIST16,0.0,0.0,0.04829879477620125
NIST16__NC2016_3475.png,NIST16,0.0,0.0,0.024058103561401367
NIST16__NC2016_3476.png,NIST16,0.0,0.0,0.11696795374155045
NIST16__NC2016_3491.png,NIST16,0.0,0.0,0.010461472906172276
NIST16__NC2016_3508.png,NIST16,0.0,0.0,0.02743138186633587
NIST16__NC2016_3563.png,NIST16,0.043357359268431026,0.022159058770292436,0.02743549644947052
NIST16__NC2016_3576.png,NIST16,0.0,0.0,0.023629166185855865
NIST16__NC2016_3577.png,NIST16,0.0,0.0,0.009320736862719059
NIST16__NC2016_3595.png,NIST16,0.0,0.0,0.10764972865581512
NIST16__NC2016_3601.png,NIST16,0.0,0.0,0.0660836324095726
NIST16__NC2016_3612.png,NIST16,0.016512563051330274,0.008325015194819003,0.06167711690068245
NIST16__NC2016_3627.png,NIST16,0.0,0.0,0.004586959257721901
NIST16__NC2016_3660.png,NIST16,0.05074337257781157,0.026032166244276206,0.7255841493606567
NIST16__NC2016_3666.png,NIST16,0.04015787089956219,0.0204903600669073,0.714759111404419
NIST16__NC2016_3675.png,NIST16,0.0,0.0,0.05408395081758499
NIST16__NC2016_3680.png,NIST16,0.0,0.0,0.052564527839422226
NIST16__NC2016_3688.png,NIST16,0.0,0.0,0.017809592187404633
NIST16__NC2016_3692.png,NIST16,0.020396356112532973,0.010303252459406175,0.05088675022125244
NIST16__NC2016_3704.png,NIST16,0.0,0.0,0.016812589019536972
NIST16__NC2016_3707.png,NIST16,0.0,0.0,0.0938778668642044
NIST16__NC2016_3725.png,NIST16,0.004939771231906064,0.002476001055344712,0.3196737766265869
NIST16__NC2016_3732.png,NIST16,0.0,0.0,0.09881767630577087
NIST16__NC2016_3801.png,NIST16,0.007024290125004055,0.003524523701016223,0.33136457204818726
NIST16__NC2016_3829.png,NIST16,0.1950859913223631,0.10808603090475877,0.07019263505935669
NIST16__NC2016_3832.png,NIST16,0.0,0.0,0.02974497154355049
NIST16__NC2016_3842.png,NIST16,0.0,0.0,0.11839468777179718
NIST16__NC2016_3850.png,NIST16,0.0,0.0,0.013455862179398537
NIST16__NC2016_3851.png,NIST16,0.0,0.0,0.0329689159989357
NIST16__NC2016_3854.png,NIST16,0.0,0.0,0.015089763328433037
NIST16__NC2016_3868.png,NIST16,0.0,0.0,0.03350871428847313
NIST16__NC2016_3906.png,NIST16,0.0,0.0,0.020044535398483276
NIST16__NC2016_3911.png,NIST16,0.0,0.0,0.03835625946521759
NIST16__NC2016_3938.png,NIST16,0.0,0.0,0.01613740064203739
NIST16__NC2016_3953.png,NIST16,0.024324133407336395,0.012311803681282422,0.047669120132923126
NIST16__NC2016_4009.png,NIST16,0.0,0.0,0.720710277557373
NIST16__NC2016_4049.png,NIST16,0.03328864301780081,0.01692604402756907,0.10024556517601013
NIST16__NC2016_4053.png,NIST16,0.0,0.0,0.08681157231330872
NIST16__NC2016_4076.png,NIST16,0.0,0.0,0.01057895552366972
NIST16__NC2016_4084.png,NIST16,0.0,0.0,0.024736879393458366
NIST16__NC2016_4145.png,NIST16,0.032590435424786554,0.016565150445338617,0.09161318093538284
NIST16__NC2016_4161.png,NIST16,0.015304622455166854,0.007711320653197385,0.24191659688949585
NIST16__NC2016_4166.png,NIST16,0.0,0.0,0.05032073333859444
NIST16__NC2016_4175.png,NIST16,0.3346971669456326,0.20098276439712615,0.021170977503061295
NIST16__NC2016_4188.png,NIST16,0.0,0.0,0.019851284101605415
NIST16__NC2016_4190.png,NIST16,0.0,0.0,0.05324568599462509
NIST16__NC2016_4192.png,NIST16,0.0753630767648017,0.039157035727092324,0.10562683641910553
NIST16__NC2016_4211.png,NIST16,0.0,0.0,0.14845633506774902
NIST16__NC2016_4219.png,NIST16,0.0,0.0,0.0654304176568985
NIST16__NC2016_4228.png,NIST16,0.0,0.0,0.061773110181093216
NIST16__NC2016_4232.png,NIST16,0.0,0.0,0.06415529549121857
NIST16__NC2016_4247.png,NIST16,0.36061542737422353,0.2199700017895322,0.13213089108467102
NIST16__NC2016_4274.png,NIST16,0.0,0.0,0.11578540503978729
NIST16__NC2016_4300.png,NIST16,0.0,0.0,0.0885530635714531
NIST16__NC2016_4301.png,NIST16,0.0,0.0,0.04842338338494301
NIST16__NC2016_4326.png,NIST16,0.0017074464005229055,0.0008544526663262207,0.0505397692322731
NIST16__NC2016_4327.png,NIST16,0.0,0.0,0.01852629892528057
NIST16__NC2016_4360.png,NIST16,0.0,0.0,0.02450747601687908
NIST16__NC2016_4363.png,NIST16,0.0,0.0,0.038289688527584076
NIST16__NC2016_4399.png,NIST16,0.0,0.0,0.010654106736183167
NIST16__NC2016_4427.png,NIST16,0.0,0.0,0.10450234264135361
NIST16__NC2016_4428.png,NIST16,0.037855768686697225,0.019293061173876903,0.10940995067358017
NIST16__NC2016_4429.png,NIST16,0.004908874325336313,0.002460476247006672,0.3046603500843048
NIST16__NC2016_4432.png,NIST16,0.012657646400262838,0.0063691323124753195,0.10355837643146515
NIST16__NC2016_4434.png,NIST16,0.0,0.0,0.014797921292483807
NIST16__NC2016_4437.png,NIST16,0.06692612938456133,0.03462160986287288,0.08154454827308655
NIST16__NC2016_4463.png,NIST16,0.0,0.0,0.00442986935377121
NIST16__NC2016_4487.png,NIST16,0.0,0.0,0.05435658246278763
NIST16__NC2016_4498.png,NIST16,0.0,0.0,0.00967567227780819
NIST16__NC2016_4503.png,NIST16,0.0,0.0,0.005170753225684166
NIST16__NC2016_4507.png,NIST16,0.0,0.0,0.034279439598321915
NIST16__NC2016_4512.png,NIST16,0.0,0.0,0.007204923778772354
NIST16__NC2016_4528.png,NIST16,0.0,0.0,0.07827319204807281
NIST16__NC2016_4534.png,NIST16,0.10150387370623076,0.05346540996340399,0.09701399505138397
NIST16__NC2016_4543.png,NIST16,0.04108303065401587,0.020972318529525066,0.10547678917646408
NIST16__NC2016_4544.png,NIST16,0.0,0.0,0.01845477893948555
NIST16__NC2016_4549.png,NIST16,0.07511211249017795,0.03902155184079243,0.0522695817053318
NIST16__NC2016_4571.png,NIST16,0.3738288033280114,0.22988280944408807,0.01097959652543068
NIST16__NC2016_4586.png,NIST16,0.0,0.0,0.01838056556880474
NIST16__NC2016_4589.png,NIST16,0.10361155974021512,0.054636253596874615,0.02593047358095646
NIST16__NC2016_4599.png,NIST16,0.0,0.0,0.07873518019914627
NIST16__NC2016_4604.png,NIST16,0.0,0.0,0.052564527839422226
NIST16__NC2016_4620.png,NIST16,0.0,0.0,0.10849987715482712
NIST16__NC2016_4621.png,NIST16,0.0,0.0,0.06757782399654388
NIST16__NC2016_4642.png,NIST16,0.0,0.0,0.04318107292056084
NIST16__NC2016_4651.png,NIST16,0.0,0.0,0.009844420477747917
NIST16__NC2016_4699.png,NIST16,0.0,0.0,0.019812334328889847
NIST16__NC2016_4717.png,NIST16,0.0,0.0,0.0031519578769803047
NIST16__NC2016_4730.png,NIST16,0.7340080890194579,0.5797889249157607,0.034622859209775925
NIST16__NC2016_4804.png,NIST16,0.0,0.0,0.011266108602285385
NIST16__NC2016_4837.png,NIST16,0.0,0.0,0.013657226227223873
NIST16__NC2016_4867.png,NIST16,0.07522091198727339,0.0390802832676952,0.08486554026603699
NIST16__NC2016_4875.png,NIST16,0.0,0.0,0.09826721251010895
NIST16__NC2016_4883.png,NIST16,0.007799404559132575,0.0039149694950304905,0.2891726493835449
NIST16__NC2016_4896.png,NIST16,0.0,0.0,0.014683328568935394
NIST16__NC2016_4901.png,NIST16,0.0,0.0,0.004881184082478285
NIST16__NC2016_4936.png,NIST16,0.0,0.0,0.057687532156705856
NIST16__NC2016_4937.png,NIST16,0.03243388802728755,0.016484268472569306,0.14047178626060486
NIST16__NC2016_4940.png,NIST16,0.0,0.0,0.01723288744688034
NIST16__NC2016_4956.png,NIST16,0.0,0.0,0.08286966383457184
NIST16__NC2016_4962.png,NIST16,0.0,0.0,0.12454670667648315
NIST16__NC2016_4981.png,NIST16,0.0,0.0,0.06465117633342743
NIST16__NC2016_4993.png,NIST16,0.0,0.0,0.16732217371463776
NIST16__NC2016_5009.png,NIST16,0.0,0.0,0.007468844298273325
NIST16__NC2016_5042.png,NIST16,0.014552786679588007,0.007329727318839312,0.25952020287513733
NIST16__NC2016_5048.png,NIST16,0.0,0.0,0.07372280955314636
NIST16__NC2016_5064.png,NIST16,0.0,0.0,0.011545776389539242
NIST16__NC2016_5131.png,NIST16,0.19595955761394984,0.10862259681649425,0.10569004714488983
NIST16__NC2016_5154.png,NIST16,0.0,0.0,0.012089437805116177
NIST16__NC2016_5174.png,NIST16,0.0,0.0,0.0891883596777916
NIST16__NC2016_5182.png,NIST16,0.10310259365624486,0.05435327883914067,0.1592770367860794
NIST16__NC2016_5196.png,NIST16,0.0,0.0,0.052615635097026825
NIST16__NC2016_5211.png,NIST16,0.0,0.0,0.30204373598098755
NIST16__NC2016_5218.png,NIST16,0.0,0.0,0.01580723188817501
NIST16__NC2016_5239.png,NIST16,0.0,0.0,0.01771417260169983
NIST16__NC2016_5240.png,NIST16,0.0,0.0,0.006244699005037546
NIST16__NC2016_5243.png,NIST16,0.0,0.0,0.0058082775212824345
NIST16__NC2016_5257.png,NIST16,0.0,0.0,0.042058855295181274
NIST16__NC2016_5270.png,NIST16,0.0,0.0,0.021632574498653412
NIST16__NC2016_5275.png,NIST16,0.0,0.0,0.06194062530994415
NIST16__NC2016_5290.png,NIST16,0.058917062969099654,0.030352676768783397,0.11938820034265518
NIST16__NC2016_5300.png,NIST16,0.0,0.0,0.012136746197938919
NIST16__NC2016_5307.png,NIST16,0.0,0.0,0.03285632282495499
NIST16__NC2016_5313.png,NIST16,0.0,0.0,0.0681006908416748
NIST16__NC2016_5321.png,NIST16,0.00030483158055174517,0.0001524390243902439,0.032344426959753036
NIST16__NC2016_5334.png,NIST16,0.0,0.0,0.12089603394269943
NIST16__NC2016_5343.png,NIST16,0.0,0.0,0.024829477071762085
NIST16__NC2016_5345.png,NIST16,0.0,0.0,0.018093686550855637
NIST16__NC2016_5397.png,NIST16,0.0,0.0,0.059352222830057144
NIST16__NC2016_5442.png,NIST16,0.0,0.0,0.014572098851203918
NIST16__NC2016_5444.png,NIST16,0.0,0.0,0.018174299970269203
NIST16__NC2016_5446.png,NIST16,0.0,0.0,0.05347427725791931
NIST16__NC2016_5512.png,NIST16,0.0,0.0,0.09392748028039932
NIST16__NC2016_5597.png,NIST16,0.0,0.0,0.025715773925185204
NIST16__NC2016_5604.png,NIST16,0.0,0.0,0.03128105029463768
NIST16__NC2016_5645.png,NIST16,0.0,0.0,0.015166400000452995
NIST16__NC2016_5702.png,NIST16,0.0,0.0,0.015934111550450325
NIST16__NC2016_5730.png,NIST16,0.0005089760360098481,0.0002545527986421281,0.6543739438056946
NIST16__NC2016_5739.png,NIST16,0.0,0.0,0.01377834752202034
NIST16__NC2016_5749.png,NIST16,0.0,0.0,0.09190619736909866
NIST16__NC2016_5781.png,NIST16,0.0,0.0,0.050469640642404556
NIST16__NC2016_5809.png,NIST16,0.0,0.0,0.09992312639951706
NIST16__NC2016_5847.png,NIST16,0.07692609432911296,0.04000163181574469,0.0676652044057846
NIST16__NC2016_5881.png,NIST16,0.0,0.0,0.06489281356334686
NIST16__NC2016_5884.png,NIST16,0.0054952281088382175,0.0027551842373521717,0.02775544486939907
NIST16__NC2016_5887.png,NIST16,0.008036905469917862,0.004034665848974388,0.16147863864898682
NIST16__NC2016_5892.png,NIST16,0.015151691217168736,0.007633677168236705,0.15286043286323547
NIST16__NC2016_5913.png,NIST16,0.0,0.0,0.26205840706825256
NIST16__NC2016_5921.png,NIST16,0.029547121452693174,0.014995091623036649,0.02964850515127182
NIST16__NC2016_5929.png,NIST16,0.019029025375900434,0.009605908223623165,0.08893360942602158
NIST16__NC2016_5937.png,NIST16,0.0,0.0,0.01132246758788824
NIST16__NC2016_5943.png,NIST16,0.0,0.0,0.023813718929886818
NIST16__NC2016_6002.png,NIST16,0.0,0.0,0.003991106990724802
NIST16__NC2016_6003.png,NIST16,0.0,0.0,0.03402145206928253
NIST16__NC2016_6005.png,NIST16,0.0,0.0,0.04923040419816971
NIST16__NC2016_6011.png,NIST16,0.0,0.0,0.018528267741203308
NIST16__NC2016_6014.png,NIST16,0.0,0.0,0.01377834752202034
NIST16__NC2016_6040.png,NIST16,0.0,0.0,0.018982866778969765
NIST16__NC2016_6058.png,NIST16,0.0,0.0,0.020920759066939354
NIST16__NC2016_6069.png,NIST16,0.0,0.0,0.05761236697435379
NIST16__NC2016_6103.png,NIST16,0.0,0.0,0.0571378618478775
NIST16__NC2016_6116.png,NIST16,0.0,0.0,0.01700081303715706
NIST16__NC2016_6138.png,NIST16,0.0,0.0,0.04901245981454849
NIST16__NC2016_6142.png,NIST16,0.0,0.0,0.5969913005828857
NIST16__NC2016_6217.png,NIST16,0.0,0.0,0.012236064299941063
NIST16__NC2016_6218.png,NIST16,0.008100484842601431,0.004066713597227487,0.022634657099843025
NIST16__NC2016_6233.png,NIST16,0.0,0.0,0.03509876877069473
NIST16__NC2016_6238.png,NIST16,0.12099142774272016,0.06439109939630101,0.0355776883661747
NIST16__NC2016_6253.png,NIST16,0.4065406234031681,0.25513083632632116,0.006468429695814848
NIST16__NC2016_6260.png,NIST16,0.019767759599801957,0.009982546085507103,0.06884662806987762
NIST16__NC2016_6287.png,NIST16,0.0,0.0,0.02126653678715229
NIST16__NC2016_6309.png,NIST16,0.0,0.0,0.09058137238025665
NIST16__NC2016_6312.png,NIST16,0.0,0.0,0.059271831065416336
NIST16__NC2016_6326.png,NIST16,0.0,0.0,0.1486797034740448
NIST16__NC2016_6343.png,NIST16,0.00213454377938401,0.0010684121759740267,0.0909198597073555
NIST16__NC2016_6347.png,NIST16,0.0,0.0,0.009514722973108292
NIST16__NC2016_6391.png,NIST16,0.2495042975035842,0.1425335104495037,0.0886634811758995
NIST16__NC2016_6412.png,NIST16,0.0,0.0,0.03027557209134102
NIST16__NC2016_6414.png,NIST16,0.0,0.0,0.028656484559178352
NIST16__NC2016_6426.png,NIST16,0.0,0.0,0.03376057744026184
NIST16__NC2016_6438.png,NIST16,0.0,0.0,0.019875437021255493
NIST16__NC2016_6450.png,NIST16,0.0,0.0,0.08174867928028107
NIST16__NC2016_6453.png,NIST16,0.0,0.0,0.008852537721395493
NIST16__NC2016_6456.png,NIST16,0.0,0.0,0.26475760340690613
NIST16__NC2016_6479.png,NIST16,0.0,0.0,0.010364941321313381
NIST16__NC2016_6487.png,NIST16,0.0,0.0,0.03075803816318512
NIST16__NC2016_6495.png,NIST16,0.0006970375902414737,0.00034864030281900587,0.10913827270269394
NIST16__NC2016_6505.png,NIST16,0.13571092371053148,0.07279500021565305,0.04943941906094551
NIST16__NC2016_6518.png,NIST16,0.0,0.0,0.020331168547272682
NIST16__NC2016_6519.png,NIST16,0.0,0.0,0.007949667982757092
NIST16__NC2016_6555.png,NIST16,0.0,0.0,0.011466939933598042
NIST16__NC2016_6565.png,NIST16,0.0,0.0,0.0308817308396101
NIST16__NC2016_6572.png,NIST16,0.03072723862833071,0.01560334313816847,0.10527516901493073
NIST16__NC2016_6607.png,NIST16,0.0,0.0,0.01922765001654625
NIST16__NC2016_6619.png,NIST16,0.0,0.0,0.10660681128501892
NIST16__NC2016_6623.png,NIST16,0.0,0.0,0.025449516251683235
NIST16__NC2016_6625.png,NIST16,0.0,0.0,0.026750152930617332
NIST16__NC2016_6634.png,NIST16,0.0,0.0,0.0066131483763456345
NIST16__NC2016_6640.png,NIST16,0.0,0.0,0.08046872168779373
NIST16__NC2016_6651.png,NIST16,0.015246315145031551,0.007681716507882762,0.3090217709541321
NIST16__NC2016_6673.png,NIST16,0.0,0.0,0.012927260249853134
NIST16__NC2016_6704.png,NIST16,0.0,0.0,0.05998082086443901
NIST16__NC2016_6722.png,NIST16,0.04049753070273954,0.02066725168111844,0.1623837947845459
NIST16__NC2016_6725.png,NIST16,0.0,0.0,0.08289635181427002
NIST16__NC2016_6733.png,NIST16,0.0,0.0,0.002265796298161149
NIST16__NC2016_6757.png,NIST16,0.08412538054765578,0.04390964820636496,0.48200032114982605
NIST16__NC2016_6796.png,NIST16,0.0,0.0,0.21534527838230133
NIST16__NC2016_6802.png,NIST16,0.5532055347735481,0.3823663609930664,0.09245264530181885
NIST16__NC2016_6806.png,NIST16,0.0,0.0,0.006013969890773296
NIST16__NC2016_6811.png,NIST16,0.0,0.0,0.024570664390921593
NIST16__NC2016_6817.png,NIST16,0.0,0.0,0.024402661249041557
NIST16__NC2016_6849.png,NIST16,0.038654586412907796,0.019708199353938718,0.06293614953756332
NIST16__NC2016_6880.png,NIST16,0.0,0.0,0.08001908659934998
NIST16__NC2016_6886.png,NIST16,0.32163445499979737,0.1916355206158373,0.024134982377290726
NIST16__NC2016_6888.png,NIST16,0.09221993392127864,0.048338870691121555,0.09972991049289703
NIST16__NC2016_6889.png,NIST16,0.0,0.0,0.016972213983535767
NIST16__NC2016_6890.png,NIST16,0.0,0.0,0.02210616134107113
NIST16__NC2016_6910.png,NIST16,0.0,0.0,0.02468118630349636
NIST16__NC2016_6969.png,NIST16,0.0,0.0,0.02147054672241211
NIST16__NC2016_7023.png,NIST16,0.0,0.0,0.013852533884346485
NIST16__NC2016_7025.png,NIST16,0.0,0.0,0.009971707127988338
NIST16__NC2016_7048.png,NIST16,0.0,0.0,0.11142727732658386
NIST16__NC2016_7065.png,NIST16,0.0,0.0,0.05952807515859604
NIST16__NC2016_7067.png,NIST16,0.0,0.0,0.02971217781305313
NIST16__NC2016_7094.png,NIST16,0.0,0.0,0.015233305282890797
NIST16__NC2016_7095.png,NIST16,0.0,0.0,0.01877611316740513
NIST16__NC2016_7126.png,NIST16,0.0,0.0,0.023520076647400856
NIST16__NC2016_7146.png,NIST16,0.36308021245590427,0.22180696648590273,0.03684193640947342
NIST16__NC2016_7151.png,NIST16,0.0,0.0,0.30310508608818054
NIST16__NC2016_7152.png,NIST16,0.0,0.0,0.017926424741744995
NIST16__NC2016_7214.png,NIST16,0.0,0.0,0.0378810353577137
NIST16__NC2016_7262.png,NIST16,0.0,0.0,0.024732382968068123
NIST16__NC2016_7298.png,NIST16,0.0,0.0,0.12062587589025497
NIST16__NC2016_7312.png,NIST16,0.14304003007029537,0.07702914030812961,0.15899206697940826
NIST16__NC2016_7338.png,NIST16,0.026598870983174094,0.013478694519864798,0.03164409101009369
NIST16__NC2016_7339.png,NIST16,0.0,0.0,0.0281787421554327
NIST16__NC2016_7344.png,NIST16,0.0,0.0,0.0159755926579237
NIST16__NC2016_7352.png,NIST16,0.0,0.0,0.04760932922363281
NIST16__NC2016_7354.png,NIST16,0.0,0.0,0.008622954599559307
NIST16__NC2016_7356.png,NIST16,0.0,0.0,0.007016610354185104
NIST16__NC2016_7359.png,NIST16,0.02087180321281298,0.010545958188405972,0.03888217732310295
NIST16__NC2016_7390.png,NIST16,0.0,0.0,0.029976217076182365
NIST16__NC2016_7398.png,NIST16,0.0,0.0,0.11693400889635086
NIST16__NC2016_7420.png,NIST16,0.0,0.0,0.023507246747612953
NIST16__NC2016_7429.png,NIST16,0.0,0.0,0.04926983639597893
NIST16__NC2016_7437.png,NIST16,0.0,0.0,0.02979719080030918
NIST16__NC2016_7480.png,NIST16,0.0,0.0,0.007664303295314312
NIST16__NC2016_7489.png,NIST16,0.0,0.0,0.024641135707497597
NIST16__NC2016_7504.png,NIST16,0.10477251115555081,0.05528228762629034,0.09709222614765167
NIST16__NC2016_7511.png,NIST16,0.0,0.0,0.010574866086244583
NIST16__NC2016_7534.png,NIST16,0.018203597888190447,0.009185402632072914,0.34349119663238525
NIST16__NC2016_7539.png,NIST16,0.0,0.0,0.04837937653064728
NIST16__NC2016_7561.png,NIST16,0.0,0.0,0.0542541965842247
NIST16__NC2016_7563.png,NIST16,0.0,0.0,0.0010765596525743604
NIST16__NC2016_7564.png,NIST16,0.0,0.0,0.03462019935250282
NIST16__NC2016_7572.png,NIST16,0.0,0.0,0.006549827288836241
NIST16__NC2016_7580.png,NIST16,0.0,0.0,0.056251078844070435
NIST16__NC2016_7587.png,NIST16,0.0,0.0,0.08505333214998245
NIST16__NC2016_7652.png,NIST16,0.02444412078842606,0.012373287460834307,0.11541454493999481
NIST16__NC2016_7654.png,NIST16,0.0,0.0,0.00410257326439023
NIST16__NC2016_7666.png,NIST16,0.3025469513763828,0.17823582903910276,0.00700586661696434
NIST16__NC2016_7673.png,NIST16,0.0,0.0,0.03522934019565582
NIST16__NC2016_7691.png,NIST16,0.0,0.0,0.0632900819182396
NIST16__NC2016_7737.png,NIST16,0.0,0.0,0.061113737523555756
NIST16__NC2016_7747.png,NIST16,0.005180518204188601,0.0025969859686375755,0.014313274063169956
NIST16__NC2016_7752.png,NIST16,0.0,0.0,0.1308232843875885
NIST16__NC2016_7759.png,NIST16,0.0,0.0,0.04079831764101982
NIST16__NC2016_7772.png,NIST16,0.0,0.0,0.01599453203380108
NIST16__NC2016_7781.png,NIST16,0.0008623421420371015,0.0004313570597039747,0.0481119342148304
NIST16__NC2016_7834.png,NIST16,0.00012918067693904232,6.459451065082738e-05,0.3977664113044739
NIST16__NC2016_7865.png,NIST16,0.0,0.0,0.04919293895363808
NIST16__NC2016_7872.png,NIST16,0.0,0.0,0.02824513055384159
NIST16__NC2016_7878.png,NIST16,0.0,0.0,0.040341462939977646
NIST16__NC2016_7881.png,NIST16,0.0810562742641678,0.04224004757257079,0.023478945717215538
NIST16__NC2016_7882.png,NIST16,0.0,0.0,0.045783426612615585
NIST16__NC2016_7890.png,NIST16,0.0,0.0,0.013855504803359509
NIST16__NC2016_7894.png,NIST16,0.0,0.0,0.0257667638361454
NIST16__NC2016_7921.png,NIST16,0.0,0.0,0.07105571776628494
NIST16__NC2016_7953.png,NIST16,0.0,0.0,0.024770407006144524
NIST16__NC2016_7956.png,NIST16,0.0,0.0,0.01585521176457405
NIST16__NC2016_7989.png,NIST16,0.0,0.0,0.005832860711961985
NIST16__NC2016_8051.png,NIST16,0.0,0.0,0.040184106677770615
NIST16__NC2016_8058.png,NIST16,0.0,0.0,0.06002771481871605
NIST16__NC2016_8065.png,NIST16,0.1492113238738118,0.08062040026423767,0.01873393915593624
NIST16__NC2016_8067.png,NIST16,0.0,0.0,0.10101745277643204
NIST16__NC2016_8091.png,NIST16,0.014838569409718448,0.007474741943432906,0.09292741119861603
NIST16__NC2016_8127.png,NIST16,0.0,0.0,0.006288762670010328
NIST16__NC2016_8148.png,NIST16,0.0,0.0,0.03652695193886757
NIST16__NC2016_8183.png,NIST16,0.0,0.0,0.023035258054733276
NIST16__NC2016_8236.png,NIST16,0.0,0.0,0.01267047505825758
NIST16__NC2016_8253.png,NIST16,0.0,0.0,0.03352595493197441
NIST16__NC2016_8265.png,NIST16,0.0,0.0,0.023733016103506088
NIST16__NC2016_8266.png,NIST16,0.0,0.0,0.3050810396671295
NIST16__NC2016_8350.png,NIST16,0.0,0.0,0.0063194893300533295
NIST16__NC2016_8371.png,NIST16,0.0,0.0,0.016557134687900543
NIST16__NC2016_8411.png,NIST16,0.0,0.0,0.16768184304237366
NIST16__NC2016_8450.png,NIST16,0.0,0.0,0.010410035960376263
NIST16__NC2016_8457.png,NIST16,0.0,0.0,0.0008999243145808578
NIST16__NC2016_8500.png,NIST16,0.0,0.0,0.09414250403642654
NIST16__NC2016_8517.png,NIST16,0.006548076613728509,0.0032847928444671532,0.1190476194024086
NIST16__NC2016_8581.png,NIST16,0.07357130755496474,0.038190516910121174,0.11669250577688217
NIST16__NC2016_8586.png,NIST16,0.0,0.0,0.02525683119893074
NIST16__NC2016_8606.png,NIST16,0.0,0.0,0.017790107056498528
NIST16__NC2016_8618.png,NIST16,0.0,0.0,0.07603780180215836
NIST16__NC2016_8629.png,NIST16,0.013935490085950717,0.007016635167884754,0.5976583361625671
NIST16__NC2016_8682.png,NIST16,0.1224978576607853,0.06524512270764334,0.11169105768203735
NIST16__NC2016_8714.png,NIST16,0.0,0.0,0.046520400792360306
NIST16__NC2016_8720.png,NIST16,0.0889781717870894,0.04656052090744417,0.029942601919174194
NIST16__NC2016_8736.png,NIST16,0.0,0.0,0.05243951082229614
NIST16__NC2016_8738.png,NIST16,0.0,0.0,0.02870001271367073
NIST16__NC2016_8754.png,NIST16,0.0,0.0,0.02111402153968811
NIST16__NC2016_8769.png,NIST16,0.0,0.0,0.006746629253029823
NIST16__NC2016_8796.png,NIST16,0.0,0.0,0.10448823869228363
NIST16__NC2016_8814.png,NIST16,0.0,0.0,0.0539388544857502
NIST16__NC2016_8834.png,NIST16,0.04804224840919156,0.02461234028761024,0.2838625907897949
NIST16__NC2016_8897.png,NIST16,0.041823129963757213,0.021358198334240935,0.028590211644768715
NIST16__NC2016_8900.png,NIST16,0.20463875651089747,0.11398193943030807,0.0356801375746727
NIST16__NC2016_8909.png,NIST16,0.13959574608115274,0.07503516818299108,0.023921526968479156
NIST16__NC2016_8926.png,NIST16,0.0,0.0,0.004994603805243969
NIST16__NC2016_8965.png,NIST16,0.07300914077873186,0.03788764250196608,0.4926087558269501
NIST16__NC2016_8980.png,NIST16,0.34884690191719925,0.21127471602860748,0.03488751873373985
NIST16__NC2016_9009.png,NIST16,0.0,0.0,0.02484859712421894
NIST16__NC2016_9014.png,NIST16,0.0013751380759923924,0.0006880421144509301,0.06899197399616241
NIST16__NC2016_9038.png,NIST16,0.0,0.0,0.009426138363778591
NIST16__NC2016_9055.png,NIST16,0.1071665183895209,0.056616981594355804,0.020963439717888832
NIST16__NC2016_9073.png,NIST16,0.0,0.0,0.04813682660460472
NIST16__NC2016_9091.png,NIST16,0.0,0.0,0.019932562485337257
NIST16__NC2016_9108.png,NIST16,0.0,0.0,0.013205774128437042
NIST16__NC2016_9109.png,NIST16,0.0,0.0,0.04620844125747681
NIST16__NC2016_9112.png,NIST16,0.01103087319464688,0.005546025348500241,0.018929310142993927
NIST16__NC2016_9173.png,NIST16,0.0,0.0,0.0324845090508461
NIST16__NC2016_9176.png,NIST16,0.0,0.0,0.039699725806713104
NIST16__NC2016_9186.png,NIST16,0.0,0.0,0.024456389248371124
NIST16__NC2016_9191.png,NIST16,0.0,0.0,0.006942358333617449
NIST16__NC2016_9235.png,NIST16,0.0,0.0,0.1108427494764328
NIST16__NC2016_9241.png,NIST16,0.0,0.0,0.0251181460916996
NIST16__NC2016_9257.png,NIST16,0.0,0.0,0.048563748598098755
NIST16__NC2016_9272.png,NIST16,0.018304336364834587,0.00923670405134643,0.15156647562980652
NIST16__NC2016_9317.png,NIST16,0.0,0.0,0.02401949279010296
NIST16__NC2016_9347.png,NIST16,0.0,0.0,0.03338224068284035
NIST16__NC2016_9381.png,NIST16,0.04023478210686048,0.020530409326335118,0.027727961540222168
NIST16__NC2016_9402.png,NIST16,0.14556402004812033,0.07849503656195106,0.04788503050804138
NIST16__NC2016_9415.png,NIST16,0.0,0.0,0.0018618768081068993
NIST16__NC2016_9437.png,NIST16,0.0,0.0,0.025322960689663887
NIST16__NC2016_9445.png,NIST16,0.0,0.0,0.09177111834287643
NIST16__NC2016_9453.png,NIST16,0.07600342931162933,0.03950289229696324,0.058938853442668915
NIST16__NC2016_9462.png,NIST16,0.0,0.0,0.04228917136788368
NIST16__NC2016_9463.png,NIST16,0.0,0.0,0.012876060791313648
NIST16__NC2016_9513.png,NIST16,0.0,0.0,0.0280801672488451
NIST16__NC2016_9534.png,NIST16,0.0,0.0,0.007050920743495226
NIST16__NC2016_9541.png,NIST16,0.006423718869833604,0.0032222087163837902,0.045519374310970306
NIST16__NC2016_9573.png,NIST16,0.0,0.0,0.014833910390734673
NIST16__NC2016_9628.png,NIST16,0.0,0.0,0.024339299649000168
NIST16__NC2016_9629.png,NIST16,0.010052687141832354,0.005051735328305576,0.05971118062734604
NIST16__NC2016_9647.png,NIST16,0.0,0.0,0.06287308782339096
NIST16__NC2016_9651.png,NIST16,0.0,0.0,0.06312566995620728
NIST16__NC2016_9653.png,NIST16,0.004216924154611259,0.0021129170828473043,0.025487935170531273
NIST16__NC2016_9691.png,NIST16,0.0,0.0,0.015084692277014256
NIST16__NC2016_9725.png,NIST16,0.0,0.0,0.016788482666015625
NIST16__NC2016_9727.png,NIST16,0.12628531762982853,0.06739837117040831,0.045516934245824814
NIST16__NC2016_9759.png,NIST16,0.0,0.0,0.07855235040187836
NIST16__NC2016_9766.png,NIST16,0.0,0.0,0.05552278459072113
NIST16__NC2016_9781.png,NIST16,0.0,0.0,0.24066175520420074
NIST16__NC2016_9789.png,NIST16,0.0,0.0,0.011179719120264053
NIST16__NC2016_9790.png,NIST16,0.0,0.0,0.014873692765831947
NIST16__NC2016_9807.png,NIST16,0.0,0.0,0.15483878552913666
NIST16__NC2016_9811.png,NIST16,0.027140002501137486,0.013756679407329882,0.25201842188835144
NIST16__NC2016_9818.png,NIST16,0.0,0.0,0.0844431146979332
NIST16__NC2016_9822.png,NIST16,0.0,0.0,0.07386608421802521
NIST16__NC2016_9857.png,NIST16,0.0,0.0,0.01430924516171217
NIST16__NC2016_9868.png,NIST16,0.0,0.0,0.01483165193349123
NIST16__NC2016_9904.png,NIST16,0.0,0.0,0.03131865710020065
NIST16__NC2016_9962.png,NIST16,0.0,0.0,0.009224586188793182
NIST16__NC2016_9984.png,NIST16,0.00579522285593066,0.0029060319794389847,0.48709553480148315
NIST16__NC2016_9994.png,NIST16,0.0,0.0,0.010409653186798096
coverage__1.png,coverage,0.0,0.0,0.15489396452903748
coverage__10.png,coverage,0.0,0.0,0.04081975296139717
coverage__100.png,coverage,0.0,0.0,0.15093646943569183
coverage__11.png,coverage,0.0,0.0,0.2161777764558792
coverage__12.png,coverage,0.16242228089600544,0.0883893395133256,0.15480826795101166
coverage__13.png,coverage,0.0,0.0,0.0993935614824295
coverage__14.png,coverage,0.0,0.0,0.0947088897228241
coverage__15.png,coverage,0.0,0.0,0.15281587839126587
coverage__16.png,coverage,0.0537553523897697,0.027620038650215548,0.18622228503227234
coverage__17.png,coverage,0.11938242209143866,0.0634804350942014,0.2157389223575592
coverage__18.png,coverage,0.012797760391931413,0.006440089557495409,0.18284569680690765
coverage__19.png,coverage,0.22696449230221588,0.12800899435844929,0.23472683131694794
coverage__2.png,coverage,0.022027699009575474,0.011136505298150842,0.12757009267807007
coverage__20.png,coverage,0.22390829437880247,0.12606798042586959,0.13207946717739105
coverage__21.png,coverage,0.017480524415732474,0.008817327966264136,0.06852022558450699
coverage__22.png,coverage,0.12591541735362907,0.06718769180408364,0.13237065076828003
coverage__23.png,coverage,0.23453898050974512,0.1328485749164057,0.1662449687719345
coverage__24.png,coverage,0.011894814450724994,0.005982990506329114,0.14832527935504913
coverage__25.png,coverage,0.027104037806657863,0.01373819923911512,0.15146568417549133
coverage__26.png,coverage,0.004642968183231423,0.0023268859202626056,0.20593246817588806
coverage__27.png,coverage,0.08467843314728214,0.04421107902336571,0.16373641788959503
coverage__28.png,coverage,0.0,0.0,0.07868094742298126
coverage__29.png,coverage,0.0,0.0,0.14958815276622772
coverage__3.png,coverage,0.0,0.0,0.1490037888288498
coverage__30.png,coverage,0.0,0.0,0.023171192035079002
coverage__31.png,coverage,0.03152329983030936,0.016014057889327277,0.16463162004947662
coverage__32.png,coverage,0.0,0.0,0.083245187997818
coverage__33.png,coverage,0.02653294401421861,0.013444837568349952,0.22990640997886658
coverage__34.png,coverage,0.02679938744257274,0.013581684128831975,0.09094708412885666
coverage__35.png,coverage,0.016596006812334675,0.008367436422098801,0.15088804066181183
coverage__36.png,coverage,0.4369110549299012,0.2795177179826496,0.07425013184547424
coverage__37.png,coverage,0.0,0.0,0.11120901256799698
coverage__38.png,coverage,0.07229125790276869,0.037501130914683795,0.14953580498695374
coverage__39.png,coverage,0.4423936719018686,0.2840214911312284,0.1269095093011856
coverage__4.png,coverage,0.22552555193948456,0.1270942797660355,0.11578536778688431
coverage__40.png,coverage,0.0,0.0,0.01487606018781662
coverage__41.png,coverage,0.1534631421284864,0.08310862654828456,0.17796164751052856
coverage__42.png,coverage,0.0,0.0,0.05516548454761505
coverage__43.png,coverage,0.0,0.0,0.1057773157954216
coverage__44.png,coverage,0.12363357412261075,0.06588988825292995,0.061122409999370575
coverage__45.png,coverage,0.022737663446005668,0.011499568380811445,0.14019128680229187
coverage__46.png,coverage,0.0,0.0,0.0027217676397413015
coverage__47.png,coverage,0.0,0.0,0.031404945999383926
coverage__48.png,coverage,0.1733474657930237,0.0948989819064198,0.138902947306633
coverage__49.png,coverage,0.0,0.0,0.026606986299157143
coverage__5.png,coverage,0.04393486848443973,0.022460841296424,0.16566680371761322
coverage__50.png,coverage,0.18129912501853773,0.0996860602601215,0.1512773334980011
coverage__51.png,coverage,0.013596904089530383,0.006844987363100252,0.2072669267654419
coverage__52.png,coverage,0.14605491831769205,0.07878060669691402,0.28529345989227295
coverage__53.png,coverage,0.0,0.0,0.12648455798625946
coverage__54.png,coverage,0.010672358591248666,0.00536480686695279,0.10687565803527832
coverage__55.png,coverage,0.13790749274620243,0.07406049495875344,0.13170790672302246
coverage__56.png,coverage,0.0895980362074256,0.04690009637006103,0.08148796856403351
coverage__57.png,coverage,0.3431453613361998,0.20710649765445655,0.03722655028104782
coverage__58.png,coverage,0.0,0.0,0.016450677067041397
coverage__59.png,coverage,0.0,0.0,0.1406208723783493
coverage__6.png,coverage,0.17488076311605724,0.09581881533101046,0.13404972851276398
coverage__60.png,coverage,0.0,0.0,0.033939484506845474
coverage__61.png,coverage,0.06352247605011054,0.03280310525915214,0.095168836414814
coverage__62.png,coverage,0.08321070234113713,0.043411501954215524,0.03617531806230545
coverage__63.png,coverage,0.027285933848453587,0.013831671967384575,0.18731389939785004
coverage__64.png,coverage,0.03777753230973158,0.019252420625985138,0.15514692664146423
coverage__65.png,coverage,0.0,0.0,0.02517850697040558
coverage__66.png,coverage,0.040802311940255805,0.02082603107839701,0.16552168130874634
coverage__67.png,coverage,0.3630840856185772,0.22180985744511117,0.22188672423362732
coverage__68.png,coverage,0.3432484004938826,0.20718157181571817,0.055182743817567825
coverage__69.png,coverage,0.3170713201820941,0.18840449032956133,0.16708268225193024
coverage__7.png,coverage,0.001150152395192363,0.0005754071005236205,0.09559295326471329
coverage__70.png,coverage,0.0,0.0,0.07376520335674286
coverage__71.png,coverage,0.0,0.0,0.08673854917287827
coverage__72.png,coverage,0.04738175916170734,0.024265756700790387,0.14861325919628143
coverage__73.png,coverage,0.0,0.0,0.04809245839715004
coverage__74.png,coverage,0.03656695938529089,0.018623991054893603,0.11292646080255508
coverage__75.png,coverage,0.15346619773348966,0.08311041885348593,0.31983911991119385
coverage__76.png,coverage,0.0,0.0,0.20836879312992096
coverage__77.png,coverage,0.057709312607623214,0.029711985431542628,0.1343216449022293
coverage__78.png,coverage,0.0,0.0,0.06012485921382904
coverage__79.png,coverage,0.0,0.0,0.12588465213775635
coverage__8.png,coverage,0.09240414319462112,0.04844010478685401,0.1139879897236824
coverage__80.png,coverage,0.07266229898749256,0.0377008652657602,0.048140425235033035
coverage__81.png,coverage,0.03665959920662062,0.018672054622726957,0.1912330985069275
coverage__82.png,coverage,0.0,0.0,0.12846270203590393
coverage__83.png,coverage,0.5835561276694062,0.4119867642261267,0.14791108667850494
coverage__84.png,coverage,0.0759478423224019,0.03947286045201277,0.16693325340747833
coverage__85.png,coverage,0.08402901327494183,0.04385714285714286,0.1364874541759491
coverage__86.png,coverage,0.04277426266955063,0.021854537191960503,0.1802031248807907
coverage__87.png,coverage,0.18418919563247985,0.10143633642307591,0.17526449263095856
coverage__88.png,coverage,0.0,0.0,0.1289500743150711
coverage__89.png,coverage,0.018297450867956002,0.009233197422070235,0.13164231181144714
coverage__9.png,coverage,0.06983796367200662,0.03618243564922081,0.0915447473526001
coverage__90.png,coverage,0.040447281986935826,0.020641078760028627,0.10388683527708054
coverage__91.png,coverage,0.006779278006892266,0.003401167734255428,0.14255499839782715
coverage__92.png,coverage,0.11087352138307552,0.05869036437636972,0.31813183426856995
coverage__93.png,coverage,0.0,0.0,0.1053784042596817
coverage__94.png,coverage,0.03741492442478525,0.01906410320266972,0.3154201805591583
coverage__95.png,coverage,0.016936593627606647,0.008540621330201772,0.044527195394039154
coverage__96.png,coverage,0.05624019717678692,0.02893371757925072,0.20648647844791412
coverage__97.png,coverage,0.45932838393821684,0.2981351633596897,0.1769685298204422
coverage__98.png,coverage,0.0,0.0,0.01932656392455101
coverage__99.png,coverage,0.01209080440861984,0.006082171376556747,0.1774289608001709
wild__2217.png,wild,0.015358166998297328,0.007738508149386647,0.5821322202682495
wild__2251.png,wild,0.0,0.0,0.3045863211154938
wild__2301.png,wild,0.0072965467986334295,0.003661632034064679,0.2579914331436157
wild__2308.png,wild,0.013705720378460073,0.006900145924536169,0.09869643300771713
wild__2318.png,wild,0.0,0.0,0.11473127454519272
wild__2395.png,wild,0.001998440241762527,0.0010002195603913055,0.08466372638940811
wild__2508.png,wild,0.0,0.0,0.2895236015319824
wild__2511.png,wild,0.04246284501061571,0.021691973969631236,0.17210374772548676
wild__2525.png,wild,0.0,0.0,0.2382718324661255
wild__2536.png,wild,0.0768673929243107,0.0399698869654106,0.1811591535806656
wild__2564.png,wild,0.0046334707631824155,0.002322115107821626,0.1082162857055664
wild__2574.png,wild,0.03416892267803856,0.017381413424690923,0.2519736588001251
wild__2577.png,wild,0.0,0.0,0.5508966445922852
wild__2581.png,wild,0.06819128393472416,0.03529919052938986,0.0688726156949997
wild__2701.png,wild,0.09811645598046279,0.05158909770736987,0.06434004753828049
wild__2705.png,wild,0.015560261041949037,0.007841135579213456,0.2836528718471527
wild__2785.png,wild,0.111997411615376,0.05932058160534676,0.09720855206251144
wild__2810.png,wild,0.00990262557578875,0.0049759502741185445,0.3290010988712311
wild__2839.png,wild,0.0,0.0,0.2657424211502075
wild__2844.png,wild,0.0,0.0,0.1335850954055786
wild__2867.png,wild,0.027529139652283836,0.013956677487965969,0.24452082812786102
wild__2874.png,wild,0.0,0.0,0.08118133991956711
wild__2882.png,wild,0.08480289007653488,0.04427893590541381,0.10279751569032669
wild__2896.png,wild,0.0,0.0,0.022094644606113434
wild__2908.png,wild,0.0280200646341427,0.01420910229948369,0.2213948369026184
wild__2915.png,wild,0.0,0.0,0.3119518458843231
wild__5046.png,wild,0.004777960187587895,0.0023947009867819583,0.352395236492157
wild__5055.png,wild,0.0,0.0,0.24070750176906586
wild__5118.png,wild,0.00755073473131107,0.0037896747801469495,0.39949241280555725
wild__5137.png,wild,0.012600495181330417,0.006340192372383673,0.24174049496650696
wild__5143.png,wild,0.09167951268954629,0.048041989434781704,0.2508452236652374
wild__5179.png,wild,0.0,0.0,0.06745830923318863
wild__5193.png,wild,0.0037775614455896668,0.0018923549663760096,0.3446700870990753
wild__5198.png,wild,0.0,0.0,0.00806556735187769
wild__5200.png,wild,0.02409860312243221,0.012196257951188354,0.30940985679626465
wild__5204.png,wild,0.020535863553704063,0.010374455983108545,0.3984526991844177
wild__5264.png,wild,0.0,0.0,0.01552573498338461
wild__5266.png,wild,0.0,0.0,0.23222775757312775
wild__5270.png,wild,0.0053344413417913605,0.0026743537625323944,0.5353056788444519
wild__5304.png,wild,0.00027570607481762607,0.0001378720434887817,0.2423287332057953
wild__5367.png,wild,0.0,0.0,0.1477174162864685
wild__5435.png,wild,0.0,0.0,0.062263790518045425
wild__5481.png,wild,0.0,0.0,0.059031080454587936
wild__5482.png,wild,0.020157565559157688,0.010181398887356759,0.11567866802215576
wild__5483.png,wild,0.02408902054265282,0.012191349100792228,0.47360000014305115
wild__5492.png,wild,0.2238457651178677,0.12602833736042207,0.215740367770195
wild__5537.png,wild,0.0,0.0,0.009873409755527973
wild__5544.png,wild,0.022305527610864895,0.01127855081878189,0.3996942639350891
wild__5558.png,wild,0.0,0.0,0.20485767722129822
wild__5559.png,wild,0.24254669910519153,0.13801032379164713,0.2473095953464508
wild__5567.png,wild,0.0030851069736966314,0.0015449366342404228,0.6233465075492859
wild__5609.png,wild,0.0,0.0,0.5414407849311829
wild__5656.png,wild,0.00045333550314428857,0.00022671914149018422,0.23826627433300018
wild__5660.png,wild,0.004911770980424028,0.0024619317125828388,0.5440492033958435
wild__5693.png,wild,0.0,0.0,0.13603472709655762
wild__5696.png,wild,0.0,0.0,0.1293632835149765
wild__5698.png,wild,0.44271068254684204,0.28428287382775197,0.03211319074034691
wild__5707.png,wild,0.03723772831841237,0.01897210317096075,0.09345021843910217
wild__5708.png,wild,0.0054241813504073,0.0027194661138926703,0.21315793693065643
wild__5731.png,wild,0.0,0.0,0.08878130465745926
wild__5735.png,wild,0.0,0.0,0.21324895322322845
wild__5763.png,wild,0.0,0.0,0.2374737411737442
wild__5770.png,wild,0.0,0.0,0.12292357534170151
wild__5781.png,wild,0.0,0.0,0.40629467368125916
wild__5789.png,wild,0.07040796850239917,0.03648852573657962,0.1460876613855362
wild__5801.png,wild,0.026611835885800718,0.013485352942585451,0.11336301267147064
wild__5808.png,wild,0.01876607615114299,0.009471913399648918,0.39521563053131104
wild__5811.png,wild,0.012109533361764412,0.006091650201554165,0.2600976228713989
wild__5813.png,wild,0.0196912337330139,0.009943516924450719,0.35286256670951843
wild__5821.png,wild,0.0,0.0,0.1111052855849266
wild__5834.png,wild,0.0,0.0,0.15025568008422852
wild__5836.png,wild,0.21018471415791043,0.11743374627567822,0.06183715909719467
wild__5839.png,wild,0.009383159398122417,0.004713694371883919,0.4344910681247711
wild__im11_edit1.png,wild,0.0,0.0,0.08895251899957657
wild__im11_edit2.png,wild,0.0,0.0,0.08861041814088821
wild__im12_edit1.png,wild,0.00966579837055922,0.00485636952962274,0.1213376447558403
wild__im12_edit2.png,wild,0.0,0.0,0.04439206048846245
wild__im12_edit3.png,wild,0.27965871575366935,0.16256002126705102,0.056337740272283554
wild__im13_edit1.png,wild,0.0573377019201463,0.029515012453178013,0.07052444666624069
wild__im14_edit1.png,wild,0.0,0.0,0.025359109044075012
wild__im14_edit2.png,wild,0.0,0.0,0.12338604032993317
wild__im15_edit2.png,wild,0.05862123785696954,0.03019567278682872,0.07857869565486908
wild__im16_edit1.png,wild,0.0,0.0,0.06906981766223907
wild__im17_edit1.png,wild,0.06418759243165775,0.03315796106105475,0.0862492099404335
wild__im17_edit2.png,wild,0.0,0.0,0.08326216042041779
wild__im18_edit1.png,wild,0.002856622475292133,0.0014303542286646827,0.1102525144815445
wild__im18_edit2.png,wild,0.0,0.0,0.11779826879501343
wild__im19_edit1.png,wild,0.0,0.0,0.04935486614704132
wild__im19_edit2.png,wild,0.0,0.0,0.08693157881498337
wild__im19_edit3.png,wild,0.06789305111760752,0.035139385610553055,0.12064872682094574
wild__im19_edit4.png,wild,0.0,0.0,0.11533981561660767
wild__im1_edit1.png,wild,0.17170657863539368,0.09391631377595555,0.09651144593954086
wild__im1_edit2.png,wild,0.012832870986968455,0.006457872012678758,0.27871188521385193
wild__im1_edit3.png,wild,0.14259933433661587,0.076773599241543,0.21546879410743713
wild__im1_edit4.png,wild,0.0,0.0,0.08342420309782028
wild__im20_edit1.png,wild,0.009963978462685036,0.0050069337212237,0.3395117223262787
wild__im21_edit1.png,wild,0.0,0.0,0.10351589322090149
wild__im22_edit1.png,wild,0.013401478178434746,0.006745941885704502,0.38137564063072205
wild__im22_edit2.png,wild,0.0,0.0,0.09720563888549805
wild__im23_edit1.png,wild,0.0,0.0,0.08721771836280823
wild__im23_edit2.png,wild,0.0,0.0,0.0465431772172451
wild__im23_edit3.png,wild,0.014316414644629391,0.007209816684901101,0.33122965693473816
wild__im23_edit4.png,wild,0.0,0.0,0.04343161731958389
wild__im23_edit5.png,wild,0.0,0.0,0.10341480374336243
wild__im24_edit1.png,wild,0.0,0.0,0.14167915284633636
wild__im24_edit2.png,wild,0.052125478328563755,0.026760182829351765,0.1179172694683075
wild__im24_edit3.png,wild,0.003013844849778671,0.0015091966671906933,0.04177161678671837
wild__im25_edit1.png,wild,0.0,0.0,0.15393832325935364
wild__im25_edit2.png,wild,0.0,0.0,0.17924733459949493
wild__im25_edit3.png,wild,0.0,0.0,0.08173289149999619
wild__im25_edit4.png,wild,0.024026295122022166,0.012159218041570982,0.14361247420310974
wild__im25_edit5.png,wild,0.0,0.0,0.06488998979330063
wild__im26_edit1.png,wild,0.036817669230222186,0.018754075285399352,0.11101112514734268
wild__im27_edit1.png,wild,0.0,0.0,0.09877125918865204
wild__im27_edit2.png,wild,0.0,0.0,0.10925175249576569
wild__im28_edit1.png,wild,0.0011604480618905633,0.0005805608863229531,0.0882546603679657
wild__im29_edit2.png,wild,0.0,0.0,0.15258251130580902
wild__im2_edit1.png,wild,0.04734011236291425,0.024243910914870347,0.16400107741355896
wild__im2_edit2.png,wild,0.002086328529873951,0.0010442535929686926,0.16878241300582886
wild__im2_edit3.png,wild,0.0,0.0,0.4011337161064148
wild__im30_edit1.png,wild,0.0,0.0,0.15082643926143646
wild__im30_edit2.png,wild,0.0,0.0,0.278959721326828
wild__im30_edit3.png,wild,0.0,0.0,0.359829306602478
wild__im30_edit4.png,wild,0.0,0.0,0.19579900801181793
wild__im30_edit5.png,wild,0.014839368842253271,0.0074751476577484535,0.22961358726024628
wild__im30_edit6.png,wild,0.0,0.0,0.05715116485953331
wild__im31_edit1.png,wild,0.0,0.0,0.1504298895597458
wild__im31_edit11.png,wild,0.0031133493392672407,0.001559101683732069,0.10736152529716492
wild__im31_edit12.png,wild,0.007857351367130486,0.003944171052470907,0.4895533621311188
wild__im31_edit13.png,wild,0.0,0.0,0.07266058027744293
wild__im31_edit2.png,wild,0.01453422308534595,0.007320309045030046,0.254138708114624
wild__im31_edit3.png,wild,0.0,0.0,0.04286133497953415
wild__im31_edit4.png,wild,0.0,0.0,0.30124953389167786
wild__im31_edit5.png,wild,0.0,0.0,0.3220089375972748
wild__im31_edit6.png,wild,0.00368514573401989,0.0018459742090006497,0.5563380718231201
wild__im31_edit7.png,wild,0.0,0.0,0.32558897137641907
wild__im31_edit8.png,wild,0.0,0.0,0.06166548654437065
wild__im31_edit9.png,wild,0.006967382001458142,0.0034958695299502815,0.19874316453933716
wild__im32_edit1.png,wild,0.0,0.0,0.14184018969535828
wild__im32_edit2.png,wild,0.4116237267825045,0.2591474915126367,0.02795339748263359
wild__im32_edit3.png,wild,0.005454575690552609,0.0027347462855808833,0.23606881499290466
wild__im32_edit4.png,wild,0.01702121996499937,0.008583662183565542,0.14767183363437653
wild__im32_edit5.png,wild,0.4485993645046625,0.28915765163486085,0.038052622228860855
wild__im32_edit6.png,wild,0.004141849798042035,0.0020752225290273894,0.05549107864499092
wild__im32_edit7.png,wild,0.001509180127116086,0.0007551598997147653,0.09793327748775482
wild__im32_edit8.png,wild,0.04728725207045472,0.024216184444226747,0.20291201770305634
wild__im32_edit9.png,wild,0.0,0.0,0.03582232445478439
wild__im33_edit1.png,wild,0.526529619267729,0.3573398055046477,0.03513502702116966
wild__im33_edit2.png,wild,0.04171592947407579,0.021302287089978934,0.25190597772598267
wild__im34_edit1.png,wild,0.0,0.0,0.062098026275634766
wild__im35_edit1.png,wild,0.02352753819977034,0.011903802686094984,0.22359253466129303
wild__im35_edit11.png,wild,0.0,0.0,0.05842118337750435
wild__im35_edit12.png,wild,0.0,0.0,0.027872174978256226
wild__im35_edit2.png,wild,0.017498753580401396,0.008826604075031066,0.3312288224697113
wild__im35_edit3.png,wild,0.018348231861588654,0.009259059617132033,0.3084263205528259
wild__im35_edit4.png,wild,0.0,0.0,0.24543040990829468
wild__im35_edit5.png,wild,0.002914642609299098,0.0014594481895892695,0.2995325028896332
wild__im35_edit6.png,wild,0.029773889492721344,0.01511191498982591,0.31370243430137634
wild__im35_edit7.png,wild,0.27647597853122136,0.16041318547774572,0.02669440023601055
wild__im35_edit8.png,wild,0.0,0.0,0.16840416193008423
wild__im35_edit9.png,wild,0.03489738567657328,0.01775855643476829,0.16440486907958984
wild__im36_edit1.png,wild,0.07206799294412844,0.03738098266970673,0.05959639698266983
wild__im36_edit2.png,wild,0.09757243907597585,0.051288385996985944,0.2288028448820114
wild__im36_edit3.png,wild,0.13818659411792297,0.07422150559306662,0.1069990023970604
wild__im36_edit4.png,wild,0.0,0.0,0.3510514795780182
wild__im36_edit5.png,wild,0.04430505774591796,0.022654380695413125,0.15116126835346222
wild__im37_edit1.png,wild,0.0,0.0,0.023917390033602715
wild__im37_edit2.png,wild,0.0,0.0,0.08652223646640778
wild__im37_edit3.png,wild,0.0,0.0,0.12318947911262512
wild__im37_edit4.png,wild,0.005889915355756806,0.0029536560699995602,0.31712934374809265
wild__im37_edit5.png,wild,0.0,0.0,0.030471842736005783
wild__im37_edit6.png,wild,0.0074821945683650306,0.003755145649373095,0.21132449805736542
wild__im37_edit7.png,wild,0.0,0.0,0.09111540764570236
wild__im37_edit8.png,wild,0.19590889842210887,0.10859146650120018,0.3361818492412567
wild__im38_edit1.png,wild,0.0,0.0,0.15411131083965302
wild__im39_edit1.png,wild,0.02068828327034016,0.010452261306532663,0.02009878121316433
wild__im3_edit1.png,wild,0.0,0.0,0.06752743571996689
wild__im40_edit1.png,wild,0.0,0.0,0.010975542478263378
wild__im41_edit1.png,wild,0.003239368667723482,0.0016223119671395533,0.07372301816940308
wild__im41_edit2.png,wild,0.025259272521933145,0.012791184265587948,0.05108194425702095
wild__im41_edit3.png,wild,0.03855397372862699,0.01965589326050255,0.0829206258058548
wild__im42_edit1.png,wild,0.0,0.0,0.06319962441921234
wild__im42_edit2.png,wild,0.0410520207194492,0.020956156648185262,0.10781402140855789
wild__im42_edit3.png,wild,0.4533492940333801,0.29311679248873945,0.05134742707014084
wild__im42_edit4.png,wild,0.0,0.0,0.04567814990878105
wild__im42_edit5.png,wild,0.0,0.0,0.32892242074012756
wild__im4_edit1.png,wild,0.04061422683913607,0.020728040080447027,0.2379903495311737
wild__im5_edit1.png,wild,0.0,0.0,0.4020755887031555
wild__im6_edit1.png,wild,0.003908030233530919,0.0019578407672208287,0.25304314494132996
wild__im7_edit2.png,wild,0.06966508292768239,0.03608963517757913,0.20329131186008453
wild__im7_edit3.png,wild,0.0,0.0,0.04641590639948845
wild__im7_edit4.png,wild,0.0,0.0,0.07374045997858047
wild__im7_edit6.png,wild,0.0415419547940964,0.021211562277673842,0.04807521402835846
wild__im7_edit7.png,wild,0.030809308200215393,0.01564567023829295,0.1764836311340332
wild__im8_edit1.png,wild,0.05836254897917096,0.030058417419012214,0.04909525439143181
wild__im8_edit3.png,wild,0.18530080956664374,0.10211103335665966,0.05888919532299042
wild__im8_edit4.png,wild,0.0,0.0,0.06809763610363007
wild__im9_edit1.png,wild,0.0,0.0,0.010787712410092354
wild__im9_edit2.png,wild,0.12431916070321272,0.0662794853466762,0.1067301332950592
wild__im9_edit3.png,wild,0.0,0.0,0.05873284861445427
wild__im9_edit4.png,wild,0.01785076758300607,0.009005763688760807,0.07347717881202698
