name,dataset,F1,IoU,MAE
Casiav1__Sp_D_CND_A_pla0005_pla0023_0281.png,Casiav1,0.0,0.0,0.0871988907456398
Casiav1__Sp_D_CND_A_sec0056_sec0015_0282.png,Casiav1,0.0,0.0,0.1043192520737648
Casiav1__Sp_D_CNN_A_ani0049_ani0084_0266.png,Casiav1,0.0,0.0,0.0399373359978199
Casiav1__Sp_D_CNN_A_ani0053_ani0054_0267.png,Casiav1,0.0,0.0,0.02205403707921505
Casiav1__Sp_D_CNN_A_art0024_ani0032_0268.png,Casiav1,0.0,0.0,0.064910888671875
Casiav1__Sp_D_CNN_A_cha0025_pla0067_0269.png,Casiav1,0.0,0.0,0.1123148575425148
Casiav1__Sp_D_CNN_A_nat0014_nat0017_0097.png,Casiav1,0.0,0.0,0.09674072265625
Casiav1__Sp_D_CNN_A_nat0071_ani0024_0270.png,Casiav1,0.0,0.0,0.060546875
Casiav1__Sp_D_CNN_A_nat0085_ani0027_0271.png,Casiav1,0.0,0.0,0.03936767578125
Casiav1__Sp_D_CNN_A_pla0030_pla0061_0272.png,Casiav1,0.0,0.0,0.1134847030043602
Casiav1__Sp_D_CNN_A_pla0070_pla0073_0273.png,Casiav1,0.0,0.0,0.1118672713637352
Casiav1__Sp_D_CNN_A_pla0079_pla0049_0274.png,Casiav1,0.0,0.0,0.0692036971449852
Casiav1__Sp_D_CNN_A_sec0012_ani0007_0275.png,Casiav1,0.0,0.0,0.0908915176987648
Casiav1__Sp_D_CNN_A_sec0041_pla0037_0098.png,Casiav1,0.0,0.0,0.0870869979262352
Casiav1__Sp_D_CNN_C_ani0068_ani0045_0099.png,Casiav1,0.0,0.0,0.00494384765625
Casiav1__Sp_D_CNN_R_art0006_art0087_0276.png,Casiav1,0.0,0.0,0.2327779084444046
Casiav1__Sp_D_CNN_R_art0017_art0090_0277.png,Casiav1,0.0,0.0,0.02220662496984005
Casiav1__Sp_D_CNN_R_art0027_art0066_0100.png,Casiav1,0.0,0.0,0.0358479805290699
Casiav1__Sp_D_CNN_R_art0044_art0018_0278.png,Casiav1,0.0,0.0,0.0358479805290699
Casiav1__Sp_D_CNN_R_sec0018_sec0004_0101.png,Casiav1,0.0,0.0,0.01875813864171505
Casiav1__Sp_D_CRN_A_ani0036_ani0066_0372.png,Casiav1,0.0,0.0,0.0592244453728199
Casiav1__Sp_D_CRN_A_ani0043_ani0041_0373.png,Casiav1,0.0,0.0,0.1355794221162796
Casiav1__Sp_D_CRN_A_ani0092_ani0052_0374.png,Casiav1,0.0,0.0,0.0323282890021801
Casiav1__Sp_D_CRN_A_arc0007_arc0005_0228.png,Casiav1,0.0,0.0,0.009145100601017475
Casiav1__Sp_D_CRN_A_arc0009_ani0048_0375.png,Casiav1,0.0,0.0,0.06011962890625
Casiav1__Sp_D_CRN_A_arc0023_arc0003_0376.png,Casiav1,0.0,0.0,0.0473429374396801
Casiav1__Sp_D_CRN_A_arc0024_ani0031_0265.png,Casiav1,0.0,0.0,0.1365458220243454
Casiav1__Sp_D_CRN_A_arc0064_cha0053_0377.png,Casiav1,0.0,0.0,0.1263427734375
Casiav1__Sp_D_CRN_A_arc0082_ani0076_0378.png,Casiav1,0.0,0.0,0.023529052734375
Casiav1__Sp_D_CRN_A_art0042_sec0086_0379.png,Casiav1,0.0,0.0,0.0524190254509449
Casiav1__Sp_D_CRN_A_art0075_art0019_0279.png,Casiav1,0.0,0.0,0.0472615547478199
Casiav1__Sp_D_CRN_A_art0093_art0013_0380.png,Casiav1,0.0,0.0,0.02294921875
Casiav1__Sp_D_CRN_A_cha0073_ani0090_0381.png,Casiav1,0.0,0.0,0.02557373046875
Casiav1__Sp_D_CRN_A_cha0077_pla0022_0382.png,Casiav1,0.0,0.0,0.1241963729262352
Casiav1__Sp_D_CRN_A_nat0013_cha0086_0383.png,Casiav1,0.0,0.0,0.0455118827521801
Casiav1__Sp_D_CRN_A_nat0014_art0048_0384.png,Casiav1,0.0,0.0,0.0493062324821949
Casiav1__Sp_D_CRN_A_nat0033_obj0059_0385.png,Casiav1,0.0,0.0,0.0855916365981102
Casiav1__Sp_D_CRN_A_nat0066_art0021_0386.png,Casiav1,0.0,0.0,0.0674845352768898
Casiav1__Sp_D_CRN_A_nat0077_nat0067_0387.png,Casiav1,0.0,0.0,0.013865153305232525
Casiav1__Sp_D_CRN_A_nat0093_art0037_0388.png,Casiav1,0.0,0.0,0.1776123046875
Casiav1__Sp_D_CRN_A_nat0094_art0096_0389.png,Casiav1,0.0,0.0,0.0513814277946949
Casiav1__Sp_D_CRN_A_nat0096_art0028_0390.png,Casiav1,0.0,0.0,0.013865153305232525
Casiav1__Sp_D_CRN_A_pla0002_pla0076_0280.png,Casiav1,0.0,0.0,0.0719706192612648
Casiav1__Sp_D_CRN_A_pla0006_pla0009_0391.png,Casiav1,0.0,0.0,0.0767008438706398
Casiav1__Sp_D_CRN_A_pla0064_ani0004_0392.png,Casiav1,0.0,0.0,0.0887858048081398
Casiav1__Sp_D_CRN_A_pla0072_ani0019_0393.png,Casiav1,0.0,0.0,0.1049397811293602
Casiav1__Sp_D_CRN_A_pla0074_pla0060_0394.png,Casiav1,0.0,0.0,0.02588907815515995
Casiav1__Sp_D_CRN_A_sec0001_art0001_0395.png,Casiav1,0.0,0.0,0.245208740234375
Casiav1__Sp_D_CRN_A_sec0007_art0094_0396.png,Casiav1,0.0,0.0,0.021759033203125
Casiav1__Sp_D_CRN_A_sec0038_cha0087_0397.png,Casiav1,0.0,0.0,0.0515238456428051
Casiav1__Sp_D_CRN_A_sec0039_sec0070_0398.png,Casiav1,0.0,0.0,0.1657206267118454
Casiav1__Sp_D_CRN_A_sec0062_cha0063_0399.png,Casiav1,0.0,0.0,0.06329345703125
Casiav1__Sp_D_CRN_A_sec0069_ani0081_0400.png,Casiav1,0.0,0.0,0.019647696986794472
Casiav1__Sp_D_CRN_A_sec0083_ani0039_0401.png,Casiav1,0.0,0.0,0.1216328963637352
Casiav1__Sp_D_CRN_A_sec0086_sec0084_0402.png,Casiav1,0.0,0.0,0.0315653495490551
Casiav1__Sp_D_CRN_C_art0009_art0098_0403.png,Casiav1,0.0,0.0,0.1881917268037796
Casiav1__Sp_D_CRN_R_cha0077_sec0075_0173.png,Casiav1,0.0,0.0,0.1086222305893898
Casiav1__Sp_D_NND_A_ani0025_cha0014_0593.png,Casiav1,0.0,0.0,0.135101318359375
Casiav1__Sp_D_NND_A_ani0025_cha0081_0594.png,Casiav1,0.0,0.0,0.3369140625
Casiav1__Sp_D_NND_A_ani0085_arc0089_0595.png,Casiav1,0.0,0.0,0.1083272323012352
Casiav1__Sp_D_NND_A_ani0093_ani0075_0596.png,Casiav1,0.0,0.0,0.078857421875
Casiav1__Sp_D_NND_A_ani0097_ani0047_0597.png,Casiav1,0.0,0.0,0.0860595703125
Casiav1__Sp_D_NND_A_arc0011_art0062_0598.png,Casiav1,0.0,0.0,0.1821085661649704
Casiav1__Sp_D_NND_A_arc0025_arc0090_0185.png,Casiav1,0.0,0.0,0.010609944351017475
Casiav1__Sp_D_NND_A_arc0087_arc0018_0186.png,Casiav1,0.0,0.0,0.0386149100959301
Casiav1__Sp_D_NND_A_art0010_art0011_0599.png,Casiav1,0.0,0.0,0.256378173828125
Casiav1__Sp_D_NND_A_art0025_art0019_0090.png,Casiav1,0.0,0.0,0.009531657211482525
Casiav1__Sp_D_NND_A_art0040_arc0079_0600.png,Casiav1,0.0,0.0,0.09442138671875
Casiav1__Sp_D_NND_A_art0050_art0080_0092.png,Casiav1,0.0,0.0,0.0543314628303051
Casiav1__Sp_D_NND_A_cha0042_arc0036_0601.png,Casiav1,0.0,0.0,0.1223042830824852
Casiav1__Sp_D_NND_A_cha0059_cha0081_0602.png,Casiav1,0.0,0.0,0.0362345390021801
Casiav1__Sp_D_NND_A_cha0066_cha0071_0603.png,Casiav1,0.0,0.0,0.0632425919175148
Casiav1__Sp_D_NND_A_cha0079_cha0005_0604.png,Casiav1,0.0,0.0,0.02070108987390995
Casiav1__Sp_D_NND_A_cha0090_cha0082_0187.png,Casiav1,0.0,0.0,0.0053304038010537624
Casiav1__Sp_D_NND_A_cha0094_cha0089_0605.png,Casiav1,0.0,0.0,0.109161376953125
Casiav1__Sp_D_NND_A_cha0097_arc0005_0606.png,Casiav1,0.0,0.0,0.0827433243393898
Casiav1__Sp_D_NND_A_nat0015_nat0014_0607.png,Casiav1,0.0,0.0,0.085601806640625
Casiav1__Sp_D_NND_A_nat0022_ani0063_0188.png,Casiav1,0.0,0.0,0.0960693359375
Casiav1__Sp_D_NND_A_nat0023_nat0013_0608.png,Casiav1,0.0,0.0,0.029815673828125
Casiav1__Sp_D_NND_A_nat0031_nat0033_0609.png,Casiav1,0.0,0.0,0.0890909805893898
Casiav1__Sp_D_NND_A_nat0031_nat0096_0610.png,Casiav1,0.0,0.0,0.116302490234375
Casiav1__Sp_D_NND_A_nat0072_nat0002_0611.png,Casiav1,0.0,0.0,0.014414469711482525
Casiav1__Sp_D_NND_A_nat0075_arc0069_0612.png,Casiav1,0.0,0.0,0.233001708984375
Casiav1__Sp_D_NND_A_nat0090_cha0008_0613.png,Casiav1,0.0,0.0,0.01955159567296505
Casiav1__Sp_D_NND_A_pla0042_pla0043_0614.png,Casiav1,0.0,0.0,0.0827128067612648
Casiav1__Sp_D_NND_A_pla0058_ani0082_0592.png,Casiav1,0.0,0.0,0.1365763396024704
Casiav1__Sp_D_NND_A_sec0008_ani0011_0615.png,Casiav1,0.0,0.0,0.02294921875
Casiav1__Sp_D_NND_A_sec0009_ani0008_0616.png,Casiav1,0.0,0.0,0.0511983223259449
Casiav1__Sp_D_NND_A_sec0014_ani0016_0617.png,Casiav1,0.0,0.0,0.0412801094353199
Casiav1__Sp_D_NND_A_sec0019_ani0006_0618.png,Casiav1,0.0,0.0,0.075653076171875
Casiav1__Sp_D_NND_A_sec0066_cha0030_0619.png,Casiav1,0.0,0.0,0.0720113143324852
Casiav1__Sp_D_NND_A_sec0067_ani0096_0620.png,Casiav1,0.0,0.0,0.0690104141831398
Casiav1__Sp_D_NND_A_sec0072_sec0010_0621.png,Casiav1,0.0,0.0,0.1171773299574852
Casiav1__Sp_D_NND_A_sec0084_ani0038_0622.png,Casiav1,0.0,0.0,0.0408528633415699
Casiav1__Sp_D_NND_A_sec0095_art0086_0623.png,Casiav1,0.0,0.0,0.0395100899040699
Casiav1__Sp_D_NND_C_cha0076_cha0065_0190.png,Casiav1,0.0,0.0,0.01833089254796505
Casiav1__Sp_D_NND_C_nat0029_nat0054_0624.png,Casiav1,0.0,0.0,0.1865946501493454
Casiav1__Sp_D_NND_R_cha0080_art0089_0625.png,Casiav1,0.0,0.0,0.1438802033662796
Casiav1__Sp_D_NNN_A_ani0014_ani0015_0283.png,Casiav1,0.0,0.0,0.0870259627699852
Casiav1__Sp_D_NNN_A_ani0028_pla0007_0284.png,Casiav1,0.0,0.0,0.1034444198012352
Casiav1__Sp_D_NNN_A_ani0033_ani0034_0285.png,Casiav1,0.0,0.0,0.0799967423081398
Casiav1__Sp_D_NNN_A_ani0044_ani0051_0286.png,Casiav1,0.0,0.0,0.02454630471765995
Casiav1__Sp_D_NNN_A_ani0055_pla0025_0287.png,Casiav1,0.0,0.0,0.1033223494887352
Casiav1__Sp_D_NNN_A_ani0099_ani0100.0288.png,Casiav1,0.0,0.0,0.0532328300178051
Casiav1__Sp_D_NNN_A_arc0002_arc0026_0201.png,Casiav1,0.0,0.0,0.042205810546875
Casiav1__Sp_D_NNN_A_arc0002_sec0063_0102.png,Casiav1,0.0,0.0,0.01853434182703495
Casiav1__Sp_D_NNN_A_arc0012_cha0098_0289.png,Casiav1,0.0,0.0,0.0912373885512352
Casiav1__Sp_D_NNN_A_arc0026_arc0008_0290.png,Casiav1,0.0,0.0,0.02898152731359005
Casiav1__Sp_D_NNN_A_arc0027_arc0094_0291.png,Casiav1,0.0,0.0,0.096832275390625
Casiav1__Sp_D_NNN_A_arc0028_arc0034_0103.png,Casiav1,0.0,0.0,0.02042643167078495
Casiav1__Sp_D_NNN_A_arc0030_art0034_0292.png,Casiav1,0.0,0.0,0.1955668181180954
Casiav1__Sp_D_NNN_A_arc0032_arc0031_0104.png,Casiav1,0.0,0.0,0.011454264633357525
Casiav1__Sp_D_NNN_A_arc0043_arc0044_0105.png,Casiav1,0.0,0.0,0.0044657387770712376
Casiav1__Sp_D_NNN_A_arc0051_arc0029_0018.png,Casiav1,0.0,0.0,0.0074462890625
Casiav1__Sp_D_NNN_A_arc0052_ani0017_0293.png,Casiav1,0.0,0.0,0.0478108711540699
Casiav1__Sp_D_NNN_A_arc0072_pla0097_0294.png,Casiav1,0.0,0.0,0.1463216096162796
Casiav1__Sp_D_NNN_A_arc0075_cha0055_0295.png,Casiav1,0.0,0.0,0.0591634102165699
Casiav1__Sp_D_NNN_A_arc0078_arc0064_0106.png,Casiav1,0.0,0.0,0.0177001953125
Casiav1__Sp_D_NNN_A_art0033_cha0095_0296.png,Casiav1,0.0,0.0,0.27618408203125
Casiav1__Sp_D_NNN_A_art0035_cha0045_0297.png,Casiav1,0.0,0.0,0.263458251953125
Casiav1__Sp_D_NNN_A_art0039_art0038_0298.png,Casiav1,0.0,0.0,0.0803324356675148
Casiav1__Sp_D_NNN_A_art0043_cha0047_0299.png,Casiav1,0.0,0.0,0.1284077912569046
Casiav1__Sp_D_NNN_A_art0045_cha0091_0300.png,Casiav1,0.0,0.0,0.18743896484375
Casiav1__Sp_D_NNN_A_art0067_cha0071_0301.png,Casiav1,0.0,0.0,0.10528564453125
Casiav1__Sp_D_NNN_A_art0072_cha0060_0107.png,Casiav1,0.0,0.0,0.0642598494887352
Casiav1__Sp_D_NNN_A_art0084_cha0033_0302.png,Casiav1,0.0,0.0,0.0776875838637352
Casiav1__Sp_D_NNN_A_art0088_art0092_0108.png,Casiav1,0.0,0.0,0.0386861152946949
Casiav1__Sp_D_NNN_A_cha0006_cha0003_0303.png,Casiav1,0.0,0.0,0.016448974609375
Casiav1__Sp_D_NNN_A_cha0009_sec0022_0109.png,Casiav1,0.0,0.0,0.00732421875
Casiav1__Sp_D_NNN_A_cha0021_cha0020_0304.png,Casiav1,0.0,0.0,0.10076904296875
Casiav1__Sp_D_NNN_A_cha0022_pla0055_0305.png,Casiav1,0.0,0.0,0.3319295346736908
Casiav1__Sp_D_NNN_A_cha0034_cha0040_0306.png,Casiav1,0.0,0.0,0.0866902694106102
Casiav1__Sp_D_NNN_A_cha0036_cha0028_0307.png,Casiav1,0.0,0.0,0.1261800080537796
Casiav1__Sp_D_NNN_A_cha0037_arc0053_0308.png,Casiav1,0.0,0.0,0.0400797538459301
Casiav1__Sp_D_NNN_A_cha0039_nat0019_0320.png,Casiav1,0.0,0.0,0.246368408203125
Casiav1__Sp_D_NNN_A_cha0056_cha0057_0310.png,Casiav1,0.0,0.0,0.0377705879509449
Casiav1__Sp_D_NNN_A_cha0058_cha0027_0311.png,Casiav1,0.0,0.0,0.1551615446805954
Casiav1__Sp_D_NNN_A_cha0079_cha0002_0312.png,Casiav1,0.0,0.0,0.1285400390625
Casiav1__Sp_D_NNN_A_cha0082_arc0050_0111.png,Casiav1,0.0,0.0,0.1115824356675148
Casiav1__Sp_D_NNN_A_cha0085_ani0037_0313.png,Casiav1,0.0,0.0,0.22186279296875
Casiav1__Sp_D_NNN_A_cha0089_ani0073_0314.png,Casiav1,0.0,0.0,0.1978047639131546
Casiav1__Sp_D_NNN_A_cha0092_cha0097_0315.png,Casiav1,0.0,0.0,0.0794169083237648
Casiav1__Sp_D_NNN_A_cha0092_sec0090_0316.png,Casiav1,0.0,0.0,0.02289835549890995
Casiav1__Sp_D_NNN_A_cha0094_ani0059_0317.png,Casiav1,0.0,0.0,0.1768798828125
Casiav1__Sp_D_NNN_A_nat0007_cha0004_0112.png,Casiav1,0.0,0.0,0.115203857421875
Casiav1__Sp_D_NNN_A_nat0009_cha0099_0318.png,Casiav1,0.0,0.0,0.2271016389131546
Casiav1__Sp_D_NNN_A_nat0015_sec0059_0319.png,Casiav1,0.0,0.0,0.23004150390625
Casiav1__Sp_D_NNN_A_nat0020_nat0017_0321.png,Casiav1,0.0,0.0,0.009440104477107525
Casiav1__Sp_D_NNN_A_nat0026_art0019_0322.png,Casiav1,0.0,0.0,0.1529642790555954
Casiav1__Sp_D_NNN_A_nat0036_nat0034_0323.png,Casiav1,0.0,0.0,0.011199951171875
Casiav1__Sp_D_NNN_A_nat0051_cha0056_0324.png,Casiav1,0.0,0.0,0.1155598983168602
Casiav1__Sp_D_NNN_A_nat0069_cha0090_0326.png,Casiav1,0.0,0.0,0.0907694473862648
Casiav1__Sp_D_NNN_A_nat0074_nat0021_0327.png,Casiav1,0.0,0.0,0.31878662109375
Casiav1__Sp_D_NNN_A_nat0076_cha0067_0328.png,Casiav1,0.0,0.0,0.0998128280043602
Casiav1__Sp_D_NNN_A_nat0077_cha0068_0329.png,Casiav1,0.0,0.0,0.2263285368680954
Casiav1__Sp_D_NNN_A_nat0082_sec0052_0330.png,Casiav1,0.0,0.0,0.107147216796875
Casiav1__Sp_D_NNN_A_nat0087_cha0016_0331.png,Casiav1,0.0,0.0,0.1108805313706398
Casiav1__Sp_D_NNN_A_nat0088_cha0058_0332.png,Casiav1,0.0,0.0,0.1633199006319046
Casiav1__Sp_D_NNN_A_pla0006_pla0082_0334.png,Casiav1,0.0,0.0,0.1333516389131546
Casiav1__Sp_D_NNN_A_pla0014_pla0015_0335.png,Casiav1,0.0,0.0,0.0431620292365551
Casiav1__Sp_D_NNN_A_pla0016_pla0020_0336.png,Casiav1,0.0,0.0,0.11370849609375
Casiav1__Sp_D_NNN_A_pla0024_pla0023_0337.png,Casiav1,0.0,0.0,0.1115620955824852
Casiav1__Sp_D_NNN_A_pla0054_pla0014_0338.png,Casiav1,0.0,0.0,0.041534423828125
Casiav1__Sp_D_NNN_A_pla0055_pla0054_0339.png,Casiav1,0.0,0.0,0.077667236328125
Casiav1__Sp_D_NNN_A_pla0063_pla0013_0340.png,Casiav1,0.0,0.0,0.01746622659265995
Casiav1__Sp_D_NNN_A_pla0069_pla0053_0341.png,Casiav1,0.0,0.0,0.04656982421875
Casiav1__Sp_D_NNN_A_pla0075_pla0073_0342.png,Casiav1,0.0,0.0,0.1046854630112648
Casiav1__Sp_D_NNN_A_pla0078_ani0058_0343.png,Casiav1,0.0,0.0,0.0618896484375
Casiav1__Sp_D_NNN_A_pla0084_pla0060_0114.png,Casiav1,0.0,0.0,0.0973002091050148
Casiav1__Sp_D_NNN_A_pla0088_ani0024_0344.png,Casiav1,0.0,0.0,0.0622762031853199
Casiav1__Sp_D_NNN_A_pla0096_ani0022_0345.png,Casiav1,0.0,0.0,0.1292724609375
Casiav1__Sp_D_NNN_A_sec0002_cha0001_0346.png,Casiav1,0.0,0.0,0.0996297225356102
Casiav1__Sp_D_NNN_A_sec0003_cha0003_0347.png,Casiav1,0.0,0.0,0.01570638082921505
Casiav1__Sp_D_NNN_A_sec0005_sec0002_0348.png,Casiav1,0.0,0.0,0.01666259765625
Casiav1__Sp_D_NNN_A_sec0014_sec0041_0115.png,Casiav1,0.0,0.0,0.182037353515625
Casiav1__Sp_D_NNN_A_sec0020_sec0011_0349.png,Casiav1,0.0,0.0,0.4380391538143158
Casiav1__Sp_D_NNN_A_sec0021_art0032_0116.png,Casiav1,0.0,0.0,0.097503662109375
Casiav1__Sp_D_NNN_A_sec0023_sec0022_0350.png,Casiav1,0.0,0.0,0.00701904296875
Casiav1__Sp_D_NNN_A_sec0024_ani0026_0351.png,Casiav1,0.0,0.0,0.0916239395737648
Casiav1__Sp_D_NNN_A_sec0026_cha0048_0352.png,Casiav1,0.0,0.0,0.0920206680893898
Casiav1__Sp_D_NNN_A_sec0030_sec0033_0353.png,Casiav1,0.0,0.0,0.1627095490694046
Casiav1__Sp_D_NNN_A_sec0032_sec0058_0354.png,Casiav1,0.0,0.0,0.059539794921875
Casiav1__Sp_D_NNN_A_sec0036_sec0042_0355.png,Casiav1,0.0,0.0,0.0655110701918602
Casiav1__Sp_D_NNN_A_sec0036_sec0059_0356.png,Casiav1,0.0,0.0,0.103118896484375
Casiav1__Sp_D_NNN_A_sec0037_sec0006_0357.png,Casiav1,0.0,0.0,0.1115214005112648
Casiav1__Sp_D_NNN_A_sec0040_cha0040_0358.png,Casiav1,0.0,0.0,0.0961100235581398
Casiav1__Sp_D_NNN_A_sec0042_sec0046_0040.png,Casiav1,0.0,0.0,0.0125732421875
Casiav1__Sp_D_NNN_A_sec0043_sec0034_0359.png,Casiav1,0.0,0.0,0.1314697265625
Casiav1__Sp_D_NNN_A_sec0049_sec0050_0117.png,Casiav1,0.0,0.0,0.0827840194106102
Casiav1__Sp_D_NNN_A_sec0053_ani0062_0360.png,Casiav1,0.0,0.0,0.12786865234375
Casiav1__Sp_D_NNN_A_sec0057_ani0053_0361.png,Casiav1,0.0,0.0,0.0488179512321949
Casiav1__Sp_D_NNN_A_sec0068_sec0055_0118.png,Casiav1,0.0,0.0,0.02091471292078495
Casiav1__Sp_D_NNN_A_sec0070_cha0070_0362.png,Casiav1,0.0,0.0,0.183624267578125
Casiav1__Sp_D_NNN_A_sec0072_sec0067_0120.png,Casiav1,0.0,0.0,0.02028401754796505
Casiav1__Sp_D_NNN_A_sec0076_ani0020_0363.png,Casiav1,0.0,0.0,0.0984903946518898
Casiav1__Sp_D_NNN_A_sec0080_cha0098_0364.png,Casiav1,0.0,0.0,0.2270711213350296
Casiav1__Sp_D_NNN_A_sec0081_sec0043_0365.png,Casiav1,0.0,0.0,0.1252949982881546
Casiav1__Sp_D_NNN_A_txt0001_txt0003_0121.png,Casiav1,0.0,0.0,0.2003885954618454
Casiav1__Sp_D_NNN_A_txt0002_txt0013_0122.png,Casiav1,0.0,0.0,0.2550862729549408
Casiav1__Sp_D_NNN_A_txt0004_txt0035_0123.png,Casiav1,0.0,0.0,0.4688822329044342
Casiav1__Sp_D_NNN_A_txt0007_txt0012_0125.png,Casiav1,0.0,0.0,0.2904561460018158
Casiav1__Sp_D_NNN_A_txt0009_txt0008_0126.png,Casiav1,0.0,0.0,0.2141621857881546
Casiav1__Sp_D_NNN_A_txt0011_txt0098_0127.png,Casiav1,0.0,0.0,0.152069091796875
Casiav1__Sp_D_NNN_A_txt0016_txt0027_0128.png,Casiav1,0.0,0.0,0.187469482421875
Casiav1__Sp_D_NNN_A_txt0019_txt0010_0129.png,Casiav1,0.0,0.0,0.4002481997013092
Casiav1__Sp_D_NNN_A_txt0020_txt0018_0130.png,Casiav1,0.0,0.0,0.2016703337430954
Casiav1__Sp_D_NNN_A_txt0022_txt0039_0131.png,Casiav1,0.0,0.0,0.2933349609375
Casiav1__Sp_D_NNN_A_txt0023_txt0028_0132.png,Casiav1,0.0,0.0,0.2323099821805954
Casiav1__Sp_D_NNN_A_txt0024_txt0071_0133.png,Casiav1,0.0,0.0,0.3628336489200592
Casiav1__Sp_D_NNN_A_txt0030_txt0093_0134.png,Casiav1,0.0,0.0,0.2795816957950592
Casiav1__Sp_D_NNN_A_txt0033_txt0025_0135.png,Casiav1,0.0,0.0,0.4447835385799408
Casiav1__Sp_D_NNN_A_txt0034_txt0082_0136.png,Casiav1,0.0,0.0,0.25732421875
Casiav1__Sp_D_NNN_A_txt0036_txt0038_0137.png,Casiav1,0.0,0.0,0.2882283627986908
Casiav1__Sp_D_NNN_A_txt0037_txt0017_0138.png,Casiav1,0.0,0.0,0.2894083559513092
Casiav1__Sp_D_NNN_A_txt0040_txt0029_0139.png,Casiav1,0.0,0.0,0.283477783203125
Casiav1__Sp_D_NNN_A_txt0042_txt0056_0146.png,Casiav1,0.0,0.0,0.3419291079044342
Casiav1__Sp_D_NNN_A_txt0043_txt0006_0124.png,Casiav1,0.0,0.0,0.284820556640625
Casiav1__Sp_D_NNN_A_txt0048_txt0046_0140.png,Casiav1,0.0,0.0,0.3656005859375
Casiav1__Sp_D_NNN_A_txt0050_txt0014_0141.png,Casiav1,0.0,0.0,0.1490376740694046
Casiav1__Sp_D_NNN_A_txt0051_txt0044_0142.png,Casiav1,0.0006219120339978579,0.0003110527407202599,0.2942454516887665
Casiav1__Sp_D_NNN_A_txt0052_txt0076_0143.png,Casiav1,0.0,0.0,0.3079935610294342
Casiav1__Sp_D_NNN_A_txt0054_txt0059_0144.png,Casiav1,0.0,0.0,0.2646586000919342
Casiav1__Sp_D_NNN_A_txt0055_txt0021_0145.png,Casiav1,0.0,0.0,0.2516072690486908
Casiav1__Sp_D_NNN_A_txt0057_txt0049_0147.png,Casiav1,0.0,0.0,0.2746073305606842
Casiav1__Sp_D_NNN_A_txt0058_txt0066_0148.png,Casiav1,0.0,0.0,0.1797281950712204
Casiav1__Sp_D_NNN_A_txt0062_txt0060_0149.png,Casiav1,0.0,0.0,0.2492574006319046
Casiav1__Sp_D_NNN_A_txt0064_txt0091_0150.png,Casiav1,0.0,0.0,0.2826436460018158
Casiav1__Sp_D_NNN_A_txt0065_txt0067_0151.png,Casiav1,0.0,0.0,0.326812744140625
Casiav1__Sp_D_NNN_A_txt0068_txt0063_0152.png,Casiav1,0.0,0.0,0.3326822817325592
Casiav1__Sp_D_NNN_A_txt0069_txt0053_0153.png,Casiav1,0.0,0.0,0.3673197329044342
Casiav1__Sp_D_NNN_A_txt0073_txt0072_0154.png,Casiav1,0.0,0.0,0.2700093686580658
Casiav1__Sp_D_NNN_A_txt0074_txt0015_0155.png,Casiav1,0.0,0.0,0.2024637907743454
Casiav1__Sp_D_NNN_A_txt0075_txt0005_0156.png,Casiav1,0.0,0.0,0.22283935546875
Casiav1__Sp_D_NNN_A_txt0078_txt0041_0157.png,Casiav1,0.0,0.0,0.2251688688993454
Casiav1__Sp_D_NNN_A_txt0081_txt0031_0158.png,Casiav1,0.0,0.0,0.4048055112361908
Casiav1__Sp_D_NNN_A_txt0083_txt0047_0159.png,Casiav1,0.0,0.0,0.13702392578125
Casiav1__Sp_D_NNN_A_txt0084_txt0079_0160.png,Casiav1,0.0,0.0,0.14324951171875
Casiav1__Sp_D_NNN_A_txt0085_txt0061_0161.png,Casiav1,0.0,0.0,0.262603759765625
Casiav1__Sp_D_NNN_A_txt0086_txt0095_0162.png,Casiav1,0.0,0.0,0.32958984375
Casiav1__Sp_D_NNN_A_txt0087_txt0096_0163.png,Casiav1,0.0,0.0,0.196197509765625
Casiav1__Sp_D_NNN_A_txt0088_txt0080_0164.png,Casiav1,0.0,0.0,0.2485860139131546
Casiav1__Sp_D_NNN_A_txt0089_txt0045_0165.png,Casiav1,0.0,0.0,0.1973470002412796
Casiav1__Sp_D_NNN_A_txt0090_txt0092_0166.png,Casiav1,0.0,0.0,0.2728271484375
Casiav1__Sp_D_NNN_A_txt0094_txt0077_0167.png,Casiav1,0.0,0.0,0.0997517928481102
Casiav1__Sp_D_NNN_A_txt0097_txt0026_0168.png,Casiav1,0.0,0.0,0.265411376953125
Casiav1__Sp_D_NNN_A_txt0099_txt0032_0169.png,Casiav1,0.0,0.0,0.2530721127986908
Casiav1__Sp_D_NNN_A_txt0100_txt0070_0170.png,Casiav1,0.0,0.0,0.18731689453125
Casiav1__Sp_D_NNN_C_art0017_art0018_0366.png,Casiav1,0.0,0.0,0.014302571304142475
Casiav1__Sp_D_NNN_R_arc0041_arc0040_0171.png,Casiav1,0.0,0.0,0.008748372085392475
Casiav1__Sp_D_NNN_R_arc0067_arc0071_0062.png,Casiav1,0.0,0.0,0.01263427734375
Casiav1__Sp_D_NNN_R_art0038_art0008_0368.png,Casiav1,0.0,0.0,0.0755716934800148
Casiav1__Sp_D_NNN_R_cha0084_sec0061_0369.png,Casiav1,0.0,0.0,0.33604690432548523
Casiav1__Sp_D_NNN_R_nat0053_nat0049_0370.png,Casiav1,0.0,0.0,0.6953125
Casiav1__Sp_D_NNN_R_sec0001_sec0007_0371.png,Casiav1,0.0,0.0,0.1935933381319046
Casiav1__Sp_D_NNN_R_sec0091_arc0062_0172.png,Casiav1,0.0,0.0,0.09027099609375
Casiav1__Sp_D_NRD_A_ani0002_pla0068_0574.png,Casiav1,0.0,0.0,0.0402119942009449
Casiav1__Sp_D_NRD_A_ani0012_ani0008_0584.png,Casiav1,0.0,0.0,0.076202392578125
Casiav1__Sp_D_NRD_A_ani0023_pla0050_0575.png,Casiav1,0.0,0.0,0.067535400390625
Casiav1__Sp_D_NRD_A_ani0040_ani0054_0257.png,Casiav1,0.0,0.0,0.02000935934484005
Casiav1__Sp_D_NRD_A_arc0020_arc0084_0576.png,Casiav1,0.0,0.0,0.0976664200425148
Casiav1__Sp_D_NRD_A_arc0066_arc0021_0577.png,Casiav1,0.0,0.0,0.16595458984375
Casiav1__Sp_D_NRD_A_art0003_art0042_0088.png,Casiav1,0.0,0.0,0.02662150003015995
Casiav1__Sp_D_NRD_A_art0033_art0029_0578.png,Casiav1,0.0,0.0,0.113128662109375
Casiav1__Sp_D_NRD_A_art0070_pla0044_0585.png,Casiav1,0.0,0.0,0.3914082944393158
Casiav1__Sp_D_NRD_A_cha0001_cha0031_0579.png,Casiav1,0.0,0.0,0.0758870467543602
Casiav1__Sp_D_NRD_A_nat0041_art0024_0580.png,Casiav1,0.0,0.0,0.07012939453125
Casiav1__Sp_D_NRD_A_nat0086_pla0091_0586.png,Casiav1,0.0,0.0,0.3361002504825592
Casiav1__Sp_D_NRD_A_nat0092_cha0019_0581.png,Casiav1,0.0,0.0,0.2294820100069046
Casiav1__Sp_D_NRD_A_nat0093_nat0094_0182.png,Casiav1,0.0,0.0,0.2049662321805954
Casiav1__Sp_D_NRD_A_nat0095_art0058_0582.png,Casiav1,0.0,0.0,0.128814697265625
Casiav1__Sp_D_NRD_A_pla0015_ani0009_0587.png,Casiav1,0.0,0.0,0.0707600936293602
Casiav1__Sp_D_NRD_A_pla0070_pla0081_0183.png,Casiav1,0.0,0.0,0.02650960348546505
Casiav1__Sp_D_NRD_A_sec0017_ani0010_0589.png,Casiav1,0.0,0.0,0.022064208984375
Casiav1__Sp_D_NRD_A_sec0028_arc0060_0583.png,Casiav1,0.0,0.0,0.01631673239171505
Casiav1__Sp_D_NRD_A_sec0063_ani0078_0590.png,Casiav1,0.0,0.0,0.0377299003303051
Casiav1__Sp_D_NRD_A_sec0071_nat0049_0184.png,Casiav1,0.0,0.0,0.039154052734375
Casiav1__Sp_D_NRD_A_sec0100_sec0098_0591.png,Casiav1,0.0,0.0,0.3400472104549408
Casiav1__Sp_D_NRN_A_ani0013_ani0069_0433.png,Casiav1,0.0,0.0,0.0377299003303051
Casiav1__Sp_D_NRN_A_ani0021_pla0001_0434.png,Casiav1,0.0,0.0,0.0698649063706398
Casiav1__Sp_D_NRN_A_ani0026_ani0013_0409.png,Casiav1,0.0,0.0,0.010833740234375
Casiav1__Sp_D_NRN_A_ani0044_arc0078_0435.png,Casiav1,0.0,0.0,0.02996826171875
Casiav1__Sp_D_NRN_A_ani0046_cha0075_0436.png,Casiav1,0.0,0.0,0.067657470703125
Casiav1__Sp_D_NRN_A_ani0056_ani0059_0418.png,Casiav1,0.0,0.0,0.1569315642118454
Casiav1__Sp_D_NRN_A_ani0056_cha0062_0437.png,Casiav1,0.0,0.0,0.05169677734375
Casiav1__Sp_D_NRN_A_ani0057_art0076_0438.png,Casiav1,0.0,0.0,0.0448099784553051
Casiav1__Sp_D_NRN_A_ani0077_ani0095_0439.png,Casiav1,0.0,0.0,0.03381437063217163
Casiav1__Sp_D_NRN_A_ani0081_ani0088_0430.png,Casiav1,0.0,0.0,0.029449462890625
Casiav1__Sp_D_NRN_A_ani0086_ani0085_0429.png,Casiav1,0.0,0.0,0.0341796875
Casiav1__Sp_D_NRN_A_ani0086_pla0034_0440.png,Casiav1,0.0,0.0,0.099517822265625
Casiav1__Sp_D_NRN_A_ani0088_cha0044_0441.png,Casiav1,0.0,0.0,0.1216227188706398
Casiav1__Sp_D_NRN_A_ani0096_pla0009_0442.png,Casiav1,0.0,0.0,0.010101318359375
Casiav1__Sp_D_NRN_A_ani0097_ani0082_0427.png,Casiav1,0.0,0.0,0.066650390625
Casiav1__Sp_D_NRN_A_arc0002_art0098_0468.png,Casiav1,0.0,0.0,0.02534993551671505
Casiav1__Sp_D_NRN_A_arc0003_arc0009_0233.png,Casiav1,0.0,0.0,0.009195963852107525
Casiav1__Sp_D_NRN_A_arc0004_art0100_0469.png,Casiav1,0.0,0.0,0.0334981270134449
Casiav1__Sp_D_NRN_A_arc0007_ani0015_0446.png,Casiav1,0.0,0.0,0.02691650390625
Casiav1__Sp_D_NRN_A_arc0008_arc0028_0234.png,Casiav1,0.0,0.0,0.02125040628015995
Casiav1__Sp_D_NRN_A_arc0013_art0077_0464.png,Casiav1,0.0,0.0,0.0524088554084301
Casiav1__Sp_D_NRN_A_arc0029_art0092_0466.png,Casiav1,0.0,0.0,0.01915486715734005
Casiav1__Sp_D_NRN_A_arc0030_ani0092_0431.png,Casiav1,0.0,0.0,0.1880289763212204
Casiav1__Sp_D_NRN_A_arc0033_arc0025_0444.png,Casiav1,0.0,0.0,0.0905965194106102
Casiav1__Sp_D_NRN_A_arc0033_art0054_0447.png,Casiav1,0.0,0.0,0.016876220703125
Casiav1__Sp_D_NRN_A_arc0034_art0011_0456.png,Casiav1,0.0,0.0,0.3854471743106842
Casiav1__Sp_D_NRN_A_arc0036_arc0033_0236.png,Casiav1,0.0,0.0,0.0074259438551962376
Casiav1__Sp_D_NRN_A_arc0038_arc0039_0237.png,Casiav1,0.0,0.0,0.0794881209731102
Casiav1__Sp_D_NRN_A_arc0045_cha0091_0504.png,Casiav1,0.0,0.0,0.042724609375
Casiav1__Sp_D_NRN_A_arc0048_arc0050_0238.png,Casiav1,0.0,0.0,0.02109781838953495
Casiav1__Sp_D_NRN_A_arc0052_arc0001_0239.png,Casiav1,0.0,0.0,0.009307861328125
Casiav1__Sp_D_NRN_A_arc0054_ani0042_0448.png,Casiav1,0.0,0.0,0.0554707832634449
Casiav1__Sp_D_NRN_A_arc0057_ani0074_0449.png,Casiav1,0.0,0.0,0.063446044921875
Casiav1__Sp_D_NRN_A_arc0059_ani0001_0404.png,Casiav1,0.0,0.0,0.063018798828125
Casiav1__Sp_D_NRN_A_arc0059_arc0073_0240.png,Casiav1,0.0,0.0,0.010609944351017475
Casiav1__Sp_D_NRN_A_arc0059_art0099_0450.png,Casiav1,0.0,0.0,0.1379597932100296
Casiav1__Sp_D_NRN_A_arc0063_ani0032_0413.png,Casiav1,0.0,0.0,0.0627034530043602
Casiav1__Sp_D_NRN_A_arc0066_ani0003_0405.png,Casiav1,0.0,0.0,0.1288248747587204
Casiav1__Sp_D_NRN_A_arc0069_ani0001_0451.png,Casiav1,0.0,0.0,0.192840576171875
Casiav1__Sp_D_NRN_A_arc0069_arc0085_0241.png,Casiav1,0.0,0.0,0.0252685546875
Casiav1__Sp_D_NRN_A_arc0070_cha0030_0492.png,Casiav1,0.0,0.0,0.0874430313706398
Casiav1__Sp_D_NRN_A_arc0080_ani0045_0452.png,Casiav1,0.0,0.0,0.0390523262321949
Casiav1__Sp_D_NRN_A_arc0080_arc0095_0243.png,Casiav1,0.0,0.0,0.02467854879796505
Casiav1__Sp_D_NRN_A_arc0096_cha0025_0490.png,Casiav1,0.0,0.0,0.016326904296875
Casiav1__Sp_D_NRN_A_arc0097_arc0013_0453.png,Casiav1,0.0,0.0,0.02312215231359005
Casiav1__Sp_D_NRN_A_art0009_art0014_0470.png,Casiav1,0.0,0.0,0.3406168520450592
Casiav1__Sp_D_NRN_A_art0021_art0019_0471.png,Casiav1,0.0,0.0,0.068267822265625
Casiav1__Sp_D_NRN_A_art0022_ani0061_0472.png,Casiav1,0.0,0.0,0.0962931290268898
Casiav1__Sp_D_NRN_A_art0022_art0023_0244.png,Casiav1,0.0,0.0,0.02785237692296505
Casiav1__Sp_D_NRN_A_art0031_ani0100_0432.png,Casiav1,0.0,0.0,0.02071126364171505
Casiav1__Sp_D_NRN_A_art0036_art0053_0473.png,Casiav1,0.0,0.0,0.149688720703125
Casiav1__Sp_D_NRN_A_art0037_art0074_0474.png,Casiav1,0.0,0.0,0.015431721694767475
Casiav1__Sp_D_NRN_A_art0052_art0028_0475.png,Casiav1,0.0,0.0,0.01927693746984005
Casiav1__Sp_D_NRN_A_art0055_art0057_0174.png,Casiav1,0.0,0.0,0.02051798440515995
Casiav1__Sp_D_NRN_A_art0062_art0064_0476.png,Casiav1,0.0,0.0,0.0970458984375
Casiav1__Sp_D_NRN_A_art0067_art0057_0175.png,Casiav1,0.0,0.0,0.0315043143928051
Casiav1__Sp_D_NRN_A_art0070_art0081_0477.png,Casiav1,0.0,0.0,0.087127685546875
Casiav1__Sp_D_NRN_A_art0071_art0029_0478.png,Casiav1,0.0,0.0,0.1105244979262352
Casiav1__Sp_D_NRN_A_art0074_art0010_0455.png,Casiav1,0.0,0.0,0.02764892578125
Casiav1__Sp_D_NRN_A_art0078_art0077_0176.png,Casiav1,0.0,0.0,0.1295064240694046
Casiav1__Sp_D_NRN_A_art0079_ani0065_0420.png,Casiav1,0.0,0.0,0.13067626953125
Casiav1__Sp_D_NRN_A_art0079_nat0078_0479.png,Casiav1,0.0,0.0,0.3910318911075592
Casiav1__Sp_D_NRN_A_art0080_art0014_0480.png,Casiav1,0.0,0.0,0.2240498811006546
Casiav1__Sp_D_NRN_A_art0083_pla0031_0481.png,Casiav1,0.0,0.0,0.1330057829618454
Casiav1__Sp_D_NRN_A_art0091_ani0100_0177.png,Casiav1,0.0,0.0,0.039764404296875
Casiav1__Sp_D_NRN_A_art0093_art0059_0482.png,Casiav1,0.0,0.0,0.0637105330824852
Casiav1__Sp_D_NRN_A_art0096_cha0026_0491.png,Casiav1,0.0,0.0,0.043121337890625
Casiav1__Sp_D_NRN_A_art0097_cha0021_0483.png,Casiav1,0.0,0.0,0.22149658203125
Casiav1__Sp_D_NRN_A_art0100_art0092_0178.png,Casiav1,0.0,0.0,0.0054829916916787624
Casiav1__Sp_D_NRN_A_cha0002_art0009_0454.png,Casiav1,0.0,0.0,0.05999755859375
Casiav1__Sp_D_NRN_A_cha0003_pla0043_0538.png,Casiav1,0.0,0.0,0.1117350235581398
Casiav1__Sp_D_NRN_A_cha0004_cha0016_0505.png,Casiav1,0.0,0.0,0.199737548828125
Casiav1__Sp_D_NRN_A_cha0006_ani0035_0506.png,Casiav1,0.0,0.0,0.0544535331428051
Casiav1__Sp_D_NRN_A_cha0010_art0012_0457.png,Casiav1,0.0,0.0,0.02527872659265995
Casiav1__Sp_D_NRN_A_cha0011_cha0014_0488.png,Casiav1,0.0,0.0,0.0950724259018898
Casiav1__Sp_D_NRN_A_cha0011_cha0042_0507.png,Casiav1,0.0,0.0,0.0407816581428051
Casiav1__Sp_D_NRN_A_cha0017_cha0006_0485.png,Casiav1,0.0,0.0,0.1036275252699852
Casiav1__Sp_D_NRN_A_cha0017_cha0038_0508.png,Casiav1,0.0,0.0,0.1202901229262352
Casiav1__Sp_D_NRN_A_cha0018_art0013_0458.png,Casiav1,0.0,0.0,0.0574544258415699
Casiav1__Sp_D_NRN_A_cha0018_cha0019_0509.png,Casiav1,0.0,0.0,0.290130615234375
Casiav1__Sp_D_NRN_A_cha0023_cha0026_0510.png,Casiav1,0.0,0.0,0.015380859375
Casiav1__Sp_D_NRN_A_cha0024_ani0058_0417.png,Casiav1,0.0,0.0,0.02591959573328495
Casiav1__Sp_D_NRN_A_cha0025_cha0024_0511.png,Casiav1,0.0,0.0,0.0492757149040699
Casiav1__Sp_D_NRN_A_cha0026_art0095_0467.png,Casiav1,0.0,0.0,0.0895487442612648
Casiav1__Sp_D_NRN_A_cha0028_ani0068_0421.png,Casiav1,0.0,0.0,0.02698771096765995
Casiav1__Sp_D_NRN_A_cha0029_art0068_0463.png,Casiav1,0.0,0.0,0.024566650390625
Casiav1__Sp_D_NRN_A_cha0032_ani0079_0512.png,Casiav1,0.0,0.0,0.06182861328125
Casiav1__Sp_D_NRN_A_cha0036_art0090_0465.png,Casiav1,0.0,0.0,0.039764404296875
Casiav1__Sp_D_NRN_A_cha0037_ani0061_0419.png,Casiav1,0.0,0.0,0.02187093161046505
Casiav1__Sp_D_NRN_A_cha0037_cha0043_0513.png,Casiav1,0.0,0.0,0.1405537873506546
Casiav1__Sp_D_NRN_A_cha0041_cha0038_0514.png,Casiav1,0.0,0.0,0.1070353165268898
Casiav1__Sp_D_NRN_A_cha0044_ani0009_0407.png,Casiav1,0.0,0.0,0.058685302734375
Casiav1__Sp_D_NRN_A_cha0048_cha0049_0496.png,Casiav1,0.0,0.0,0.0947367325425148
Casiav1__Sp_D_NRN_A_cha0051_art0014_0459.png,Casiav1,0.0,0.0,0.0714925155043602
Casiav1__Sp_D_NRN_A_cha0054_cha0040_0494.png,Casiav1,0.0,0.0,0.0874532088637352
Casiav1__Sp_D_NRN_A_cha0055_ani0079_0425.png,Casiav1,0.0,0.0,0.1312154084444046
Casiav1__Sp_D_NRN_A_cha0056_ani0005_0406.png,Casiav1,0.0,0.0,0.0335795097053051
Casiav1__Sp_D_NRN_A_cha0057_ani0021_0410.png,Casiav1,0.0,0.0,0.1731058806180954
Casiav1__Sp_D_NRN_A_cha0062_cha0063_0515.png,Casiav1,0.0,0.0,0.1302693635225296
Casiav1__Sp_D_NRN_A_cha0063_art0029_0461.png,Casiav1,0.0,0.0,0.1145528182387352
Casiav1__Sp_D_NRN_A_cha0066_ani0040_0516.png,Casiav1,0.0,0.0,0.0710957869887352
Casiav1__Sp_D_NRN_A_cha0068_cha0067_0517.png,Casiav1,0.0,0.0,0.01624552346765995
Casiav1__Sp_D_NRN_A_cha0069_art0081_0518.png,Casiav1,0.0,0.0,0.035125732421875
Casiav1__Sp_D_NRN_A_cha0069_cha0080_0179.png,Casiav1,0.0,0.0,0.1066487655043602
Casiav1__Sp_D_NRN_A_cha0070_cha0075_0500.png,Casiav1,0.0,0.0,0.042724609375
Casiav1__Sp_D_NRN_A_cha0070_cha0075_0519.png,Casiav1,0.0,0.0,0.0706787109375
Casiav1__Sp_D_NRN_A_cha0071_art0027_0460.png,Casiav1,0.0,0.0,0.17144775390625
Casiav1__Sp_D_NRN_A_cha0074_cha0083_0520.png,Casiav1,0.0,0.0,0.0578409843146801
Casiav1__Sp_D_NRN_A_cha0078_cha0099_0521.png,Casiav1,0.0,0.0,0.04779052734375
Casiav1__Sp_D_NRN_A_cha0084_cha0044_0522.png,Casiav1,0.0,0.0,0.0619710274040699
Casiav1__Sp_D_NRN_A_cha0087_cha0098_0523.png,Casiav1,0.0,0.0,0.1167806014418602
Casiav1__Sp_D_NRN_A_cha0088_cha0028_0524.png,Casiav1,0.0,0.0,0.0539042167365551
Casiav1__Sp_D_NRN_A_cha0094_cha0089_0503.png,Casiav1,0.0,0.0,0.096954345703125
Casiav1__Sp_D_NRN_A_cha0095_ani0078_0424.png,Casiav1,0.0,0.0,0.02016194723546505
Casiav1__Sp_D_NRN_A_cha0095_cha0086_0525.png,Casiav1,0.0,0.0,0.06793212890625
Casiav1__Sp_D_NRN_A_nat0001_cha0053_0497.png,Casiav1,0.0,0.0,0.229705810546875
Casiav1__Sp_D_NRN_A_nat0002_cha0009_0486.png,Casiav1,0.0,0.0,0.0353190116584301
Casiav1__Sp_D_NRN_A_nat0018_nat0016_0180.png,Casiav1,0.0,0.0,0.06298828125
Casiav1__Sp_D_NRN_A_nat0023_art0060_0526.png,Casiav1,0.0,0.0,0.162322998046875
Casiav1__Sp_D_NRN_A_nat0028_ani0070_0423.png,Casiav1,0.0,0.0,0.02642822265625
Casiav1__Sp_D_NRN_A_nat0028_sec0029_0527.png,Casiav1,0.0,0.0,0.03363037109375
Casiav1__Sp_D_NRN_A_nat0030_nat0028_0528.png,Casiav1,0.0,0.0,0.012969970703125
Casiav1__Sp_D_NRN_A_nat0032_nat0040_0529.png,Casiav1,0.0,0.0,0.369659423828125
Casiav1__Sp_D_NRN_A_nat0033_cha0074_0499.png,Casiav1,0.0,0.0,0.2005818635225296
Casiav1__Sp_D_NRN_A_nat0035_nat0033_0530.png,Casiav1,0.0,0.0,0.1423238068819046
Casiav1__Sp_D_NRN_A_nat0038_ani0005_0531.png,Casiav1,0.0,0.0,0.048980712890625
Casiav1__Sp_D_NRN_A_nat0045_nat0078_0532.png,Casiav1,0.0,0.0,0.007883707992732525
Casiav1__Sp_D_NRN_A_nat0053_cha0031_0533.png,Casiav1,0.0,0.0,0.0949503555893898
Casiav1__Sp_D_NRN_A_nat0061_ani0072_0534.png,Casiav1,0.0,0.0,0.048248291015625
Casiav1__Sp_D_NRN_A_nat0063_nat0065_0443.png,Casiav1,0.0,0.0,0.0516866035759449
Casiav1__Sp_D_NRN_A_nat0065_art0065_0535.png,Casiav1,0.0,0.0,0.03058878518640995
Casiav1__Sp_D_NRN_A_nat0069_ani0034_0414.png,Casiav1,0.0,0.0,0.1149190291762352
Casiav1__Sp_D_NRN_A_nat0083_arc0080_0445.png,Casiav1,0.0,0.0,0.1156107559800148
Casiav1__Sp_D_NRN_A_nat0091_cha0040_0536.png,Casiav1,0.0,0.0,0.0509236641228199
Casiav1__Sp_D_NRN_A_nat0093_ani0069_0422.png,Casiav1,0.0,0.0,0.0876057967543602
Casiav1__Sp_D_NRN_A_nat0098_pla0024_0537.png,Casiav1,0.0,0.0,0.181854248046875
Casiav1__Sp_D_NRN_A_pla0002_cha0013_0487.png,Casiav1,0.0,0.0,0.140106201171875
Casiav1__Sp_D_NRN_A_pla0028_ani0034_0539.png,Casiav1,0.0,0.0,0.0614827461540699
Casiav1__Sp_D_NRN_A_pla0082_cha0005_0484.png,Casiav1,0.0,0.0,0.1287740021944046
Casiav1__Sp_D_NRN_A_pla0085_cha0043_0495.png,Casiav1,0.0,0.0,0.0581563301384449
Casiav1__Sp_D_NRN_A_pla0088_ani0038_0415.png,Casiav1,0.0,0.0,0.1766764372587204
Casiav1__Sp_D_NRN_A_pla0094_ani0025_0411.png,Casiav1,0.0,0.0,0.1325175017118454
Casiav1__Sp_D_NRN_A_pla0094_pla0042_0540.png,Casiav1,0.0,0.0,0.03143310546875
Casiav1__Sp_D_NRN_A_pla0095_ani0030_0541.png,Casiav1,0.0,0.0,0.0779927596449852
Casiav1__Sp_D_NRN_A_pla0096_ani0026_0412.png,Casiav1,0.0,0.0,0.0861104354262352
Casiav1__Sp_D_NRN_A_sec0005_ani0080_0426.png,Casiav1,0.0,0.0,0.03863525390625
Casiav1__Sp_D_NRN_A_sec0007_art0054_0462.png,Casiav1,0.0,0.0,0.0488179512321949
Casiav1__Sp_D_NRN_A_sec0009_ani0083_0428.png,Casiav1,0.0,0.0,0.0977986678481102
Casiav1__Sp_D_NRN_A_sec0013_art0029_0547.png,Casiav1,0.0,0.0,0.1366170197725296
Casiav1__Sp_D_NRN_A_sec0014_cha0042_0543.png,Casiav1,0.0,0.0,0.02338663674890995
Casiav1__Sp_D_NRN_A_sec0016_cha0013_0548.png,Casiav1,0.0,0.0,0.1485493928194046
Casiav1__Sp_D_NRN_A_sec0017_sec0027_0550.png,Casiav1,0.0,0.0,0.007537841796875
Casiav1__Sp_D_NRN_A_sec0021_cha0086_0502.png,Casiav1,0.0,0.0,0.04180908203125
Casiav1__Sp_D_NRN_A_sec0031_art0003_0551.png,Casiav1,0.0,0.0,0.1092529296875
Casiav1__Sp_D_NRN_A_sec0035_cha0027_0552.png,Casiav1,0.0,0.0,0.0427347831428051
Casiav1__Sp_D_NRN_A_sec0039_cha0036_0553.png,Casiav1,0.0,0.0,0.080963134765625
Casiav1__Sp_D_NRN_A_sec0039_cha0065_0498.png,Casiav1,0.0,0.0,0.0435078926384449
Casiav1__Sp_D_NRN_A_sec0042_ani0010_0408.png,Casiav1,0.0,0.0,0.0389200858771801
Casiav1__Sp_D_NRN_A_sec0043_cha0031_0493.png,Casiav1,0.0,0.0,0.1303812712430954
Casiav1__Sp_D_NRN_A_sec0044_cha0078_0555.png,Casiav1,0.0,0.0,0.0535685233771801
Casiav1__Sp_D_NRN_A_sec0045_cha0026_0556.png,Casiav1,0.0,0.0,0.04486083984375
Casiav1__Sp_D_NRN_A_sec0046_ani0016_0558.png,Casiav1,0.0,0.0,0.016693115234375
Casiav1__Sp_D_NRN_A_sec0046_cha0072_0544.png,Casiav1,0.0,0.0,0.0802510604262352
Casiav1__Sp_D_NRN_A_sec0047_cha0007_0559.png,Casiav1,0.0,0.0,0.0553487129509449
Casiav1__Sp_D_NRN_A_sec0051_ani0064_0560.png,Casiav1,0.0,0.0,0.0490214042365551
Casiav1__Sp_D_NRN_A_sec0063_sec0060_0545.png,Casiav1,0.0,0.0,0.05059814453125
Casiav1__Sp_D_NRN_A_sec0070_ani0046_0416.png,Casiav1,0.0,0.0,0.057525634765625
Casiav1__Sp_D_NRN_A_sec0081_cha0027_0546.png,Casiav1,0.0,0.0,0.1352437287569046
Casiav1__Sp_D_NRN_A_sec0088_ani0098_0561.png,Casiav1,0.0,0.0,0.03265380859375
Casiav1__Sp_D_NRN_A_sec0097_cha0016_0489.png,Casiav1,0.0,0.0,0.0565388984978199
Casiav1__Sp_D_NRN_C_ani0065_art0047_0562.png,Casiav1,0.0,0.0,0.1019795760512352
Casiav1__Sp_D_NRN_C_ani0087_art0010_0563.png,Casiav1,0.0,0.0,0.0756429061293602
Casiav1__Sp_D_NRN_C_art0046_art0013_0564.png,Casiav1,0.0,0.0,0.1046854630112648
Casiav1__Sp_D_NRN_C_art0051_art0012_0565.png,Casiav1,0.0,0.0,0.02242024801671505
Casiav1__Sp_D_NRN_C_art0084_art0090_0566.png,Casiav1,0.0,0.0,0.01422119140625
Casiav1__Sp_D_NRN_C_cha0046_cha0083_0181.png,Casiav1,0.0,0.0,0.03119913674890995
Casiav1__Sp_D_NRN_C_nat0095_nat0098_0567.png,Casiav1,0.0,0.0,0.0538431815803051
Casiav1__Sp_D_NRN_R_arc0011_arc0045_0085.png,Casiav1,0.0,0.0,0.020751953125
Casiav1__Sp_D_NRN_R_arc0029_art0068_0568.png,Casiav1,0.0,0.0,0.02336629293859005
Casiav1__Sp_D_NRN_R_arc0051_arc0073_0569.png,Casiav1,0.0,0.0,0.036834716796875
Casiav1__Sp_D_NRN_R_art0008_sec0027_0570.png,Casiav1,0.0,0.0,0.0906270369887352
Casiav1__Sp_D_NRN_R_cha0054_cha0017_0571.png,Casiav1,0.0,0.0,0.5508931279182434
Casiav1__Sp_D_NRN_R_nat0013_nat0012_0572.png,Casiav1,0.0,0.0,0.0040283203125
Casiav1__Sp_D_NRN_T_sec0098_art0002_0573.png,Casiav1,0.0,0.0,0.1980997771024704
Casiav1__Sp_S_CND_A_pla0016_pla0016_0196.png,Casiav1,0.0,0.0,0.06646728515625
Casiav1__Sp_S_CNN_A_nat0078_nat0078_0004.png,Casiav1,0.0,0.0,0.1592509001493454
Casiav1__Sp_S_CNN_A_pla0052_pla0052_0005.png,Casiav1,0.0,0.0,0.1201070174574852
Casiav1__Sp_S_CNN_A_pla0053_pla0053_0191.png,Casiav1,0.0,0.0,0.0663960799574852
Casiav1__Sp_S_CNN_A_pla0060_pla0060_0192.png,Casiav1,0.0,0.0,0.0328369140625
Casiav1__Sp_S_CNN_A_pla0061_pla0061_0193.png,Casiav1,0.0,0.0,0.1091817244887352
Casiav1__Sp_S_CNN_A_pla0084_pla0084_0194.png,Casiav1,0.0,0.0,0.0518595390021801
Casiav1__Sp_S_CNN_R_sec0097_sec0097_0006.png,Casiav1,0.0,0.0,0.011586506851017475
Casiav1__Sp_S_CRN_A_ani0087_ani0087_0227.png,Casiav1,0.0,0.0,0.013315836898982525
Casiav1__Sp_S_CRN_A_pla0023_pla0023_0229.png,Casiav1,0.0,0.0,0.027679443359375
Casiav1__Sp_S_CRN_A_pla0034_pla0034_0230.png,Casiav1,0.0,0.0,0.0448201484978199
Casiav1__Sp_S_CRN_A_pla0071_pla0071_0079.png,Casiav1,0.0,0.0,0.0998942032456398
Casiav1__Sp_S_CRN_A_pla0073_pla0073_0231.png,Casiav1,0.0,0.0,0.02463785745203495
Casiav1__Sp_S_CRN_A_pla0079_pla0079_0002.png,Casiav1,0.0,0.0,0.02409871481359005
Casiav1__Sp_S_CRN_R_nat0085_nat0085_0232.png,Casiav1,0.0,0.0,0.0559183768928051
Casiav1__Sp_S_CRN_R_pla0067_pla0067_0195.png,Casiav1,0.0,0.0,0.01717122457921505
Casiav1__Sp_S_NND_A_arc0054_arc0054_0089.png,Casiav1,0.0,0.0,0.1445210725069046
Casiav1__Sp_S_NND_A_art0026_art0026_0091.png,Casiav1,0.0,0.0,0.01832071878015995
Casiav1__Sp_S_NND_A_art0058_art0058_0260.png,Casiav1,0.0,0.0,0.1888020783662796
Casiav1__Sp_S_NND_A_cha0072_cha0072_0093.png,Casiav1,0.0,0.0,0.028717041015625
Casiav1__Sp_S_NND_A_nat0014_nat0014_0094.png,Casiav1,0.0,0.0,0.0921630859375
Casiav1__Sp_S_NND_A_nat0024_nat0024_0095.png,Casiav1,0.0,0.0,0.145416259765625
Casiav1__Sp_S_NND_A_nat0044_nat0044_0261.png,Casiav1,0.0,0.0,0.1772053986787796
Casiav1__Sp_S_NND_A_nat0054_nat0054_0189.png,Casiav1,0.0,0.0,0.0552571602165699
Casiav1__Sp_S_NND_A_nat0061_nat0061_0262.png,Casiav1,0.0,0.0,0.0048929848708212376
Casiav1__Sp_S_NND_A_nat0065_nat0065_0263.png,Casiav1,0.0,0.0,0.0956014022231102
Casiav1__Sp_S_NND_A_sec0005_sec0005_0264.png,Casiav1,0.0,0.0,0.1444498747587204
Casiav1__Sp_S_NND_R_nat0007_nat0007_0096.png,Casiav1,0.0,0.0,0.157470703125
Casiav1__Sp_S_NNN_A_ani0031_ani0031_0197.png,Casiav1,0.0,0.0,0.150909423828125
Casiav1__Sp_S_NNN_A_ani0032_ani0032_0198.png,Casiav1,0.0,0.0,0.0021565754432231188
Casiav1__Sp_S_NNN_A_ani0035_ani0035_0007.png,Casiav1,0.0,0.0,0.107574462890625
Casiav1__Sp_S_NNN_A_ani0036_ani0036_0008.png,Casiav1,0.0,0.0,0.1258137971162796
Casiav1__Sp_S_NNN_A_ani0037_ani0037_0009.png,Casiav1,0.0,0.0,0.0842386856675148
Casiav1__Sp_S_NNN_A_ani0041_ani0041_0199.png,Casiav1,0.0,0.0,0.167083740234375
Casiav1__Sp_S_NNN_A_ani0042_ani0042_0010.png,Casiav1,0.0,0.0,0.0811258926987648
Casiav1__Sp_S_NNN_A_ani0050_ani0050_0011.png,Casiav1,0.0,0.0,0.0726318359375
Casiav1__Sp_S_NNN_A_ani0089_ani0089_0200.png,Casiav1,0.0,0.0,0.2117919921875
Casiav1__Sp_S_NNN_A_ani0092_ani0092_0012.png,Casiav1,0.0,0.0,0.009114583022892475
Casiav1__Sp_S_NNN_A_arc0018_arc0018_0013.png,Casiav1,0.0,0.0,0.03068033792078495
Casiav1__Sp_S_NNN_A_arc0020_arc0020_0014.png,Casiav1,0.0,0.0,0.0481363944709301
Casiav1__Sp_S_NNN_A_arc0022_arc0022_0015.png,Casiav1,0.0,0.0,0.0521748848259449
Casiav1__Sp_S_NNN_A_arc0024_arc0024_0016.png,Casiav1,0.0,0.0,0.0813802108168602
Casiav1__Sp_S_NNN_A_arc0039_arc0039_0017.png,Casiav1,0.0,0.0,0.0779927596449852
Casiav1__Sp_S_NNN_A_arc0053_arc0053_0019.png,Casiav1,0.0,0.0,0.024658203125
Casiav1__Sp_S_NNN_A_arc0055_arc0055_0020.png,Casiav1,0.0,0.0,0.0075887045823037624
Casiav1__Sp_S_NNN_A_arc0061_arc0061_0021.png,Casiav1,0.0,0.0,0.0013936361065134406
Casiav1__Sp_S_NNN_A_arc0062_arc0062_0022.png,Casiav1,0.0,0.0,0.0969950333237648
Casiav1__Sp_S_NNN_A_arc0079_arc0079_0023.png,Casiav1,0.0,0.0,0.11260986328125
Casiav1__Sp_S_NNN_A_arc0099_arc0099_0202.png,Casiav1,0.0,0.0,0.0609029121696949
Casiav1__Sp_S_NNN_A_art0007_art0007_0203.png,Casiav1,0.0,0.0,0.13189697265625
Casiav1__Sp_S_NNN_A_art0041_art0041_0204.png,Casiav1,0.0,0.0,0.02671305276453495
Casiav1__Sp_S_NNN_A_art0060_art0060_0205.png,Casiav1,0.0,0.0,0.0483500175178051
Casiav1__Sp_S_NNN_A_cha0052_cha0052_0309.png,Casiav1,0.0,0.0,0.008941650390625
Casiav1__Sp_S_NNN_A_cha0053_cha0053_0001.png,Casiav1,0.0,0.0,0.0035502116661518812
Casiav1__Sp_S_NNN_A_cha0064_cha0064_0024.png,Casiav1,0.0,0.0,0.0068868002854287624
Casiav1__Sp_S_NNN_A_cha0065_cha0065_0110.png,Casiav1,0.0,0.0,0.032684326171875
Casiav1__Sp_S_NNN_A_cha0083_cha0083_0025.png,Casiav1,0.0,0.0,0.0350850410759449
Casiav1__Sp_S_NNN_A_cha0085_cha0085_0026.png,Casiav1,0.0,0.0,0.008097331039607525
Casiav1__Sp_S_NNN_A_cha0091_cha0091_0027.png,Casiav1,0.0,0.0,0.0541483573615551
Casiav1__Sp_S_NNN_A_nat0005_nat0005_0028.png,Casiav1,0.0,0.0,0.0525614432990551
Casiav1__Sp_S_NNN_A_nat0011_nat0011_0206.png,Casiav1,0.0,0.0,0.0837300643324852
Casiav1__Sp_S_NNN_A_nat0016_nat0016_0029.png,Casiav1,0.0,0.0,0.03087361715734005
Casiav1__Sp_S_NNN_A_nat0019_nat0019_0030.png,Casiav1,0.0,0.0,0.02592976950109005
Casiav1__Sp_S_NNN_A_nat0021_nat0021_0031.png,Casiav1,0.0,0.0,0.01820882223546505
Casiav1__Sp_S_NNN_A_nat0025_nat0025_0032.png,Casiav1,0.0,0.0,0.012674967758357525
Casiav1__Sp_S_NNN_A_nat0033_nat0033_0033.png,Casiav1,0.0,0.0,0.1212870255112648
Casiav1__Sp_S_NNN_A_nat0037_nat0037_0207.png,Casiav1,0.0,0.0,0.08770751953125
Casiav1__Sp_S_NNN_A_nat0041_nat0041_0208.png,Casiav1,0.0,0.0,0.0777384415268898
Casiav1__Sp_S_NNN_A_nat0052_nat0052_0209.png,Casiav1,0.0,0.0,0.0986328125
Casiav1__Sp_S_NNN_A_nat0052_nat0052_0325.png,Casiav1,0.0,0.0,0.1032002791762352
Casiav1__Sp_S_NNN_A_nat0074_nat0074_0210.png,Casiav1,0.0,0.0,0.022125244140625
Casiav1__Sp_S_NNN_A_nat0075_nat0075_0211.png,Casiav1,0.0,0.0,0.0809326171875
Casiav1__Sp_S_NNN_A_pla0002_pla0002_0333.png,Casiav1,0.0,0.0,0.086151123046875
Casiav1__Sp_S_NNN_A_pla0025_pla0025_0212.png,Casiav1,0.0,0.0,0.0534261055290699
Casiav1__Sp_S_NNN_A_pla0030_pla0030_0113.png,Casiav1,0.0,0.0,0.2517903745174408
Casiav1__Sp_S_NNN_A_pla0059_pla0059_0034.png,Casiav1,0.0,0.0,0.107574462890625
Casiav1__Sp_S_NNN_A_pla0092_pla0092_0213.png,Casiav1,0.0,0.0,0.0535380057990551
Casiav1__Sp_S_NNN_A_pla0095_pla0095_0035.png,Casiav1,0.0,0.0,0.073455810546875
Casiav1__Sp_S_NNN_A_pla0099_pla0099_0214.png,Casiav1,0.0,0.0,0.0362141914665699
Casiav1__Sp_S_NNN_A_sec0013_sec0013_0036.png,Casiav1,0.0,0.0,0.067413330078125
Casiav1__Sp_S_NNN_A_sec0021_sec0021_0215.png,Casiav1,0.0,0.0,0.038665771484375
Casiav1__Sp_S_NNN_A_sec0023_sec0023_0037.png,Casiav1,0.0,0.0,0.0043131508864462376
Casiav1__Sp_S_NNN_A_sec0034_sec0034_0038.png,Casiav1,0.0,0.0,0.02174886129796505
Casiav1__Sp_S_NNN_A_sec0038_sec0038_0039.png,Casiav1,0.0,0.0,0.0474039725959301
Casiav1__Sp_S_NNN_A_sec0058_sec0058_0041.png,Casiav1,0.0,0.0,0.0299072265625
Casiav1__Sp_S_NNN_A_sec0073_sec0073_0042.png,Casiav1,0.0,0.0,0.009541829116642475
Casiav1__Sp_S_NNN_A_sec0099_sec0099_0216.png,Casiav1,0.0,0.0,0.076416015625
Casiav1__Sp_S_NNN_A_sec0100_sec0100_0043.png,Casiav1,0.0,0.0,0.0855611190199852
Casiav1__Sp_S_NNN_C_art0065_art0065_0217.png,Casiav1,0.0,0.0,0.6418864130973816
Casiav1__Sp_S_NNN_C_sec0082_sec0082_0044.png,Casiav1,0.0,0.0,0.008402506820857525
Casiav1__Sp_S_NNN_C_txt0001_txt0001_0001.png,Casiav1,0.0,0.0,0.0816853865981102
Casiav1__Sp_S_NNN_C_txt0002_txt0002_0002.png,Casiav1,0.0,0.0,0.0816853865981102
Casiav1__Sp_S_NNN_C_txt0003_txt0003_0003.png,Casiav1,0.0,0.0,0.0816853865981102
Casiav1__Sp_S_NNN_C_txt0004_txt0004_0004.png,Casiav1,0.0,0.0,0.0816853865981102
Casiav1__Sp_S_NNN_C_txt0005_txt0005_0005.png,Casiav1,0.0,0.0,0.0816853865981102
Casiav1__Sp_S_NNN_C_txt0006_txt0006_0006.png,Casiav1,0.0,0.0,0.08172607421875
Casiav1__Sp_S_NNN_C_txt0007_txt0007_0007.png,Casiav1,0.0,0.0,0.0817159041762352
Casiav1__Sp_S_NNN_C_txt0008_txt0008_0008.png,Casiav1,0.0,0.0,0.0816853865981102
Casiav1__Sp_S_NNN_C_txt0009_txt0009_0009.png,Casiav1,0.0,0.0,0.0816853865981102
Casiav1__Sp_S_NNN_C_txt0010_txt0010_0010.png,Casiav1,0.0,0.0,0.0816853865981102
Casiav1__Sp_S_NNN_C_txt0011_txt0011_0011.png,Casiav1,0.0,0.0,0.0816853865981102
Casiav1__Sp_S_NNN_C_txt0012_txt0012_0012.png,Casiav1,0.0,0.0,0.0816853865981102
Casiav1__Sp_S_NNN_C_txt0013_txt0013_0013.png,Casiav1,0.0,0.0,0.0817362442612648
Casiav1__Sp_S_NNN_C_txt0014_txt0014_0014.png,Casiav1,0.0,0.0,0.0817159041762352
Casiav1__Sp_S_NNN_C_txt0015_txt0015_0015.png,Casiav1,0.0,0.0,0.0816853865981102
Casiav1__Sp_S_NNN_C_txt0016_txt0016_0016.png,Casiav1,0.0,0.0,0.0816853865981102
Casiav1__Sp_S_NNN_C_txt0017_txt0017_0017.png,Casiav1,0.0,0.0,0.0817769393324852
Casiav1__Sp_S_NNN_C_txt0018_txt0018_0018.png,Casiav1,0.0,0.0,0.0817057266831398
Casiav1__Sp_S_NNN_C_txt0019_txt0019_0019.png,Casiav1,0.0,0.0,0.0816853865981102
Casiav1__Sp_S_NNN_C_txt0020_txt0020_0020.png,Casiav1,0.0,0.0,0.0816853865981102
Casiav1__Sp_S_NNN_C_txt0021_txt0021_0021.png,Casiav1,0.0,0.0,0.0816853865981102
Casiav1__Sp_S_NNN_C_txt0022_txt0022_0022.png,Casiav1,0.0,0.0,0.0816853865981102
Casiav1__Sp_S_NNN_C_txt0023_txt0023_0023.png,Casiav1,0.0,0.0,0.0816853865981102
Casiav1__Sp_S_NNN_C_txt0024_txt0024_0024.png,Casiav1,0.0,0.0,0.0816853865981102
Casiav1__Sp_S_NNN_C_txt0025_txt0025_0025.png,Casiav1,0.0,0.0,0.0816853865981102
Casiav1__Sp_S_NNN_C_txt0026_txt0026_0026.png,Casiav1,0.0,0.0,0.0816853865981102
Casiav1__Sp_S_NNN_C_txt0027_txt0027_0027.png,Casiav1,0.0,0.0,0.0816853865981102
Casiav1__Sp_S_NNN_C_txt0028_txt0028_0028.png,Casiav1,0.0,0.0,0.0816853865981102
Casiav1__Sp_S_NNN_C_txt0029_txt0029_0029.png,Casiav1,0.0,0.0,0.0816853865981102
Casiav1__Sp_S_NNN_C_txt0030_txt0030_0030.png,Casiav1,0.0,0.0,0.0816853865981102
Casiav1__Sp_S_NNN_C_txt0031_txt0031_0031.png,Casiav1,0.0,0.0,0.0817057266831398
Casiav1__Sp_S_NNN_C_txt0032_txt0032_0032.png,Casiav1,0.0,0.0,0.0816853865981102
Casiav1__Sp_S_NNN_C_txt0033_txt0033_0033.png,Casiav1,0.0,0.0,0.081878662109375
Casiav1__Sp_S_NNN_C_txt0034_txt0034_0034.png,Casiav1,0.0,0.0,0.081756591796875
Casiav1__Sp_S_NNN_C_txt0035_txt0035_0035.png,Casiav1,0.0,0.0,0.0816853865981102
Casiav1__Sp_S_NNN_C_txt0036_txt0036_0036.png,Casiav1,0.0,0.0,0.0816853865981102
Casiav1__Sp_S_NNN_C_txt0037_txt0037_0037.png,Casiav1,0.0,0.0,0.081695556640625
Casiav1__Sp_S_NNN_C_txt0038_txt0038_0038.png,Casiav1,0.0,0.0,0.0816853865981102
Casiav1__Sp_S_NNN_C_txt0039_txt0039_0039.png,Casiav1,0.0,0.0,0.0817972794175148
Casiav1__Sp_S_NNN_C_txt0040_txt0040_0040.png,Casiav1,0.0,0.0,0.0817057266831398
Casiav1__Sp_S_NNN_C_txt0041_txt0041_0041.png,Casiav1,0.0,0.0,0.0816853865981102
Casiav1__Sp_S_NNN_C_txt0042_txt0042_0042.png,Casiav1,0.0,0.0,0.0816853865981102
Casiav1__Sp_S_NNN_C_txt0043_txt0043_0043.png,Casiav1,0.0,0.0,0.0817057266831398
Casiav1__Sp_S_NNN_C_txt0044_txt0044_0044.png,Casiav1,0.0,0.0,0.0817057266831398
Casiav1__Sp_S_NNN_C_txt0045_txt0045_0045.png,Casiav1,0.0,0.0,0.0816853865981102
Casiav1__Sp_S_NNN_C_txt0046_txt0046_0046.png,Casiav1,0.0,0.0,0.0817057266831398
Casiav1__Sp_S_NNN_C_txt0047_txt0047_0047.png,Casiav1,0.0,0.0,0.0817464217543602
Casiav1__Sp_S_NNN_C_txt0048_txt0048_0048.png,Casiav1,0.0,0.0,0.0817769393324852
Casiav1__Sp_S_NNN_C_txt0049_txt0049_0049.png,Casiav1,0.0,0.0,0.0817464217543602
Casiav1__Sp_S_NNN_C_txt0050_txt0050_0050.png,Casiav1,0.0,0.0,0.0817362442612648
Casiav1__Sp_S_NNN_C_txt0051_txt0051_0051.png,Casiav1,0.0,0.0,0.0817159041762352
Casiav1__Sp_S_NNN_C_txt0052_txt0052_0052.png,Casiav1,0.0,0.0,0.081756591796875
Casiav1__Sp_S_NNN_C_txt0053_txt0053_0053.png,Casiav1,0.0,0.0,0.0816853865981102
Casiav1__Sp_S_NNN_C_txt0054_txt0054_0054.png,Casiav1,0.0,0.0,0.0817667618393898
Casiav1__Sp_S_NNN_C_txt0055_txt0055_0055.png,Casiav1,0.0,0.0,0.0817667618393898
Casiav1__Sp_S_NNN_C_txt0056_txt0056_0056.png,Casiav1,0.0,0.0,0.0816853865981102
Casiav1__Sp_S_NNN_C_txt0057_txt0057_0057.png,Casiav1,0.0,0.0,0.0817667618393898
Casiav1__Sp_S_NNN_C_txt0058_txt0058_0058.png,Casiav1,0.0,0.0,0.0817159041762352
Casiav1__Sp_S_NNN_C_txt0059_txt0059_0059.png,Casiav1,0.0,0.0,0.0816853865981102
Casiav1__Sp_S_NNN_C_txt0060_txt0060_0060.png,Casiav1,0.0,0.0,0.0816853865981102
Casiav1__Sp_S_NNN_C_txt0061_txt0061_0061.png,Casiav1,0.0,0.0,0.0816853865981102
Casiav1__Sp_S_NNN_C_txt0062_txt0062_0062.png,Casiav1,0.0,0.0,0.0818990096449852
Casiav1__Sp_S_NNN_C_txt0063_txt0063_0063.png,Casiav1,0.0,0.0,0.08172607421875
Casiav1__Sp_S_NNN_C_txt0064_txt0064_0064.png,Casiav1,0.0,0.0,0.0817057266831398
Casiav1__Sp_S_NNN_C_txt0065_txt0065_0065.png,Casiav1,0.0,0.0,0.0817972794175148
Casiav1__Sp_S_NNN_C_txt0066_txt0066_0066.png,Casiav1,0.0,0.0,0.0816853865981102
Casiav1__Sp_S_NNN_C_txt0067_txt0067_0067.png,Casiav1,0.0,0.0,0.0817972794175148
Casiav1__Sp_S_NNN_C_txt0068_txt0068_0068.png,Casiav1,0.0,0.0,0.0818379744887352
Casiav1__Sp_S_NNN_C_txt0069_txt0069_0069.png,Casiav1,0.0,0.0,0.0816853865981102
Casiav1__Sp_S_NNN_C_txt0070_txt0070_0070.png,Casiav1,0.0,0.0,0.081817626953125
Casiav1__Sp_S_NNN_C_txt0071_txt0071_0071.png,Casiav1,0.0,0.0,0.0818277969956398
Casiav1__Sp_S_NNN_C_txt0072_txt0072_0072.png,Casiav1,0.0,0.0,0.0816853865981102
Casiav1__Sp_S_NNN_C_txt0073_txt0073_0073.png,Casiav1,0.0,0.0,0.0816853865981102
Casiav1__Sp_S_NNN_C_txt0074_txt0074_0074.png,Casiav1,0.0,0.0,0.0817057266831398
Casiav1__Sp_S_NNN_C_txt0075_txt0075_0075.png,Casiav1,0.0,0.0,0.0817464217543602
Casiav1__Sp_S_NNN_C_txt0076_txt0076_0076.png,Casiav1,0.0,0.0,0.0818379744887352
Casiav1__Sp_S_NNN_C_txt0077_txt0077_0077.png,Casiav1,0.0,0.0,0.0818583145737648
Casiav1__Sp_S_NNN_C_txt0078_txt0078_0078.png,Casiav1,0.0,0.0,0.0817159041762352
Casiav1__Sp_S_NNN_C_txt0079_txt0079_0079.png,Casiav1,0.0,0.0,0.0816853865981102
Casiav1__Sp_S_NNN_C_txt0080_txt0080_0080.png,Casiav1,0.0,0.0,0.0816853865981102
Casiav1__Sp_S_NNN_C_txt0081_txt0081_0081.png,Casiav1,0.0,0.0,0.0816853865981102
Casiav1__Sp_S_NNN_C_txt0082_txt0082_0082.png,Casiav1,0.0,0.0,0.0816853865981102
Casiav1__Sp_S_NNN_C_txt0083_txt0083_0083.png,Casiav1,0.0,0.0,0.0816853865981102
Casiav1__Sp_S_NNN_C_txt0084_txt0084_0084.png,Casiav1,0.0,0.0,0.0818684920668602
Casiav1__Sp_S_NNN_C_txt0085_txt0085_0085.png,Casiav1,0.0,0.0,0.0817464217543602
Casiav1__Sp_S_NNN_C_txt0086_txt0086_0086.png,Casiav1,0.0,0.0,0.081695556640625
Casiav1__Sp_S_NNN_C_txt0087_txt0087_0087.png,Casiav1,0.0,0.0,0.081573486328125
Casiav1__Sp_S_NNN_C_txt0088_txt0088_0088.png,Casiav1,0.0,0.0,0.081573486328125
Casiav1__Sp_S_NNN_C_txt0089_txt0089_0089.png,Casiav1,0.0,0.0,0.081573486328125
Casiav1__Sp_S_NNN_C_txt0090_txt0090_0090.png,Casiav1,0.0,0.0,0.081573486328125
Casiav1__Sp_S_NNN_C_txt0091_txt0091_0091.png,Casiav1,0.0,0.0,0.0816141739487648
Casiav1__Sp_S_NNN_C_txt0092_txt0092_0092.png,Casiav1,0.0,0.0,0.081573486328125
Casiav1__Sp_S_NNN_C_txt0093_txt0093_0093.png,Casiav1,0.0,0.0,0.08160400390625
Casiav1__Sp_S_NNN_C_txt0094_txt0094_0094.png,Casiav1,0.0,0.0,0.0816141739487648
Casiav1__Sp_S_NNN_C_txt0095_txt0095_0095.png,Casiav1,0.0,0.0,0.081573486328125
Casiav1__Sp_S_NNN_C_txt0096_txt0096_0096.png,Casiav1,0.0,0.0,0.0815836563706398
Casiav1__Sp_S_NNN_C_txt0097_txt0097_0097.png,Casiav1,0.0,0.0,0.0815836563706398
Casiav1__Sp_S_NNN_C_txt0098_txt0098_0098.png,Casiav1,0.0,0.0,0.0815836563706398
Casiav1__Sp_S_NNN_C_txt0099_txt0099_0099.png,Casiav1,0.0,0.0,0.0815836563706398
Casiav1__Sp_S_NNN_C_txt0100_txt0100_0100.png,Casiav1,0.0,0.0,0.0815836563706398
Casiav1__Sp_S_NNN_R_ani0048_ani0048_0045.png,Casiav1,0.0,0.0,0.1585489958524704
Casiav1__Sp_S_NNN_R_ani0049_ani0049_0046.png,Casiav1,0.0,0.0,0.1102294921875
Casiav1__Sp_S_NNN_R_ani0071_ani0071_0047.png,Casiav1,0.0,0.0,0.053192138671875
Casiav1__Sp_S_NNN_R_ani0084_ani0084_0048.png,Casiav1,0.0,0.0,0.221649169921875
Casiav1__Sp_S_NNN_R_ani0086_ani0086_0218.png,Casiav1,0.0,0.0,0.06280517578125
Casiav1__Sp_S_NNN_R_ani0094_ani0094_0049.png,Casiav1,0.0,0.0,0.126983642578125
Casiav1__Sp_S_NNN_R_ani0096_ani0096_0050.png,Casiav1,0.0,0.0,0.0899759903550148
Casiav1__Sp_S_NNN_R_arc0003_arc0003_0051.png,Casiav1,0.0,0.0,0.026702880859375
Casiav1__Sp_S_NNN_R_arc0004_arc0004_0052.png,Casiav1,0.0,0.0,0.0466410331428051
Casiav1__Sp_S_NNN_R_arc0006_arc0006_0053.png,Casiav1,0.0,0.0,0.025115966796875
Casiav1__Sp_S_NNN_R_arc0014_arc0014_0219.png,Casiav1,0.0,0.0,0.1249491348862648
Casiav1__Sp_S_NNN_R_arc0015_arc0015_0220.png,Casiav1,0.0,0.0,0.0587666817009449
Casiav1__Sp_S_NNN_R_arc0016_arc0016_0054.png,Casiav1,0.0,0.0,0.0664469376206398
Casiav1__Sp_S_NNN_R_arc0019_arc0019_0055.png,Casiav1,0.0,0.0,0.008595784194767475
Casiav1__Sp_S_NNN_R_arc0021_arc0021_0056.png,Casiav1,0.0,0.0,0.0782674178481102
Casiav1__Sp_S_NNN_R_arc0023_arc0023_0057.png,Casiav1,0.0,0.0,0.026580810546875
Casiav1__Sp_S_NNN_R_arc0025_arc0025_0058.png,Casiav1,0.0,0.0,0.010528564453125
Casiav1__Sp_S_NNN_R_arc0041_arc0041_0059.png,Casiav1,0.0,0.0,0.011820475570857525
Casiav1__Sp_S_NNN_R_arc0044_arc0044_0060.png,Casiav1,0.0,0.0,0.0863240584731102
Casiav1__Sp_S_NNN_R_arc0046_arc0046_0061.png,Casiav1,0.0,0.0,0.0174560546875
Casiav1__Sp_S_NNN_R_arc0056_arc0056_0221.png,Casiav1,0.0,0.0,0.0369974784553051
Casiav1__Sp_S_NNN_R_arc0073_arc0073_0063.png,Casiav1,0.0,0.0,0.0074869790114462376
Casiav1__Sp_S_NNN_R_arc0077_arc0077_0222.png,Casiav1,0.0,0.0,0.0335693359375
Casiav1__Sp_S_NNN_R_arc0088_arc0088_0367.png,Casiav1,0.0,0.0,0.0458780936896801
Casiav1__Sp_S_NNN_R_arc0090_arc0090_0064.png,Casiav1,0.0,0.0,0.01967366598546505
Casiav1__Sp_S_NNN_R_arc0091_arc0091_0065.png,Casiav1,0.0,0.0,0.015055338852107525
Casiav1__Sp_S_NNN_R_arc0095_arc0095_0223.png,Casiav1,0.0,0.0,0.0407613106071949
Casiav1__Sp_S_NNN_R_cha0027_cha0027_0066.png,Casiav1,0.0,0.0,0.2851155698299408
Casiav1__Sp_S_NNN_R_cha0060_cha0060_0067.png,Casiav1,0.0,0.0,0.1094563826918602
Casiav1__Sp_S_NNN_R_nat0039_nat0039_0068.png,Casiav1,0.0,0.0,0.1276346892118454
Casiav1__Sp_S_NNN_R_nat0046_nat0046_0224.png,Casiav1,0.0,0.0,0.1631978303194046
Casiav1__Sp_S_NNN_R_nat0057_nat0057_0225.png,Casiav1,0.0,0.0,0.191253662109375
Casiav1__Sp_S_NNN_R_nat0062_nat0062_0069.png,Casiav1,0.0,0.0,0.028350830078125
Casiav1__Sp_S_NNN_R_nat0068_nat0068_0226.png,Casiav1,0.0,0.0,0.145233154296875
Casiav1__Sp_S_NNN_R_nat0072_nat0072_0070.png,Casiav1,0.0,0.0,0.02974446676671505
Casiav1__Sp_S_NNN_R_pla0094_pla0094_0071.png,Casiav1,0.0,0.0,0.1082356795668602
Casiav1__Sp_S_NNN_R_sec0010_sec0010_0072.png,Casiav1,0.0,0.0,0.0364990234375
Casiav1__Sp_S_NNN_R_sec0031_sec0031_0073.png,Casiav1,0.0,0.0,0.0043233237229287624
Casiav1__Sp_S_NNN_R_sec0035_sec0035_0074.png,Casiav1,0.0,0.0,0.049072265625
Casiav1__Sp_S_NNN_R_sec0045_sec0045_0075.png,Casiav1,0.0,0.0,0.0496826171875
Casiav1__Sp_S_NNN_R_sec0054_sec0054_0076.png,Casiav1,0.0,0.0,0.0337931327521801
Casiav1__Sp_S_NNN_R_sec0075_sec0075_0077.png,Casiav1,0.0,0.0,0.0592447929084301
Casiav1__Sp_S_NNN_R_txt0001_txt0001_0001.png,Casiav1,0.0,0.0,0.054931640625
Casiav1__Sp_S_NNN_R_txt0002_txt0002_0002.png,Casiav1,0.0,0.0,0.054931640625
Casiav1__Sp_S_NNN_R_txt0003_txt0003_0003.png,Casiav1,0.0,0.0,0.054931640625
Casiav1__Sp_S_NNN_R_txt0004_txt0004_0004.png,Casiav1,0.0,0.0,0.054931640625
Casiav1__Sp_S_NNN_R_txt0005_txt0005_0005.png,Casiav1,0.0,0.0,0.054931640625
Casiav1__Sp_S_NNN_R_txt0006_txt0006_0006.png,Casiav1,0.0,0.0,0.054931640625
Casiav1__Sp_S_NNN_R_txt0007_txt0007_0007.png,Casiav1,0.0,0.0,0.054931640625
Casiav1__Sp_S_NNN_R_txt0008_txt0008_0008.png,Casiav1,0.0,0.0,0.054931640625
Casiav1__Sp_S_NNN_R_txt0009_txt0009_0009.png,Casiav1,0.0,0.0,0.054931640625
Casiav1__Sp_S_NNN_R_txt0010_txt0010_0010.png,Casiav1,0.0,0.0,0.054931640625
Casiav1__Sp_S_NNN_R_txt0011_txt0011_0011.png,Casiav1,0.0,0.0,0.054931640625
Casiav1__Sp_S_NNN_R_txt0012_txt0012_0012.png,Casiav1,0.0,0.0,0.054931640625
Casiav1__Sp_S_NNN_R_txt0013_txt0013_0013.png,Casiav1,0.0,0.0,0.054931640625
Casiav1__Sp_S_NNN_R_txt0014_txt0014_0014.png,Casiav1,0.0,0.0,0.054931640625
Casiav1__Sp_S_NNN_R_txt0015_txt0015_0015.png,Casiav1,0.0,0.0,0.054931640625
Casiav1__Sp_S_NNN_R_txt0016_txt0016_0016.png,Casiav1,0.0,0.0,0.054931640625
Casiav1__Sp_S_NNN_R_txt0017_txt0017_0017.png,Casiav1,0.0,0.0,0.054931640625
Casiav1__Sp_S_NNN_R_txt0018_txt0018_0018.png,Casiav1,0.0,0.0,0.054931640625
Casiav1__Sp_S_NNN_R_txt0019_txt0019_0019.png,Casiav1,0.0,0.0,0.054931640625
Casiav1__Sp_S_NNN_R_txt0020_txt0020_0020.png,Casiav1,0.0,0.0,0.054931640625
Casiav1__Sp_S_NNN_R_txt0021_txt0021_0021.png,Casiav1,0.0,0.0,0.054931640625
Casiav1__Sp_S_NNN_R_txt0022_txt0022_0022.png,Casiav1,0.0,0.0,0.054931640625
Casiav1__Sp_S_NNN_R_txt0023_txt0023_0023.png,Casiav1,0.0,0.0,0.054931640625
Casiav1__Sp_S_NNN_R_txt0024_txt0024_0024.png,Casiav1,0.0,0.0,0.054931640625
Casiav1__Sp_S_NNN_R_txt0025_txt0025_0025.png,Casiav1,0.0,0.0,0.054931640625
Casiav1__Sp_S_NNN_R_txt0026_txt0026_0026.png,Casiav1,0.0,0.0,0.054931640625
Casiav1__Sp_S_NNN_R_txt0027_txt0027_0027.png,Casiav1,0.0,0.0,0.054931640625
Casiav1__Sp_S_NNN_R_txt0028_txt0028_0028.png,Casiav1,0.0,0.0,0.054931640625
Casiav1__Sp_S_NNN_R_txt0029_txt0029_0029.png,Casiav1,0.0,0.0,0.054931640625
Casiav1__Sp_S_NNN_R_txt0030_txt0030_0030.png,Casiav1,0.0,0.0,0.054931640625
Casiav1__Sp_S_NNN_R_txt0031_txt0031_0031.png,Casiav1,0.0,0.0,0.054931640625
Casiav1__Sp_S_NNN_R_txt0032_txt0032_0032.png,Casiav1,0.0,0.0,0.054931640625
Casiav1__Sp_S_NNN_R_txt0033_txt0033_0033.png,Casiav1,0.0,0.0,0.054931640625
Casiav1__Sp_S_NNN_R_txt0034_txt0034_0034.png,Casiav1,0.0,0.0,0.054931640625
Casiav1__Sp_S_NNN_R_txt0035_txt0035_0035.png,Casiav1,0.0,0.0,0.054931640625
Casiav1__Sp_S_NNN_R_txt0036_txt0036_0036.png,Casiav1,0.0,0.0,0.054931640625
Casiav1__Sp_S_NNN_R_txt0037_txt0037_0037.png,Casiav1,0.0,0.0,0.054931640625
Casiav1__Sp_S_NNN_R_txt0038_txt0038_0038.png,Casiav1,0.0,0.0,0.054931640625
Casiav1__Sp_S_NNN_R_txt0039_txt0039_0039.png,Casiav1,0.0,0.0,0.0564676932990551
Casiav1__Sp_S_NNN_R_txt0040_txt0040_0040.png,Casiav1,0.0,0.0,0.054931640625
Casiav1__Sp_S_NNN_R_txt0041_txt0041_0041.png,Casiav1,0.0,0.0,0.054931640625
Casiav1__Sp_S_NNN_R_txt0042_txt0042_0042.png,Casiav1,0.0,0.0,0.054931640625
Casiav1__Sp_S_NNN_R_txt0043_txt0043_0043.png,Casiav1,0.0,0.0,0.054931640625
Casiav1__Sp_S_NNN_R_txt0044_txt0044_0044.png,Casiav1,0.0,0.0,0.054931640625
Casiav1__Sp_S_NNN_R_txt0045_txt0045_0045.png,Casiav1,0.0,0.0,0.054931640625
Casiav1__Sp_S_NNN_R_txt0046_txt0046_0046.png,Casiav1,0.0,0.0,0.054931640625
Casiav1__Sp_S_NNN_R_txt0047_txt0047_0047.png,Casiav1,0.0,0.0,0.054931640625
Casiav1__Sp_S_NNN_R_txt0048_txt0048_0048.png,Casiav1,0.0,0.0,0.054931640625
Casiav1__Sp_S_NNN_R_txt0049_txt0049_0049.png,Casiav1,0.0,0.0,0.054931640625
Casiav1__Sp_S_NNN_R_txt0050_txt0050_0050.png,Casiav1,0.0,0.0,0.054931640625
Casiav1__Sp_S_NNN_R_txt0051_txt0051_0051.png,Casiav1,0.0,0.0,0.054931640625
Casiav1__Sp_S_NNN_R_txt0052_txt0052_0052.png,Casiav1,0.0,0.0,0.054931640625
Casiav1__Sp_S_NNN_R_txt0053_txt0053_0053.png,Casiav1,0.0,0.0,0.054931640625
Casiav1__Sp_S_NNN_R_txt0054_txt0054_0054.png,Casiav1,0.0,0.0,0.054931640625
Casiav1__Sp_S_NNN_R_txt0055_txt0055_0055.png,Casiav1,0.0,0.0,0.054931640625
Casiav1__Sp_S_NNN_R_txt0056_txt0056_0056.png,Casiav1,0.0,0.0,0.054931640625
Casiav1__Sp_S_NNN_R_txt0057_txt0057_0057.png,Casiav1,0.0,0.0,0.054931640625
Casiav1__Sp_S_NNN_R_txt0058_txt0058_0058.png,Casiav1,0.0,0.0,0.054931640625
Casiav1__Sp_S_NNN_R_txt0059_txt0059_0059.png,Casiav1,0.0,0.0,0.054931640625
Casiav1__Sp_S_NNN_R_txt0060_txt0060_0060.png,Casiav1,0.0,0.0,0.054931640625
Casiav1__Sp_S_NNN_R_txt0061_txt0061_0061.png,Casiav1,0.0,0.0,0.054931640625
Casiav1__Sp_S_NNN_R_txt0062_txt0062_0062.png,Casiav1,0.0,0.0,0.054931640625
Casiav1__Sp_S_NNN_R_txt0063_txt0063_0063.png,Casiav1,0.0,0.0,0.054931640625
Casiav1__Sp_S_NNN_R_txt0064_txt0064_0064.png,Casiav1,0.0,0.0,0.05401611328125
Casiav1__Sp_S_NNN_R_txt0065_txt0065_0065.png,Casiav1,0.0,0.0,0.05865478515625
Casiav1__Sp_S_NNN_R_txt0066_txt0066_0066.png,Casiav1,0.0,0.0,0.054931640625
Casiav1__Sp_S_NNN_R_txt0067_txt0067_0067.png,Casiav1,0.0,0.0,0.054931640625
Casiav1__Sp_S_NNN_R_txt0068_txt0068_0068.png,Casiav1,0.0,0.0,0.054931640625
Casiav1__Sp_S_NNN_R_txt0069_txt0069_0069.png,Casiav1,0.0,0.0,0.054931640625
Casiav1__Sp_S_NNN_R_txt0070_txt0070_0070.png,Casiav1,0.0,0.0,0.054931640625
Casiav1__Sp_S_NNN_R_txt0071_txt0071_0071.png,Casiav1,0.0,0.0,0.05401611328125
Casiav1__Sp_S_NNN_R_txt0072_txt0072_0072.png,Casiav1,0.0,0.0,0.0589599609375
Casiav1__Sp_S_NNN_R_txt0073_txt0073_0073.png,Casiav1,0.0,0.0,0.0589599609375
Casiav1__Sp_S_NNN_R_txt0074_txt0074_0074.png,Casiav1,0.0,0.0,0.054931640625
Casiav1__Sp_S_NNN_R_txt0075_txt0075_0075.png,Casiav1,0.0,0.0,0.054931640625
Casiav1__Sp_S_NNN_R_txt0076_txt0076_0076.png,Casiav1,0.0,0.0,0.054931640625
Casiav1__Sp_S_NNN_R_txt0077_txt0077_0077.png,Casiav1,0.0,0.0,0.054931640625
Casiav1__Sp_S_NNN_R_txt0078_txt0078_0078.png,Casiav1,0.0,0.0,0.054931640625
Casiav1__Sp_S_NNN_R_txt0079_txt0079_0079.png,Casiav1,0.0,0.0,0.054931640625
Casiav1__Sp_S_NNN_R_txt0080_txt0080_0080.png,Casiav1,0.0,0.0,0.054931640625
Casiav1__Sp_S_NNN_R_txt0081_txt0081_0081.png,Casiav1,0.0,0.0,0.054931640625
Casiav1__Sp_S_NNN_R_txt0082_txt0082_0082.png,Casiav1,0.0,0.0,0.054931640625
Casiav1__Sp_S_NNN_R_txt0083_txt0083_0083.png,Casiav1,0.0,0.0,0.05584716796875
Casiav1__Sp_S_NNN_R_txt0084_txt0084_0084.png,Casiav1,0.0,0.0,0.0589599609375
Casiav1__Sp_S_NNN_R_txt0085_txt0085_0085.png,Casiav1,0.0,0.0,0.054931640625
Casiav1__Sp_S_NNN_R_txt0086_txt0086_0086.png,Casiav1,0.0,0.0,0.054931640625
Casiav1__Sp_S_NNN_R_txt0087_txt0087_0087.png,Casiav1,0.0,0.0,0.054931640625
Casiav1__Sp_S_NNN_R_txt0088_txt0088_0088.png,Casiav1,0.0,0.0,0.054931640625
Casiav1__Sp_S_NNN_R_txt0089_txt0089_0089.png,Casiav1,0.0,0.0,0.054931640625
Casiav1__Sp_S_NNN_R_txt0090_txt0090_0090.png,Casiav1,0.0,0.0,0.054931640625
Casiav1__Sp_S_NNN_R_txt0091_txt0091_0091.png,Casiav1,0.0,0.0,0.054931640625
Casiav1__Sp_S_NNN_R_txt0092_txt0092_0092.png,Casiav1,0.0,0.0,0.054931640625
Casiav1__Sp_S_NNN_R_txt0093_txt0093_0093.png,Casiav1,0.0,0.0,0.054931640625
Casiav1__Sp_S_NNN_R_txt0094_txt0094_0094.png,Casiav1,0.0,0.0,0.054931640625
Casiav1__Sp_S_NNN_R_txt0095_txt0095_0095.png,Casiav1,0.0,0.0,0.054931640625
Casiav1__Sp_S_NNN_R_txt0096_txt0096_0096.png,Casiav1,0.0,0.0,0.054931640625
Casiav1__Sp_S_NNN_R_txt0097_txt0097_0097.png,Casiav1,0.0,0.0,0.054931640625
Casiav1__Sp_S_NNN_R_txt0098_txt0098_0098.png,Casiav1,0.0,0.0,0.054931640625
Casiav1__Sp_S_NNN_R_txt0099_txt0099_0099.png,Casiav1,0.0,0.0,0.054931640625
Casiav1__Sp_S_NNN_R_txt0100_txt0100_0100.png,Casiav1,0.0,0.0,0.0549418143928051
Casiav1__Sp_S_NNN_T_sec0051_sec0051_0078.png,Casiav1,0.0,0.0,0.003173828125
Casiav1__Sp_S_NNN_T_txt0001_txt0001_0001.png,Casiav1,0.0,0.0,0.0498453788459301
Casiav1__Sp_S_NNN_T_txt0002_txt0002_0002.png,Casiav1,0.0,0.0,0.0498453788459301
Casiav1__Sp_S_NNN_T_txt0003_txt0003_0003.png,Casiav1,0.0,0.0,0.0498453788459301
Casiav1__Sp_S_NNN_T_txt0004_txt0004_0004.png,Casiav1,0.0,0.0,0.0498453788459301
Casiav1__Sp_S_NNN_T_txt0005_txt0005_0005.png,Casiav1,0.0,0.0,0.0498453788459301
Casiav1__Sp_S_NNN_T_txt0006_txt0006_0006.png,Casiav1,0.0,0.0,0.0498453788459301
Casiav1__Sp_S_NNN_T_txt0007_txt0007_0007.png,Casiav1,0.0,0.0,0.0498453788459301
Casiav1__Sp_S_NNN_T_txt0008_txt0008_0008.png,Casiav1,0.0,0.0,0.0498453788459301
Casiav1__Sp_S_NNN_T_txt0009_txt0009_0009.png,Casiav1,0.0,0.0,0.0498453788459301
Casiav1__Sp_S_NNN_T_txt0010_txt0010_0010.png,Casiav1,0.0,0.0,0.0498453788459301
Casiav1__Sp_S_NNN_T_txt0011_txt0011_0011.png,Casiav1,0.0,0.0,0.0498453788459301
Casiav1__Sp_S_NNN_T_txt0012_txt0012_0012.png,Casiav1,0.0,0.0,0.0498453788459301
Casiav1__Sp_S_NNN_T_txt0013_txt0013_0013.png,Casiav1,0.0,0.0,0.0498453788459301
Casiav1__Sp_S_NNN_T_txt0014_txt0014_0014.png,Casiav1,0.0,0.0,0.0498453788459301
Casiav1__Sp_S_NNN_T_txt0015_txt0015_0015.png,Casiav1,0.0,0.0,0.0498453788459301
Casiav1__Sp_S_NNN_T_txt0016_txt0016_0016.png,Casiav1,0.0,0.0,0.0498453788459301
Casiav1__Sp_S_NNN_T_txt0017_txt0017_0017.png,Casiav1,0.0,0.0,0.0498453788459301
Casiav1__Sp_S_NNN_T_txt0018_txt0018_0018.png,Casiav1,0.0,0.0,0.0498453788459301
Casiav1__Sp_S_NNN_T_txt0019_txt0019_0019.png,Casiav1,0.0,0.0,0.0498453788459301
Casiav1__Sp_S_NNN_T_txt0020_txt0020_0020.png,Casiav1,0.0,0.0,0.0498453788459301
Casiav1__Sp_S_NNN_T_txt0021_txt0021_0021.png,Casiav1,0.0,0.0,0.0498453788459301
Casiav1__Sp_S_NNN_T_txt0022_txt0022_0022.png,Casiav1,0.0,0.0,0.0498453788459301
Casiav1__Sp_S_NNN_T_txt0023_txt0023_0023.png,Casiav1,0.0,0.0,0.0498453788459301
Casiav1__Sp_S_NNN_T_txt0024_txt0024_0024.png,Casiav1,0.0,0.0,0.0498453788459301
Casiav1__Sp_S_NNN_T_txt0025_txt0025_0025.png,Casiav1,0.0,0.0,0.0498453788459301
Casiav1__Sp_S_NNN_T_txt0026_txt0026_0026.png,Casiav1,0.0,0.0,0.0498453788459301
Casiav1__Sp_S_NNN_T_txt0027_txt0027_0027.png,Casiav1,0.0,0.0,0.0498453788459301
Casiav1__Sp_S_NNN_T_txt0028_txt0028_0028.png,Casiav1,0.0,0.0,0.0498453788459301
Casiav1__Sp_S_NNN_T_txt0029_txt0029_0029.png,Casiav1,0.0,0.0,0.0498453788459301
Casiav1__Sp_S_NNN_T_txt0030_txt0030_0030.png,Casiav1,0.0,0.0,0.0498453788459301
Casiav1__Sp_S_NNN_T_txt0031_txt0031_0031.png,Casiav1,0.0,0.0,0.0498453788459301
Casiav1__Sp_S_NNN_T_txt0032_txt0032_0032.png,Casiav1,0.0,0.0,0.0498453788459301
Casiav1__Sp_S_NNN_T_txt0033_txt0033_0033.png,Casiav1,0.0,0.0,0.0498453788459301
Casiav1__Sp_S_NNN_T_txt0034_txt0034_0034.png,Casiav1,0.0,0.0,0.0498453788459301
Casiav1__Sp_S_NNN_T_txt0035_txt0035_0035.png,Casiav1,0.0,0.0,0.0498453788459301
Casiav1__Sp_S_NNN_T_txt0036_txt0036_0036.png,Casiav1,0.0,0.0,0.0498453788459301
Casiav1__Sp_S_NNN_T_txt0037_txt0037_0037.png,Casiav1,0.0,0.0,0.0498453788459301
Casiav1__Sp_S_NNN_T_txt0038_txt0038_0038.png,Casiav1,0.0,0.0,0.0498453788459301
Casiav1__Sp_S_NNN_T_txt0039_txt0039_0039.png,Casiav1,0.0,0.0,0.0498453788459301
Casiav1__Sp_S_NNN_T_txt0040_txt0040_0040.png,Casiav1,0.0,0.0,0.0498453788459301
Casiav1__Sp_S_NNN_T_txt0041_txt0041_0041.png,Casiav1,0.0,0.0,0.0498453788459301
Casiav1__Sp_S_NNN_T_txt0042_txt0042_0042.png,Casiav1,0.0,0.0,0.0498453788459301
Casiav1__Sp_S_NNN_T_txt0043_txt0043_0043.png,Casiav1,0.0,0.0,0.0498453788459301
Casiav1__Sp_S_NNN_T_txt0044_txt0044_0044.png,Casiav1,0.0,0.0,0.0508524589240551
Casiav1__Sp_S_NNN_T_txt0045_txt0045_0045.png,Casiav1,0.0,0.0,0.0508524589240551
Casiav1__Sp_S_NNN_T_txt0046_txt0046_0046.png,Casiav1,0.0,0.0,0.0508524589240551
Casiav1__Sp_S_NNN_T_txt0047_txt0047_0047.png,Casiav1,0.0,0.0,0.0508524589240551
Casiav1__Sp_S_NNN_T_txt0048_txt0048_0048.png,Casiav1,0.0,0.0,0.0508524589240551
Casiav1__Sp_S_NNN_T_txt0049_txt0049_0049.png,Casiav1,0.0,0.0,0.0508524589240551
Casiav1__Sp_S_NNN_T_txt0050_txt0050_0050.png,Casiav1,0.0,0.0,0.0508524589240551
Casiav1__Sp_S_NNN_T_txt0051_txt0051_0051.png,Casiav1,0.0,0.0,0.0508524589240551
Casiav1__Sp_S_NNN_T_txt0052_txt0052_0052.png,Casiav1,0.0,0.0,0.0508524589240551
Casiav1__Sp_S_NNN_T_txt0053_txt0053_0053.png,Casiav1,0.0,0.0,0.049835205078125
Casiav1__Sp_S_NNN_T_txt0054_txt0054_0054.png,Casiav1,0.0,0.0,0.0508524589240551
Casiav1__Sp_S_NNN_T_txt0055_txt0055_0055.png,Casiav1,0.0,0.0,0.0508524589240551
Casiav1__Sp_S_NNN_T_txt0056_txt0056_0056.png,Casiav1,0.0,0.0,0.0508524589240551
Casiav1__Sp_S_NNN_T_txt0057_txt0057_0057.png,Casiav1,0.0,0.0,0.0508524589240551
Casiav1__Sp_S_NNN_T_txt0058_txt0058_0058.png,Casiav1,0.0,0.0,0.0508524589240551
Casiav1__Sp_S_NNN_T_txt0059_txt0059_0059.png,Casiav1,0.0,0.0,0.0508524589240551
Casiav1__Sp_S_NNN_T_txt0060_txt0060_0060.png,Casiav1,0.0,0.0,0.0508524589240551
Casiav1__Sp_S_NNN_T_txt0061_txt0061_0061.png,Casiav1,0.0,0.0,0.0508524589240551
Casiav1__Sp_S_NNN_T_txt0062_txt0062_0062.png,Casiav1,0.0,0.0,0.0508524589240551
Casiav1__Sp_S_NNN_T_txt0063_txt0063_0063.png,Casiav1,0.0,0.0,0.0508524589240551
Casiav1__Sp_S_NNN_T_txt0064_txt0064_0064.png,Casiav1,0.0,0.0,0.0508524589240551
Casiav1__Sp_S_NNN_T_txt0065_txt0065_0065.png,Casiav1,0.0,0.0,0.0508524589240551
Casiav1__Sp_S_NNN_T_txt0066_txt0066_0066.png,Casiav1,0.0,0.0,0.0508626289665699
Casiav1__Sp_S_NNN_T_txt0067_txt0067_0067.png,Casiav1,0.0,0.0,0.0508524589240551
Casiav1__Sp_S_NNN_T_txt0068_txt0068_0068.png,Casiav1,0.0,0.0,0.0508524589240551
Casiav1__Sp_S_NNN_T_txt0069_txt0069_0069.png,Casiav1,0.0,0.0,0.0508524589240551
Casiav1__Sp_S_NNN_T_txt0070_txt0070_0070.png,Casiav1,0.0,0.0,0.0508524589240551
Casiav1__Sp_S_NNN_T_txt0071_txt0071_0071.png,Casiav1,0.0,0.0,0.0508524589240551
Casiav1__Sp_S_NNN_T_txt0072_txt0072_0072.png,Casiav1,0.0,0.0,0.0508524589240551
Casiav1__Sp_S_NNN_T_txt0073_txt0073_0073.png,Casiav1,0.0,0.0,0.0508524589240551
Casiav1__Sp_S_NNN_T_txt0074_txt0074_0074.png,Casiav1,0.0,0.0,0.0508524589240551
Casiav1__Sp_S_NNN_T_txt0075_txt0075_0075.png,Casiav1,0.0,0.0,0.0508524589240551
Casiav1__Sp_S_NNN_T_txt0076_txt0076_0076.png,Casiav1,0.0,0.0,0.049896240234375
Casiav1__Sp_S_NNN_T_txt0077_txt0077_0077.png,Casiav1,0.0,0.0,0.0508931465446949
Casiav1__Sp_S_NNN_T_txt0078_txt0078_0078.png,Casiav1,0.0,0.0,0.050384521484375
Casiav1__Sp_S_NNN_T_txt0079_txt0079_0079.png,Casiav1,0.0,0.0,0.0524393729865551
Casiav1__Sp_S_NNN_T_txt0080_txt0080_0080.png,Casiav1,0.0,0.0,0.0513814277946949
Casiav1__Sp_S_NNN_T_txt0081_txt0081_0081.png,Casiav1,0.0,0.0,0.05035400390625
Casiav1__Sp_S_NNN_T_txt0082_txt0082_0082.png,Casiav1,0.0,0.0,0.0506184883415699
Casiav1__Sp_S_NNN_T_txt0083_txt0083_0083.png,Casiav1,0.0,0.0,0.0516459159553051
Casiav1__Sp_S_NNN_T_txt0084_txt0084_0084.png,Casiav1,0.0,0.0,0.0501302070915699
Casiav1__Sp_S_NNN_T_txt0085_txt0085_0085.png,Casiav1,0.0,0.0,0.0514017753303051
Casiav1__Sp_S_NNN_T_txt0086_txt0086_0086.png,Casiav1,0.0,0.0,0.050506591796875
Casiav1__Sp_S_NNN_T_txt0087_txt0087_0087.png,Casiav1,0.0,0.0,0.0508931465446949
Casiav1__Sp_S_NNN_T_txt0088_txt0088_0088.png,Casiav1,0.0,0.0,0.051300048828125
Casiav1__Sp_S_NNN_T_txt0089_txt0089_0089.png,Casiav1,0.0,0.0,0.050140380859375
Casiav1__Sp_S_NNN_T_txt0090_txt0090_0090.png,Casiav1,0.0,0.0,0.0507303886115551
Casiav1__Sp_S_NNN_T_txt0091_txt0091_0091.png,Casiav1,0.0,0.0,0.0504964180290699
Casiav1__Sp_S_NNN_T_txt0092_txt0092_0092.png,Casiav1,0.0,0.0,0.0505879707634449
Casiav1__Sp_S_NNN_T_txt0093_txt0093_0093.png,Casiav1,0.0,0.0,0.0506591796875
Casiav1__Sp_S_NNN_T_txt0094_txt0094_0094.png,Casiav1,0.0,0.0,0.050506591796875
Casiav1__Sp_S_NNN_T_txt0095_txt0095_0095.png,Casiav1,0.0,0.0,0.05078125
Casiav1__Sp_S_NNN_T_txt0096_txt0096_0096.png,Casiav1,0.0,0.0,0.0502726249396801
Casiav1__Sp_S_NNN_T_txt0097_txt0097_0097.png,Casiav1,0.0,0.0,0.0508524589240551
Casiav1__Sp_S_NNN_T_txt0098_txt0098_0098.png,Casiav1,0.0,0.0,0.05108642578125
Casiav1__Sp_S_NNN_T_txt0099_txt0099_0099.png,Casiav1,0.0,0.0,0.0504353828728199
Casiav1__Sp_S_NNN_T_txt0100_txt0100_0100.png,Casiav1,0.0,0.0,0.050140380859375
Casiav1__Sp_S_NRD_A_ani0043_ani0043_0087.png,Casiav1,0.0,0.0,0.1847025603055954
Casiav1__Sp_S_NRD_A_art0027_art0027_0256.png,Casiav1,0.0,0.0,0.011962890625
Casiav1__Sp_S_NRD_A_nat0069_nat0069_0258.png,Casiav1,0.0,0.0,0.1334737092256546
Casiav1__Sp_S_NRD_A_pla0075_pla0075_0588.png,Casiav1,0.0,0.0,0.093414306640625
Casiav1__Sp_S_NRD_A_pla0097_pla0097_0259.png,Casiav1,0.0,0.0,0.0944315567612648
Casiav1__Sp_S_NRN_A_ani0063_ani0063_0080.png,Casiav1,0.0,0.0,0.017181396484375
Casiav1__Sp_S_NRN_A_arc0012_arc0012_0235.png,Casiav1,0.0,0.0,0.062713623046875
Casiav1__Sp_S_NRN_A_arc0078_arc0078_0242.png,Casiav1,0.0,0.0,0.023162841796875
Casiav1__Sp_S_NRN_A_art0016_art0016_0081.png,Casiav1,0.0,0.0,0.0988566055893898
Casiav1__Sp_S_NRN_A_art0030_art0030_0245.png,Casiav1,0.0,0.0,0.02715047262609005
Casiav1__Sp_S_NRN_A_art0061_art0061_0246.png,Casiav1,0.0,0.0,0.01898193359375
Casiav1__Sp_S_NRN_A_cha0074_cha0074_0247.png,Casiav1,0.0,0.0,0.1262308806180954
Casiav1__Sp_S_NRN_A_cha0076_cha0076_0501.png,Casiav1,0.0,0.0,0.022613525390625
Casiav1__Sp_S_NRN_A_cha0082_cha0082_0082.png,Casiav1,0.0,0.0,0.02121988870203495
Casiav1__Sp_S_NRN_A_nat0022_nat0022_0248.png,Casiav1,0.0,0.0,0.0526326484978199
Casiav1__Sp_S_NRN_A_nat0028_nat0028_0249.png,Casiav1,0.0,0.0,0.013092041015625
Casiav1__Sp_S_NRN_A_nat0051_nat0051_0250.png,Casiav1,0.0,0.0,0.0036722819786518812
Casiav1__Sp_S_NRN_A_nat0059_nat0059_0083.png,Casiav1,0.0,0.0,0.0497233085334301
Casiav1__Sp_S_NRN_A_nat0098_nat0098_0003.png,Casiav1,0.0,0.0,0.0203857421875
Casiav1__Sp_S_NRN_A_pla0009_pla0009_0084.png,Casiav1,0.0,0.0,0.1738077849149704
Casiav1__Sp_S_NRN_A_pla0062_pla0062_0251.png,Casiav1,0.0,0.0,0.009745280258357525
Casiav1__Sp_S_NRN_A_sec0060_sec0060_0252.png,Casiav1,0.0,0.0,0.02201334573328495
Casiav1__Sp_S_NRN_A_sec0092_sec0092_0253.png,Casiav1,0.0,0.0,0.01957193948328495
Casiav1__Sp_S_NRN_R_ani0097_ani0097_0254.png,Casiav1,0.0,0.0,0.013885498046875
Casiav1__Sp_S_NRN_R_arc0058_arc0058_0255.png,Casiav1,0.0,0.0,0.01470947265625
Casiav1__Sp_S_NRN_R_art0056_art0056_0086.png,Casiav1,0.0,0.0,0.01847330667078495
Columbia__canong3_canonxt_sub_01.png,Columbia,0.0,0.0,0.30715668201446533
Columbia__canong3_canonxt_sub_02.png,Columbia,0.0,0.0,0.3084055781364441
Columbia__canong3_canonxt_sub_03.png,Columbia,0.0,0.0,0.33609551191329956
Columbia__canong3_canonxt_sub_04.png,Columbia,0.0,0.0,0.2524257302284241
Columbia__canong3_canonxt_sub_05.png,Columbia,0.0,0.0,0.27644333243370056
Columbia__canong3_canonxt_sub_06.png,Columbia,0.0,0.0,0.28973478078842163
Columbia__canong3_canonxt_sub_07.png,Columbia,0.0,0.0,0.4538997411727905
Columbia__canong3_canonxt_sub_08.png,Columbia,0.0,0.0,0.43287068605422974
Columbia__canong3_canonxt_sub_09.png,Columbia,0.0,0.0,0.3201597332954407
Columbia__canong3_canonxt_sub_10.png,Columbia,0.0,0.0,0.17906813323497772
Columbia__canong3_canonxt_sub_11.png,Columbia,0.0,0.0,0.33446285128593445
Columbia__canong3_canonxt_sub_12.png,Columbia,0.0,0.0,0.31742700934410095
Columbia__canong3_canonxt_sub_13.png,Columbia,0.0,0.0,0.17538653314113617
Columbia__canong3_canonxt_sub_14.png,Columbia,0.0,0.0,0.4742218255996704
Columbia__canong3_canonxt_sub_15.png,Columbia,0.0,0.0,0.5474212765693665
Columbia__canong3_canonxt_sub_16.png,Columbia,0.0,0.0,0.24700680375099182
Columbia__canong3_canonxt_sub_17.png,Columbia,0.0,0.0,0.29412105679512024
Columbia__canong3_canonxt_sub_18.png,Columbia,0.0,0.0,0.3179619312286377
Columbia__canong3_canonxt_sub_19.png,Columbia,0.0,0.0,0.3365536630153656
Columbia__canong3_canonxt_sub_20.png,Columbia,0.0,0.0,0.2989213466644287
Columbia__canong3_canonxt_sub_21.png,Columbia,0.0,0.0,0.45740461349487305
Columbia__canong3_canonxt_sub_22.png,Columbia,0.0,0.0,0.31404542922973633
Columbia__canong3_canonxt_sub_23.png,Columbia,0.0,0.0,0.41842567920684814
Columbia__canong3_canonxt_sub_24.png,Columbia,0.0,0.0,0.20146705210208893
Columbia__canong3_canonxt_sub_25.png,Columbia,0.0,0.0,0.4521205723285675
Columbia__canong3_canonxt_sub_26.png,Columbia,0.0,0.0,0.273298978805542
Columbia__canong3_canonxt_sub_27.png,Columbia,0.0,0.0,0.22103559970855713
Columbia__canong3_canonxt_sub_28.png,Columbia,0.0,0.0,0.3169735074043274
Columbia__canong3_canonxt_sub_29.png,Columbia,0.0,0.0,0.37254172563552856
Columbia__canong3_canonxt_sub_30.png,Columbia,0.0,0.0,0.2946094572544098
Columbia__canong3_kodakdcs330_sub_01.png,Columbia,0.0,0.0,0.288678914308548
Columbia__canong3_kodakdcs330_sub_02.png,Columbia,0.0,0.0,0.2562049925327301
Columbia__canong3_kodakdcs330_sub_03.png,Columbia,0.0,0.0,0.22818715870380402
Columbia__canong3_kodakdcs330_sub_04.png,Columbia,0.0,0.0,0.29306286573410034
Columbia__canong3_kodakdcs330_sub_05.png,Columbia,0.0,0.0,0.25575149059295654
Columbia__canong3_kodakdcs330_sub_06.png,Columbia,0.0,0.0,0.21453289687633514
Columbia__canong3_kodakdcs330_sub_07.png,Columbia,0.0,0.0,0.250527948141098
Columbia__canong3_kodakdcs330_sub_08.png,Columbia,0.0,0.0,0.19748777151107788
Columbia__canong3_kodakdcs330_sub_09.png,Columbia,0.0,0.0,0.25055351853370667
Columbia__canong3_kodakdcs330_sub_10.png,Columbia,0.0,0.0,0.2566027045249939
Columbia__canong3_kodakdcs330_sub_11.png,Columbia,0.0,0.0,0.2845577299594879
Columbia__canong3_kodakdcs330_sub_12.png,Columbia,0.0,0.0,0.43170082569122314
Columbia__canong3_kodakdcs330_sub_13.png,Columbia,0.0,0.0,0.5244990587234497
Columbia__canong3_kodakdcs330_sub_14.png,Columbia,0.0,0.0,0.34436342120170593
Columbia__canong3_kodakdcs330_sub_15.png,Columbia,0.0,0.0,0.23639924824237823
Columbia__canong3_kodakdcs330_sub_16.png,Columbia,0.0,0.0,0.29726776480674744
Columbia__canong3_kodakdcs330_sub_17.png,Columbia,0.0,0.0,0.2954118251800537
Columbia__canong3_kodakdcs330_sub_18.png,Columbia,0.0,0.0,0.2924163341522217
Columbia__canong3_kodakdcs330_sub_19.png,Columbia,0.0,0.0,0.3835795521736145
Columbia__canong3_kodakdcs330_sub_20.png,Columbia,0.0,0.0,0.4023340940475464
Columbia__canong3_kodakdcs330_sub_21.png,Columbia,0.0,0.0,0.43951523303985596
Columbia__canong3_kodakdcs330_sub_22.png,Columbia,0.0,0.0,0.35436397790908813
Columbia__canong3_kodakdcs330_sub_23.png,Columbia,0.0,0.0,0.3244785666465759
Columbia__canong3_kodakdcs330_sub_24.png,Columbia,0.0,0.0,0.3209993243217468
Columbia__canong3_kodakdcs330_sub_25.png,Columbia,0.0,0.0,0.29346755146980286
Columbia__canong3_kodakdcs330_sub_26.png,Columbia,0.0,0.0,0.3095289170742035
Columbia__canong3_kodakdcs330_sub_27.png,Columbia,0.0,0.0,0.40968799591064453
Columbia__canong3_kodakdcs330_sub_28.png,Columbia,0.0,0.0,0.34622398018836975
Columbia__canong3_kodakdcs330_sub_29.png,Columbia,0.0,0.0,0.33657461404800415
Columbia__canong3_kodakdcs330_sub_30.png,Columbia,0.0,0.0,0.3519684672355652
Columbia__canong3_nikond70_sub_01.png,Columbia,0.0,0.0,0.3674507439136505
Columbia__canong3_nikond70_sub_02.png,Columbia,0.0,0.0,0.3313603401184082
Columbia__canong3_nikond70_sub_03.png,Columbia,0.0,0.0,0.39127299189567566
Columbia__canong3_nikond70_sub_04.png,Columbia,0.0,0.0,0.22641031444072723
Columbia__canong3_nikond70_sub_05.png,Columbia,0.0,0.0,0.3264368176460266
Columbia__canong3_nikond70_sub_06.png,Columbia,0.0,0.0,0.22546839714050293
Columbia__canong3_nikond70_sub_07.png,Columbia,0.0,0.0,0.49467411637306213
Columbia__canong3_nikond70_sub_08.png,Columbia,0.0,0.0,0.22800807654857635
Columbia__canong3_nikond70_sub_09.png,Columbia,0.0,0.0,0.15526913106441498
Columbia__canong3_nikond70_sub_10.png,Columbia,0.0,0.0,0.21077455580234528
Columbia__canong3_nikond70_sub_11.png,Columbia,0.0,0.0,0.3242087960243225
Columbia__canong3_nikond70_sub_12.png,Columbia,0.0,0.0,0.13263995945453644
Columbia__canong3_nikond70_sub_13.png,Columbia,0.0,0.0,0.2066115289926529
Columbia__canong3_nikond70_sub_14.png,Columbia,0.0,0.0,0.4279192388057709
Columbia__canong3_nikond70_sub_15.png,Columbia,0.0,0.0,0.3720998466014862
Columbia__canong3_nikond70_sub_16.png,Columbia,0.0,0.0,0.34048643708229065
Columbia__canong3_nikond70_sub_17.png,Columbia,0.0,0.0,0.18628248572349548
Columbia__canong3_nikond70_sub_18.png,Columbia,0.0,0.0,0.15872979164123535
Columbia__canong3_nikond70_sub_19.png,Columbia,0.0,0.0,0.20888839662075043
Columbia__canong3_nikond70_sub_20.png,Columbia,0.0,0.0,0.17717500030994415
Columbia__canong3_nikond70_sub_21.png,Columbia,0.0,0.0,0.10110098868608475
Columbia__canong3_nikond70_sub_22.png,Columbia,0.0,0.0,0.35738274455070496
Columbia__canong3_nikond70_sub_23.png,Columbia,0.0,0.0,0.31513386964797974
Columbia__canong3_nikond70_sub_24.png,Columbia,0.0,0.0,0.3627527952194214
Columbia__canong3_nikond70_sub_25.png,Columbia,0.0,0.0,0.28165990114212036
Columbia__canong3_nikond70_sub_26.png,Columbia,0.0,0.0,0.3824376165866852
Columbia__canong3_nikond70_sub_27.png,Columbia,0.0,0.0,0.23258274793624878
Columbia__canong3_nikond70_sub_28.png,Columbia,0.0,0.0,0.27463626861572266
Columbia__canong3_nikond70_sub_29.png,Columbia,0.0,0.0,0.2569538652896881
Columbia__canong3_nikond70_sub_30.png,Columbia,0.0,0.0,0.244362473487854
Columbia__canonxt_kodakdcs330_sub_01.png,Columbia,0.0,0.0,0.1115587055683136
Columbia__canonxt_kodakdcs330_sub_02.png,Columbia,0.0,0.0,0.14533939957618713
Columbia__canonxt_kodakdcs330_sub_03.png,Columbia,0.0,0.0,0.1967366486787796
Columbia__canonxt_kodakdcs330_sub_04.png,Columbia,0.0,0.0,0.1971401572227478
Columbia__canonxt_kodakdcs330_sub_05.png,Columbia,0.0,0.0,0.10992318391799927
Columbia__canonxt_kodakdcs330_sub_06.png,Columbia,0.0,0.0,0.16941212117671967
Columbia__canonxt_kodakdcs330_sub_07.png,Columbia,0.0,0.0,0.1823323518037796
Columbia__canonxt_kodakdcs330_sub_08.png,Columbia,0.0,0.0,0.18269293010234833
Columbia__canonxt_kodakdcs330_sub_09.png,Columbia,0.0,0.0,0.1141764298081398
Columbia__canonxt_kodakdcs330_sub_10.png,Columbia,0.0,0.0,0.1474948525428772
Columbia__canonxt_kodakdcs330_sub_11.png,Columbia,0.0,0.0,0.07421539723873138
Columbia__canonxt_kodakdcs330_sub_12.png,Columbia,0.0,0.0,0.19067156314849854
Columbia__canonxt_kodakdcs330_sub_13.png,Columbia,0.0,0.0,0.14818884432315826
Columbia__canonxt_kodakdcs330_sub_14.png,Columbia,0.0,0.0,0.2854444682598114
Columbia__canonxt_kodakdcs330_sub_15.png,Columbia,0.0,0.0,0.28234297037124634
Columbia__canonxt_kodakdcs330_sub_16.png,Columbia,0.0,0.0,0.20772524178028107
Columbia__canonxt_kodakdcs330_sub_17.png,Columbia,0.0,0.0,0.1226806640625
Columbia__canonxt_kodakdcs330_sub_18.png,Columbia,0.0,0.0,0.09036029130220413
Columbia__canonxt_kodakdcs330_sub_19.png,Columbia,0.0,0.0,0.07093867659568787
Columbia__canonxt_kodakdcs330_sub_20.png,Columbia,0.0,0.0,0.25507158041000366
Columbia__canonxt_kodakdcs330_sub_21.png,Columbia,0.0,0.0,0.30931714177131653
Columbia__canonxt_kodakdcs330_sub_22.png,Columbia,0.0,0.0,0.31776031851768494
Columbia__canonxt_kodakdcs330_sub_23.png,Columbia,0.0,0.0,0.18856246769428253
Columbia__canonxt_kodakdcs330_sub_24.png,Columbia,0.0,0.0,0.36177119612693787
Columbia__canonxt_kodakdcs330_sub_25.png,Columbia,0.0,0.0,0.35539188981056213
Columbia__canonxt_kodakdcs330_sub_26.png,Columbia,0.0,0.0,0.32593339681625366
Columbia__canonxt_kodakdcs330_sub_27.png,Columbia,0.0,0.0,0.1823052316904068
Columbia__canonxt_kodakdcs330_sub_28.png,Columbia,0.0,0.0,0.27585065364837646
Columbia__canonxt_kodakdcs330_sub_29.png,Columbia,0.0,0.0,0.31564897298812866
Columbia__canonxt_kodakdcs330_sub_30.png,Columbia,0.0,0.0,0.3018120527267456
Columbia__nikond70_canonxt_sub_01.png,Columbia,0.0,0.0,0.17893491685390472
Columbia__nikond70_canonxt_sub_02.png,Columbia,0.0,0.0,0.13114161789417267
Columbia__nikond70_canonxt_sub_03.png,Columbia,0.0,0.0,0.19419419765472412
Columbia__nikond70_canonxt_sub_04.png,Columbia,0.0,0.0,0.20788902044296265
Columbia__nikond70_canonxt_sub_05.png,Columbia,0.0,0.0,0.24704495072364807
Columbia__nikond70_canonxt_sub_06.png,Columbia,0.0,0.0,0.2568526566028595
Columbia__nikond70_canonxt_sub_07.png,Columbia,0.0,0.0,0.11390282213687897
Columbia__nikond70_canonxt_sub_08.png,Columbia,0.0,0.0,0.18957281112670898
Columbia__nikond70_canonxt_sub_09.png,Columbia,0.0,0.0,0.248540461063385
Columbia__nikond70_canonxt_sub_10.png,Columbia,0.0,0.0,0.18471015989780426
Columbia__nikond70_canonxt_sub_11.png,Columbia,0.0,0.0,0.22519078850746155
Columbia__nikond70_canonxt_sub_12.png,Columbia,0.0,0.0,0.14263364672660828
Columbia__nikond70_canonxt_sub_13.png,Columbia,0.0,0.0,0.2806219458580017
Columbia__nikond70_canonxt_sub_14.png,Columbia,0.0,0.0,0.21938705444335938
Columbia__nikond70_canonxt_sub_15.png,Columbia,0.0,0.0,0.14233244955539703
Columbia__nikond70_canonxt_sub_16.png,Columbia,0.0,0.0,0.2639615535736084
Columbia__nikond70_canonxt_sub_17.png,Columbia,0.0,0.0,0.3181309998035431
Columbia__nikond70_canonxt_sub_18.png,Columbia,0.0,0.0,0.1174902468919754
Columbia__nikond70_canonxt_sub_19.png,Columbia,0.0,0.0,0.31921443343162537
Columbia__nikond70_canonxt_sub_20.png,Columbia,0.0,0.0,0.36088332533836365
Columbia__nikond70_canonxt_sub_21.png,Columbia,0.0,0.0,0.26883769035339355
Columbia__nikond70_canonxt_sub_22.png,Columbia,0.0,0.0,0.30313995480537415
Columbia__nikond70_canonxt_sub_23.png,Columbia,0.0,0.0,0.11270102113485336
Columbia__nikond70_canonxt_sub_24.png,Columbia,0.0,0.0,0.15196184813976288
Columbia__nikond70_canonxt_sub_25.png,Columbia,0.0,0.0,0.16201530396938324
Columbia__nikond70_canonxt_sub_26.png,Columbia,0.0,0.0,0.2760215401649475
Columbia__nikond70_canonxt_sub_27.png,Columbia,0.0,0.0,0.33086079359054565
Columbia__nikond70_canonxt_sub_28.png,Columbia,0.0,0.0,0.27026426792144775
Columbia__nikond70_canonxt_sub_29.png,Columbia,0.0,0.0,0.23734362423419952
Columbia__nikond70_canonxt_sub_30.png,Columbia,0.0,0.0,0.15830351412296295
Columbia__nikond70_kodakdcs330_sub_01.png,Columbia,0.0,0.0,0.11354168504476547
Columbia__nikond70_kodakdcs330_sub_02.png,Columbia,0.0,0.0,0.12502023577690125
Columbia__nikond70_kodakdcs330_sub_03.png,Columbia,0.0,0.0,0.1462300568819046
Columbia__nikond70_kodakdcs330_sub_04.png,Columbia,0.0,0.0,0.1593105047941208
Columbia__nikond70_kodakdcs330_sub_05.png,Columbia,0.0,0.0,0.19229859113693237
Columbia__nikond70_kodakdcs330_sub_06.png,Columbia,0.0,0.0,0.20231758058071136
Columbia__nikond70_kodakdcs330_sub_07.png,Columbia,0.0,0.0,0.14575953781604767
Columbia__nikond70_kodakdcs330_sub_08.png,Columbia,0.0,0.0,0.2454715222120285
Columbia__nikond70_kodakdcs330_sub_09.png,Columbia,0.0,0.0,0.2221188247203827
Columbia__nikond70_kodakdcs330_sub_10.png,Columbia,0.0,0.0,0.2529250681400299
Columbia__nikond70_kodakdcs330_sub_11.png,Columbia,0.0,0.0,0.3057728409767151
Columbia__nikond70_kodakdcs330_sub_12.png,Columbia,0.0,0.0,0.3216494917869568
Columbia__nikond70_kodakdcs330_sub_13.png,Columbia,0.0,0.0,0.1600387841463089
Columbia__nikond70_kodakdcs330_sub_14.png,Columbia,0.0,0.0,0.2579750418663025
Columbia__nikond70_kodakdcs330_sub_15.png,Columbia,0.0,0.0,0.20711129903793335
Columbia__nikond70_kodakdcs330_sub_16.png,Columbia,0.0,0.0,0.2193540781736374
Columbia__nikond70_kodakdcs330_sub_17.png,Columbia,0.0,0.0,0.15820161998271942
Columbia__nikond70_kodakdcs330_sub_18.png,Columbia,0.0,0.0,0.159629687666893
Columbia__nikond70_kodakdcs330_sub_19.png,Columbia,0.0,0.0,0.21246546506881714
Columbia__nikond70_kodakdcs330_sub_20.png,Columbia,0.0,0.0,0.3334067463874817
Columbia__nikond70_kodakdcs330_sub_21.png,Columbia,0.0,0.0,0.16333399713039398
Columbia__nikond70_kodakdcs330_sub_22.png,Columbia,0.0,0.0,0.24748700857162476
Columbia__nikond70_kodakdcs330_sub_23.png,Columbia,0.0,0.0,0.26160290837287903
Columbia__nikond70_kodakdcs330_sub_24.png,Columbia,0.0,0.0,0.31576186418533325
Columbia__nikond70_kodakdcs330_sub_25.png,Columbia,0.0,0.0,0.40960270166397095
Columbia__nikond70_kodakdcs330_sub_26.png,Columbia,0.0,0.0,0.33276990056037903
Columbia__nikond70_kodakdcs330_sub_27.png,Columbia,0.0,0.0,0.3187304139137268
Columbia__nikond70_kodakdcs330_sub_28.png,Columbia,0.0,0.0,0.29849010705947876
Columbia__nikond70_kodakdcs330_sub_29.png,Columbia,0.0,0.0,0.3514712452888489
Columbia__nikond70_kodakdcs330_sub_30.png,Columbia,0.0,0.0,0.19901788234710693
DSO-1__splicing-01.png,DSO-1,0.0,0.0,0.10745874792337418
DSO-1__splicing-02.png,DSO-1,0.0,0.0,0.1595935821533203
DSO-1__splicing-03.png,DSO-1,0.0,0.0,0.08062553405761719
DSO-1__splicing-04.png,DSO-1,0.0,0.0,0.2061869353055954
DSO-1__splicing-05.png,DSO-1,0.0,0.0,0.3038644790649414
DSO-1__splicing-06.png,DSO-1,0.0,0.0,0.15105533599853516
DSO-1__splicing-07.png,DSO-1,0.0,0.0,0.2299559861421585
DSO-1__splicing-08.png,DSO-1,0.0,0.0,0.21327050030231476
DSO-1__splicing-09.png,DSO-1,0.0,0.0,0.06555207818746567
DSO-1__splicing-10.png,DSO-1,0.0,0.0,0.06226507946848869
DSO-1__splicing-100.png,DSO-1,0.0,0.0,0.18180783092975616
DSO-1__splicing-11.png,DSO-1,0.0,0.0,0.17378997802734375
DSO-1__splicing-12.png,DSO-1,0.0,0.0,0.14731185138225555
DSO-1__splicing-13.png,DSO-1,0.0,0.0,0.1453237533569336
DSO-1__splicing-14.png,DSO-1,0.0,0.0,0.11091836541891098
DSO-1__splicing-15.png,DSO-1,0.0,0.0,0.07345517724752426
DSO-1__splicing-16.png,DSO-1,0.0,0.0,0.13248920440673828
DSO-1__splicing-17.png,DSO-1,0.0,0.0,0.05387846753001213
DSO-1__splicing-18.png,DSO-1,0.0,0.0,0.07388146966695786
DSO-1__splicing-19.png,DSO-1,0.0,0.0,0.03684552386403084
DSO-1__splicing-20.png,DSO-1,0.0,0.0,0.09002844244241714
DSO-1__splicing-21.png,DSO-1,0.0,0.0,0.06395339965820312
DSO-1__splicing-22.png,DSO-1,0.0,0.0,0.07456079870462418
DSO-1__splicing-23.png,DSO-1,0.0,0.0,0.15179920196533203
DSO-1__splicing-24.png,DSO-1,0.0,0.0,0.054287273436784744
DSO-1__splicing-25.png,DSO-1,0.0,0.0,0.009058952331542969
DSO-1__splicing-26.png,DSO-1,0.0,0.0,0.11050065606832504
DSO-1__splicing-27.png,DSO-1,0.0,0.0,0.220672607421875
DSO-1__splicing-28.png,DSO-1,0.0,0.0,0.1248626708984375
DSO-1__splicing-29.png,DSO-1,0.0,0.0,0.10729757696390152
DSO-1__splicing-30.png,DSO-1,0.0,0.0,0.17121219635009766
DSO-1__splicing-31.png,DSO-1,0.0,0.0,0.11857032775878906
DSO-1__splicing-32.png,DSO-1,0.0,0.0,0.2475859373807907
DSO-1__splicing-33.png,DSO-1,0.0,0.0,0.31969261169433594
DSO-1__splicing-34.png,DSO-1,0.0,0.0,0.06870969384908676
DSO-1__splicing-35.png,DSO-1,0.0,0.0,0.2529713213443756
DSO-1__splicing-36.png,DSO-1,0.0,0.0,0.08546606451272964
DSO-1__splicing-37.png,DSO-1,0.0,0.0,0.0762532576918602
DSO-1__splicing-38.png,DSO-1,0.0,0.0,0.16190528869628906
DSO-1__splicing-39.png,DSO-1,0.0,0.0,0.12865161895751953
DSO-1__splicing-40.png,DSO-1,0.0,0.0,0.1594991683959961
DSO-1__splicing-41.png,DSO-1,0.0,0.0,0.09844175726175308
DSO-1__splicing-42.png,DSO-1,0.0,0.0,0.2608369290828705
DSO-1__splicing-43.png,DSO-1,0.0,0.0,0.19047768414020538
DSO-1__splicing-44.png,DSO-1,0.0,0.0,0.22456486523151398
DSO-1__splicing-45.png,DSO-1,0.0,0.0,0.18477344512939453
DSO-1__splicing-46.png,DSO-1,0.0,0.0,0.23171615600585938
DSO-1__splicing-47.png,DSO-1,0.0,0.0,0.20711009204387665
DSO-1__splicing-48.png,DSO-1,0.0,0.0,0.29847845435142517
DSO-1__splicing-49.png,DSO-1,0.0,0.0,0.02272319793701172
DSO-1__splicing-50.png,DSO-1,0.0,0.0,0.038135528564453125
DSO-1__splicing-51.png,DSO-1,0.0,0.0,0.06425285339355469
DSO-1__splicing-52.png,DSO-1,0.0,0.0,0.015109698288142681
DSO-1__splicing-53.png,DSO-1,0.0,0.0,0.05503400042653084
DSO-1__splicing-54.png,DSO-1,0.0,0.0,0.14866511523723602
DSO-1__splicing-55.png,DSO-1,0.0,0.0,0.09428564459085464
DSO-1__splicing-56.png,DSO-1,0.0,0.0,0.19966824352741241
DSO-1__splicing-57.png,DSO-1,0.0,0.0,0.09540430456399918
DSO-1__splicing-58.png,DSO-1,0.0,0.0,0.2228412628173828
DSO-1__splicing-59.png,DSO-1,0.0,0.0,0.14222018420696259
DSO-1__splicing-60.png,DSO-1,0.0,0.0,0.257488876581192
DSO-1__splicing-61.png,DSO-1,0.0,0.0,0.14869022369384766
DSO-1__splicing-62.png,DSO-1,0.0,0.0,0.04214000701904297
DSO-1__splicing-63.png,DSO-1,0.0,0.0,0.13478247821331024
DSO-1__splicing-64.png,DSO-1,0.0,0.0,0.04813321307301521
DSO-1__splicing-65.png,DSO-1,0.0,0.0,0.25858020782470703
DSO-1__splicing-66.png,DSO-1,0.0,0.0,0.2307484894990921
DSO-1__splicing-67.png,DSO-1,0.0,0.0,0.13132794201374054
DSO-1__splicing-68.png,DSO-1,0.0,0.0,0.061397552490234375
DSO-1__splicing-69.png,DSO-1,0.0,0.0,0.11205673217773438
DSO-1__splicing-70.png,DSO-1,0.0,0.0,0.11917877197265625
DSO-1__splicing-71.png,DSO-1,0.0,0.0,0.17968113720417023
DSO-1__splicing-72.png,DSO-1,0.0,0.0,0.08295313268899918
DSO-1__splicing-73.png,DSO-1,0.0,0.0,0.20365874469280243
DSO-1__splicing-74.png,DSO-1,0.0,0.0,0.33378252387046814
DSO-1__splicing-75.png,DSO-1,0.0,0.0,0.05453300476074219
DSO-1__splicing-76.png,DSO-1,0.0,0.0,0.24470043182373047
DSO-1__splicing-77.png,DSO-1,0.0,0.0,0.03973324969410896
DSO-1__splicing-78.png,DSO-1,0.0,0.0,0.07658958435058594
DSO-1__splicing-79.png,DSO-1,0.0,0.0,0.015353838913142681
DSO-1__splicing-80.png,DSO-1,0.0,0.0,0.22970803081989288
DSO-1__splicing-81.png,DSO-1,0.0,0.0,0.2798592150211334
DSO-1__splicing-82.png,DSO-1,0.0,0.0,0.23295529186725616
DSO-1__splicing-83.png,DSO-1,0.0,0.0,0.26944541931152344
DSO-1__splicing-84.png,DSO-1,0.0,0.0,0.11218611150979996
DSO-1__splicing-85.png,DSO-1,0.0,0.0,0.3462867736816406
DSO-1__splicing-86.png,DSO-1,0.0,0.0,0.17883364856243134
DSO-1__splicing-87.png,DSO-1,0.0,0.0,0.08106835931539536
DSO-1__splicing-88.png,DSO-1,0.0,0.0,0.04871209338307381
DSO-1__splicing-89.png,DSO-1,0.0,0.0,0.02388286590576172
DSO-1__splicing-90.png,DSO-1,0.0,0.0,0.10042985528707504
DSO-1__splicing-91.png,DSO-1,0.0,0.0,0.12460104376077652
DSO-1__splicing-92.png,DSO-1,0.0,0.0,0.0995238646864891
DSO-1__splicing-93.png,DSO-1,0.0,0.0,0.039776165038347244
DSO-1__splicing-94.png,DSO-1,0.0,0.0,0.23017597198486328
DSO-1__splicing-95.png,DSO-1,0.0,0.0,0.24124400317668915
DSO-1__splicing-96.png,DSO-1,0.0,0.0,0.21183903515338898
DSO-1__splicing-97.png,DSO-1,0.0,0.0,0.04585297778248787
DSO-1__splicing-98.png,DSO-1,0.0,0.0,0.005317369941622019
DSO-1__splicing-99.png,DSO-1,0.0,0.0,0.09332561492919922
IMD2020__00006_fake.png,IMD2020,0.0,0.0,0.037233851850032806
IMD2020__00009_fake.png,IMD2020,0.0,0.0,0.04987557977437973
IMD2020__00010_fake_01.png,IMD2020,0.0,0.0,0.4436068832874298
IMD2020__00010_fake_02.png,IMD2020,0.0,0.0,0.43920958042144775
IMD2020__00011_fake.png,IMD2020,0.0,0.0,0.04445428401231766
IMD2020__00015_fake.png,IMD2020,0.0,0.0,0.2085241824388504
IMD2020__00016_fake.png,IMD2020,0.0,0.0,0.22670866549015045
IMD2020__00018_fake.png,IMD2020,0.0,0.0,0.33890071511268616
IMD2020__00021_fake.png,IMD2020,0.0,0.0,0.08624675869941711
IMD2020__00022_fake.png,IMD2020,0.0,0.0,0.08692564815282822
IMD2020__00024_fake.png,IMD2020,0.0,0.0,0.017971910536289215
IMD2020__00027_fake.png,IMD2020,0.0,0.0,0.02672012522816658
IMD2020__00028_fake.png,IMD2020,0.0,0.0,0.003671970684081316
IMD2020__00030_fake.png,IMD2020,0.0,0.0,0.041816435754299164
IMD2020__00031_fake.png,IMD2020,0.0,0.0,0.03658263757824898
IMD2020__00032_fake.png,IMD2020,0.0,0.0,0.10528630018234253
IMD2020__00035_fake.png,IMD2020,0.0,0.0,0.10059307515621185
IMD2020__00036_fake.png,IMD2020,0.0,0.0,0.14437568187713623
IMD2020__00037_fake.png,IMD2020,0.0,0.0,0.03349103778600693
IMD2020__00041_fake.png,IMD2020,0.0,0.0,0.29995593428611755
IMD2020__00044_fake.png,IMD2020,0.0,0.0,0.10679653286933899
IMD2020__00047_fake_01.png,IMD2020,0.0,0.0,0.018350224941968918
IMD2020__00047_fake_02.png,IMD2020,0.0,0.0,0.10058407485485077
IMD2020__00050_fake.png,IMD2020,0.0,0.0,0.02195884846150875
IMD2020__00056_fake.png,IMD2020,0.0,0.0,0.007275051437318325
IMD2020__00057_fake.png,IMD2020,0.0,0.0,0.17353206872940063
IMD2020__00059_fake.png,IMD2020,0.0,0.0,0.06013793870806694
IMD2020__00064_fake.png,IMD2020,0.0,0.0,0.3205212354660034
IMD2020__00065_fake.png,IMD2020,0.0,0.0,0.01600837893784046
IMD2020__00073_fake.png,IMD2020,0.0,0.0,0.05478045716881752
IMD2020__00076_fake.png,IMD2020,0.0,0.0,0.13833056390285492
IMD2020__00079_fake.png,IMD2020,0.0,0.0,0.11466223746538162
IMD2020__00087_fake.png,IMD2020,0.0,0.0,0.018467243760824203
IMD2020__00088_fake.png,IMD2020,0.0,0.0,0.25085270404815674
IMD2020__00089_fake.png,IMD2020,0.0,0.0,0.021292399615049362
IMD2020__00090_fake.png,IMD2020,0.0,0.0,0.31633755564689636
IMD2020__00095_fake.png,IMD2020,0.0,0.0,0.15134404599666595
IMD2020__00097_fake.png,IMD2020,0.0,0.0,0.02122124657034874
IMD2020__00099_fake.png,IMD2020,0.0,0.0,0.30743488669395447
IMD2020__00104_fake.png,IMD2020,0.0,0.0,0.09111858159303665
IMD2020__00107_fake.png,IMD2020,0.0,0.0,0.035670775920152664
IMD2020__00109_fake.png,IMD2020,0.0,0.0,0.035290855914354324
IMD2020__c8swtoq_0.png,IMD2020,0.0,0.0,0.006025270093232393
IMD2020__c8t64te_0.png,IMD2020,0.0,0.0,0.0669708251953125
IMD2020__c8t9rsw_0.png,IMD2020,0.0,0.0,0.008373260498046875
IMD2020__c8tf5mq_0.png,IMD2020,0.0,0.0,0.13471968472003937
IMD2020__c8tt7fg_0.png,IMD2020,0.0,0.0,0.1124090924859047
IMD2020__c8ttni9_0.png,IMD2020,0.0,0.0,0.11019117385149002
IMD2020__c8ttxcu_0.png,IMD2020,0.0,0.0,0.1124705895781517
IMD2020__c8ttxi0_0.png,IMD2020,0.0,0.0,0.11788502335548401
IMD2020__c8tvsnn_0.png,IMD2020,0.0,0.0,0.11133288592100143
IMD2020__c8twn73_0.png,IMD2020,0.0,0.0,0.11180080473423004
IMD2020__c8twvej_0.png,IMD2020,0.0,0.0,0.11218927800655365
IMD2020__c8tx1h1_0.png,IMD2020,0.0,0.0,0.11056818068027496
IMD2020__c8txu5x_0.png,IMD2020,0.0,0.0,0.19346925616264343
IMD2020__c8ty2bs_0.png,IMD2020,0.0,0.0,0.05510008707642555
IMD2020__c8tzqf0_0.png,IMD2020,0.0,0.0,0.06353958696126938
IMD2020__c8u0rrz_0.png,IMD2020,0.0,0.0,0.11479073762893677
IMD2020__c8u0wl4_0.png,IMD2020,0.0,0.0,0.11165530979633331
IMD2020__c8u4gpd_0.png,IMD2020,0.0,0.0,0.6383760571479797
IMD2020__c8u86mv_0.png,IMD2020,0.0,0.0,0.019675925374031067
IMD2020__c8ua0at_0.png,IMD2020,0.0,0.0,0.11966049671173096
IMD2020__c8uaap3_0.png,IMD2020,0.0,0.0,0.009516782127320766
IMD2020__c8uaesm_0.png,IMD2020,0.0,0.0,0.013537326827645302
IMD2020__c8ubux0_0.png,IMD2020,0.0,0.0,0.01889178156852722
IMD2020__c8uc2z3_0.png,IMD2020,0.0,0.0,0.049775559455156326
IMD2020__c8ucm3b_0.png,IMD2020,0.0,0.0,0.041709478944540024
IMD2020__c8ue2m3_0.png,IMD2020,0.0,0.0,0.07544711232185364
IMD2020__c8uefj0_0.png,IMD2020,0.0,0.0,0.16432441771030426
IMD2020__c8uf70a_0.png,IMD2020,0.0,0.0,0.06398292630910873
IMD2020__c8ufqah_0.png,IMD2020,0.0,0.0,0.014904504641890526
IMD2020__c8ufr4g_0.png,IMD2020,0.0,0.0,0.12522834539413452
IMD2020__c8uiddx_0.png,IMD2020,0.0,0.0,0.004433241672813892
IMD2020__c8uiv5e_0.png,IMD2020,0.0,0.0,0.13768784701824188
IMD2020__c8uka8j_0.png,IMD2020,0.0,0.0,0.11005400866270065
IMD2020__c8ulbmf_0.png,IMD2020,0.0,0.0,0.22135184705257416
IMD2020__c8umnyd_0.png,IMD2020,0.0,0.0,0.043899744749069214
IMD2020__c8uopdm_0.png,IMD2020,0.0,0.0,0.04832840710878372
IMD2020__c8v1094_0.png,IMD2020,0.0,0.0,0.099831223487854
IMD2020__c8v26qj_0.png,IMD2020,0.0,0.0,0.01980201154947281
IMD2020__c8v2pbm_0.png,IMD2020,0.0,0.0,0.06916666775941849
IMD2020__c8v2xno_0.png,IMD2020,0.0,0.0,0.07675781100988388
IMD2020__c8v3tc5_0.png,IMD2020,0.0,0.0,0.16775397956371307
IMD2020__c8v3xty_0.png,IMD2020,0.0,0.0,0.07724115252494812
IMD2020__c8v5c8j_0.png,IMD2020,0.0,0.0,0.044316407293081284
IMD2020__c8v70y3_0.png,IMD2020,0.0,0.0,0.011710483580827713
IMD2020__c8vcovx_0.png,IMD2020,0.0,0.0,0.003489613998681307
IMD2020__c8vejd9_0.png,IMD2020,0.0,0.0,0.058906350284814835
IMD2020__c8vemkb_0.png,IMD2020,0.0,0.0,0.0614430271089077
IMD2020__c8venih_0.png,IMD2020,0.0,0.0,0.009563848376274109
IMD2020__c8vepqy_0.png,IMD2020,0.0,0.0,0.1483524590730667
IMD2020__c8vf42i_0.png,IMD2020,0.0,0.0,0.05935226380825043
IMD2020__c8vfd6x_0.png,IMD2020,0.0,0.0,0.13406184315681458
IMD2020__c8vgphr_0.png,IMD2020,0.0,0.0,0.050437334924936295
IMD2020__c8vi1sj_0.png,IMD2020,0.0,0.0,0.0018458468839526176
IMD2020__c8viohc_0.png,IMD2020,0.0,0.0,0.06449305266141891
IMD2020__c8vizkp_0.png,IMD2020,0.0,0.0,0.05233767256140709
IMD2020__c8vjlk1_0.png,IMD2020,0.0,0.0,0.0052645038813352585
IMD2020__c8vkb96_0.png,IMD2020,0.0,0.0,0.0013224877184256911
IMD2020__c8vkbiq_0.png,IMD2020,0.0,0.0,0.1365060806274414
IMD2020__c8vkf28_0.png,IMD2020,0.0,0.0,0.029321111738681793
IMD2020__c8vklwm_0.png,IMD2020,0.0,0.0,0.02815055102109909
IMD2020__c8vm7al_0.png,IMD2020,0.0,0.0,0.043313656002283096
IMD2020__c8vnyrx_0.png,IMD2020,0.0,0.0,0.08209583908319473
IMD2020__c8vo3wv_0.png,IMD2020,0.0,0.0,0.06282638758420944
IMD2020__c8vol8v_0.png,IMD2020,0.0,0.0,0.03528732806444168
IMD2020__c8voq23_0.png,IMD2020,0.0,0.0,0.1063968762755394
IMD2020__c8vpmfd_0.png,IMD2020,0.0,0.0,0.01885807327926159
IMD2020__c8vqeqw_0.png,IMD2020,0.0,0.0,0.013450521044433117
IMD2020__c8vqhe0_0.png,IMD2020,0.0,0.0,0.17050078511238098
IMD2020__c8w0a7n_0.png,IMD2020,0.0,0.0,0.020172657445073128
IMD2020__c8w0r2r_0.png,IMD2020,0.0,0.0,0.18921473622322083
IMD2020__c8w0y2v_0.png,IMD2020,0.0,0.0,0.07013826072216034
IMD2020__c8w2mlr_0.png,IMD2020,0.0,0.0,0.11069157719612122
IMD2020__c8w5v0p_0.png,IMD2020,0.0,0.0,0.06207161024212837
IMD2020__c8w9n2q_0.png,IMD2020,0.0,0.0,0.00997129175812006
IMD2020__c8wantc_0.png,IMD2020,0.0,0.0,0.07125651091337204
IMD2020__c8wars7_0.png,IMD2020,0.0,0.0,0.029868371784687042
IMD2020__c8wbo4v_0.png,IMD2020,0.0,0.0,0.1871883124113083
IMD2020__c8wc5ln_0.png,IMD2020,0.0,0.0,0.02280534617602825
IMD2020__c8wc6jq_0.png,IMD2020,0.0,0.0,0.10517194122076035
IMD2020__c8wc7vs_0.png,IMD2020,0.0,0.0,0.013819567859172821
IMD2020__c8wcbsq_0.png,IMD2020,0.0,0.0,0.5055723786354065
IMD2020__c8wcfx9_0.png,IMD2020,0.0,0.0,0.22436241805553436
IMD2020__c8wclzm_0.png,IMD2020,0.0,0.0,0.018318284302949905
IMD2020__c8wcodr_0.png,IMD2020,0.0,0.0,0.3543089032173157
IMD2020__c8wcpg5_0.png,IMD2020,0.0,0.0,0.20873577892780304
IMD2020__c8wdsc1_0.png,IMD2020,0.0,0.0,0.047968000173568726
IMD2020__c8wrczy_0.png,IMD2020,0.0,0.0,0.15258219838142395
IMD2020__c8wrglm_0.png,IMD2020,0.0,0.0,0.025025252252817154
IMD2020__c8wrw4f_0.png,IMD2020,0.0,0.0,0.058276645839214325
IMD2020__c8wry2k_0.png,IMD2020,0.0,0.0,0.015635011717677116
IMD2020__c8wsol6_0.png,IMD2020,0.0,0.0,0.060555219650268555
IMD2020__c8wt4r2_0.png,IMD2020,0.0,0.0,0.055486250668764114
IMD2020__c8wtc5y_0.png,IMD2020,0.0,0.0,0.20952747762203217
IMD2020__c8wte77_0.png,IMD2020,0.0,0.0,0.031145911663770676
IMD2020__c8wtjmm_0.png,IMD2020,0.0,0.0,0.45696526765823364
IMD2020__c8wu4jn_0.png,IMD2020,0.0,0.0,0.01287445891648531
IMD2020__c8wufvd_0.png,IMD2020,0.0,0.0,0.06762626022100449
IMD2020__c8wuvts_0.png,IMD2020,0.0,0.0,0.03319985419511795
IMD2020__c8wvegs_0.png,IMD2020,0.0,0.0,0.0043789478950202465
IMD2020__c8wwgw2_0.png,IMD2020,0.0,0.0,0.02101602591574192
IMD2020__c8wwrie_0.png,IMD2020,0.0,0.0,0.002440903102979064
IMD2020__c8wx8en_0.png,IMD2020,0.0,0.0,0.00385349802672863
IMD2020__c8wxqdn_0.png,IMD2020,0.0,0.0,0.021807441487908363
IMD2020__c8wyxuh_0.png,IMD2020,0.0,0.0,0.7522380948066711
IMD2020__c8wz8qw_0.png,IMD2020,0.0,0.0,0.09450314939022064
IMD2020__c8wziyg_0.png,IMD2020,0.0,0.0,0.005887703970074654
IMD2020__c8x0x1t_0.png,IMD2020,0.0,0.0,0.08371398597955704
IMD2020__c8x1pe8_0.png,IMD2020,0.0,0.0,0.12491306662559509
IMD2020__c8x27kq_0.png,IMD2020,0.0,0.0,0.012260593473911285
IMD2020__c8x2s20_0.png,IMD2020,0.0,0.0,0.0042175911366939545
IMD2020__c8x3rcx_0.png,IMD2020,0.0,0.0,0.006614034995436668
IMD2020__c8x9xkj_0.png,IMD2020,0.0,0.0,0.21236632764339447
IMD2020__c8xa1qd_0.png,IMD2020,0.0,0.0,0.08804447203874588
IMD2020__c8xanp8_0.png,IMD2020,0.0,0.0,0.2602732181549072
IMD2020__c8xariv_0.png,IMD2020,0.0,0.0,0.08913818001747131
IMD2020__c8xbjz3_0.png,IMD2020,0.0,0.0,0.13958178460597992
IMD2020__c8xd6bv_0.png,IMD2020,0.0,0.0,0.04526115208864212
IMD2020__c8xdawa_0.png,IMD2020,0.0,0.0,0.062465768307447433
IMD2020__c8xfpsi_0.png,IMD2020,0.0,0.0,0.19727706909179688
IMD2020__c8xgdhj_0.png,IMD2020,0.0,0.0,0.22405678033828735
IMD2020__c8xgnf4_0.png,IMD2020,0.0,0.0,0.020829251036047935
IMD2020__c8xhzdr_0.png,IMD2020,0.0,0.0,0.020769231021404266
IMD2020__c8xkcsl_0.png,IMD2020,0.0,0.0,0.18485605716705322
IMD2020__c8xtrds_0.png,IMD2020,0.0,0.0,0.04700002819299698
IMD2020__c8xujpn_0.png,IMD2020,0.0,0.0,0.058093104511499405
IMD2020__c8y2qcw_0.png,IMD2020,0.0,0.0,0.0161611195653677
IMD2020__c8y2vvo_0.png,IMD2020,0.0,0.0,0.1948772519826889
IMD2020__c8y31sd_0.png,IMD2020,0.0,0.0,0.025591926649212837
IMD2020__c8y3utt_0.png,IMD2020,0.0,0.0,0.07598108798265457
IMD2020__c8y55d9_0.png,IMD2020,0.0,0.0,0.11756137758493423
IMD2020__c8y5f1t_0.png,IMD2020,0.0,0.0,0.07555737346410751
IMD2020__c8y9zbo_0.png,IMD2020,0.0,0.0,0.10694307833909988
IMD2020__c8yaujz_0.png,IMD2020,0.0,0.0,0.03865418955683708
IMD2020__c8yb71t_0.png,IMD2020,0.0,0.0,0.029314421117305756
IMD2020__c8ybsvm_0.png,IMD2020,0.0,0.0,0.225453719496727
IMD2020__c8yc2ry_0.png,IMD2020,0.0,0.0,0.1805318295955658
IMD2020__c8ydsfu_0.png,IMD2020,0.0,0.0,0.026479940861463547
IMD2020__c8ye71b_0.png,IMD2020,0.0,0.0,0.014153482392430305
IMD2020__c8yea0e_0.png,IMD2020,0.0,0.0,0.002798556350171566
IMD2020__c8yfhte_0.png,IMD2020,0.0,0.0,0.06273408234119415
IMD2020__c8yh8v9_0.png,IMD2020,0.0,0.0,0.2632640302181244
IMD2020__c8yhi3a_0.png,IMD2020,0.0,0.0,0.057101376354694366
IMD2020__c8yhtxf_0.png,IMD2020,0.0,0.0,0.08249438554048538
IMD2020__c8yib78_0.png,IMD2020,0.0,0.0,0.0192844420671463
IMD2020__c8yipuf_0.png,IMD2020,0.0,0.0,0.08446469902992249
IMD2020__c8yiqdr_0.png,IMD2020,0.0,0.0,0.07653538882732391
IMD2020__c8yj464_0.png,IMD2020,0.0,0.0,0.06580416858196259
IMD2020__c8yjs3y_0.png,IMD2020,0.0,0.0,0.32991477847099304
IMD2020__c8yjscj_0.png,IMD2020,0.0,0.0,0.013621478341519833
IMD2020__c8yjv4u_0.png,IMD2020,0.0,0.0,0.034897029399871826
IMD2020__c8ynnae_0.png,IMD2020,0.0,0.0,0.018990395590662956
IMD2020__c8ypb15_0.png,IMD2020,0.0,0.0,0.07620322704315186
IMD2020__c8yqawk_0.png,IMD2020,0.0,0.0,0.13162639737129211
IMD2020__c8yv0ld_0.png,IMD2020,0.0,0.0,0.16955217719078064
IMD2020__c8yvmji_0.png,IMD2020,0.0,0.0,0.07114050537347794
IMD2020__c8z0zg4_0.png,IMD2020,0.0,0.0,0.05680429935455322
IMD2020__c8z1qqq_0.png,IMD2020,0.0,0.0,0.04209039732813835
IMD2020__c8z1ubs_0.png,IMD2020,0.0,0.0,0.02141408808529377
IMD2020__c8z27jg_0.png,IMD2020,0.0,0.0,0.2380506694316864
IMD2020__c8z2itj_0.png,IMD2020,0.0,0.0,0.088249571621418
IMD2020__c8z31h1_0.png,IMD2020,0.0,0.0,0.23693333566188812
IMD2020__c8z3et9_0.png,IMD2020,0.0,0.0,0.23331592977046967
IMD2020__c8z3l9n_0.png,IMD2020,0.0,0.0,0.2374226152896881
IMD2020__c8z3m7v_0.png,IMD2020,0.0,0.0,0.23893454670906067
IMD2020__c8z3q6p_0.png,IMD2020,0.0,0.0,0.23848356306552887
IMD2020__c8z4ldo_0.png,IMD2020,0.0,0.0,0.2658837139606476
IMD2020__c8z4o30_0.png,IMD2020,0.0,0.0,0.25195425748825073
IMD2020__c8z50ak_0.png,IMD2020,0.0,0.0,0.24060623347759247
IMD2020__c8z82ta_0.png,IMD2020,0.0,0.0,0.2358059287071228
IMD2020__c8zax0v_0.png,IMD2020,0.0,0.0,0.08152461796998978
IMD2020__c8zb000_0.png,IMD2020,0.0,0.0,0.0050048828125
IMD2020__c8zefoe_0.png,IMD2020,0.0,0.0,0.0518418550491333
IMD2020__c8zepg5_0.png,IMD2020,0.0,0.0,0.2385893315076828
IMD2020__c8zexo2_0.png,IMD2020,0.0,0.0,0.11451704800128937
IMD2020__c8zezwq_0.png,IMD2020,0.0,0.0,0.11453964561223984
IMD2020__c8zf0hg_0.png,IMD2020,0.0,0.0,0.10002929717302322
IMD2020__c8zg45r_0.png,IMD2020,0.0,0.0,0.01843779906630516
IMD2020__c8zijis_0.png,IMD2020,0.0,0.0,0.07173333317041397
IMD2020__c8zj217_0.png,IMD2020,0.0,0.0,0.22783677279949188
IMD2020__c8zj234_0.png,IMD2020,0.0,0.0,0.08598604798316956
IMD2020__c8zjhlp_0.png,IMD2020,0.0,0.0,0.06777816265821457
IMD2020__c8zjp3h_0.png,IMD2020,0.0,0.0,0.0008864314295351505
IMD2020__c8zkjgp_0.png,IMD2020,0.0,0.0,0.012554488144814968
IMD2020__c8zmf37_0.png,IMD2020,0.0,0.0,0.02789703756570816
IMD2020__c8zp10g_0.png,IMD2020,0.0,0.0,0.11115724593400955
IMD2020__c8zpxv6_0.png,IMD2020,0.0,0.0,0.10038836300373077
IMD2020__c8zqh4c_0.png,IMD2020,0.0,0.0,0.0490158274769783
IMD2020__c8zsg4j_0.png,IMD2020,0.0,0.0,0.11062751710414886
IMD2020__c8zsnr4_0.png,IMD2020,0.0,0.0,0.07162666320800781
IMD2020__c8zstoa_0.png,IMD2020,0.0,0.0,0.029341379180550575
IMD2020__c8zt718_0.png,IMD2020,0.0,0.0,0.1456775665283203
IMD2020__c8zta7f_0.png,IMD2020,0.0,0.0,0.04037490487098694
IMD2020__c8ztmnk_0.png,IMD2020,0.0,0.0,0.14414751529693604
IMD2020__c8zttpz_0.png,IMD2020,0.0,0.0,0.11191214621067047
IMD2020__c8ztu03_0.png,IMD2020,0.0,0.0,0.00707015348598361
IMD2020__c8zu1fj_0.png,IMD2020,0.0,0.0,0.017436133697628975
IMD2020__c8zuhhz_0.png,IMD2020,0.0,0.0,0.0187944658100605
IMD2020__c8zv3tl_0.png,IMD2020,0.0,0.0,0.06807740032672882
IMD2020__c8zvzmp_0.png,IMD2020,0.0,0.0,0.06518522650003433
IMD2020__c8zw8i7_0.png,IMD2020,0.0,0.0,0.20476652681827545
IMD2020__c8zwpv6_0.png,IMD2020,0.0,0.0,0.019303098320961
IMD2020__c8zymv9_0.png,IMD2020,0.0,0.0,0.05612177401781082
IMD2020__c9026js_0.png,IMD2020,0.0,0.0,0.19991451501846313
IMD2020__c90580v_0.png,IMD2020,0.0,0.0,0.018420932814478874
IMD2020__c908vvn_0.png,IMD2020,0.0,0.0,0.022432660683989525
IMD2020__c908yxz_0.png,IMD2020,0.0,0.0,0.03620795160531998
IMD2020__c909zbe_0.png,IMD2020,0.0,0.0,0.04582910239696503
IMD2020__c90c2o3_0.png,IMD2020,0.0,0.0,0.02597573958337307
IMD2020__c90c412_0.png,IMD2020,0.0,0.0,0.023402482271194458
IMD2020__c90ciwt_0.png,IMD2020,0.0,0.0,0.020300595089793205
IMD2020__c90cmeo_0.png,IMD2020,0.0,0.0,0.009260950610041618
IMD2020__c90coip_0.png,IMD2020,0.0,0.0,0.009571895934641361
IMD2020__c90cqnr_0.png,IMD2020,0.0,0.0,0.1511983424425125
IMD2020__c90d7x7_0.png,IMD2020,0.0,0.0,0.017197009176015854
IMD2020__c90d9fr_0.png,IMD2020,0.0,0.0,0.080683134496212
IMD2020__c90dflh_0.png,IMD2020,0.0,0.0,0.07509872317314148
IMD2020__c90do08_0.png,IMD2020,0.0,0.0,0.10142584145069122
IMD2020__c90dujh_0.png,IMD2020,0.0,0.0,0.005882407538592815
IMD2020__c90dutg_0.png,IMD2020,0.0,0.0,0.1122656911611557
IMD2020__c90ef5n_0.png,IMD2020,0.0,0.0,0.14213460683822632
IMD2020__c90eken_0.png,IMD2020,0.0,0.0,0.021974915638566017
IMD2020__c90fxcd_0.png,IMD2020,0.0,0.0,0.05525798350572586
IMD2020__c90g14e_0.png,IMD2020,0.0,0.0,0.0741419643163681
IMD2020__c90g2uu_0.png,IMD2020,0.0,0.0,0.07708989083766937
IMD2020__c90hy8l_0.png,IMD2020,0.0,0.0,0.018172118812799454
IMD2020__c90i4n3_0.png,IMD2020,0.0,0.0,0.012496471405029297
IMD2020__c90jgir_0.png,IMD2020,0.0,0.0,0.003611111082136631
IMD2020__c90k1ai_0.png,IMD2020,0.0,0.0,0.3193607032299042
IMD2020__c90lr6w_0.png,IMD2020,0.0,0.0,0.020127272233366966
IMD2020__c90mtx6_0.png,IMD2020,0.0,0.0,0.00474895816296339
IMD2020__c90n1qm_0.png,IMD2020,0.0,0.0,0.08833044022321701
IMD2020__c90nr8m_0.png,IMD2020,0.0,0.0,0.09689236432313919
IMD2020__c90o4ei_0.png,IMD2020,0.0,0.0,0.18308304250240326
IMD2020__c90o79c_0.png,IMD2020,0.0,0.0,0.0061645833775401115
IMD2020__c90oh9u_0.png,IMD2020,0.0,0.0,0.25340673327445984
IMD2020__c90okur_0.png,IMD2020,0.0,0.0,0.3246437907218933
IMD2020__c90omlo_0.png,IMD2020,0.0,0.0,0.006684999912977219
IMD2020__c90os5y_0.png,IMD2020,0.0,0.0,0.06453055888414383
IMD2020__c90prjy_0.png,IMD2020,0.0,0.0,0.0018687499687075615
IMD2020__c90pt3k_0.png,IMD2020,0.0,0.0,0.03349479287862778
IMD2020__c90pv3g_0.png,IMD2020,0.0,0.0,0.02378888800740242
IMD2020__c90q0i2_0.png,IMD2020,0.0,0.0,0.017888542264699936
IMD2020__c90q79y_0.png,IMD2020,0.0,0.0,0.008766666986048222
IMD2020__c90ra8t_0.png,IMD2020,0.0,0.0,0.04414442554116249
IMD2020__c90rlp6_0.png,IMD2020,0.0,0.0,0.013695549219846725
IMD2020__c90s0h8_0.png,IMD2020,0.0,0.0,0.12245824187994003
IMD2020__c90sb3t_0.png,IMD2020,0.0,0.0,0.05879317969083786
IMD2020__c90sp6y_0.png,IMD2020,0.0,0.0,0.04013749957084656
IMD2020__c90xtlr_0.png,IMD2020,0.0,0.0,0.08964560925960541
IMD2020__c90yb6c_0.png,IMD2020,0.0,0.0,0.13362865149974823
IMD2020__c90z7wb_0.png,IMD2020,0.0026322716504343247,0.0013178703215603585,0.11939523369073868
IMD2020__c90zh16_0.png,IMD2020,0.0,0.0,0.09612149000167847
IMD2020__c90zhs7_0.png,IMD2020,0.0,0.0,0.0036375350318849087
IMD2020__c90znhl_0.png,IMD2020,0.0,0.0,0.03575022518634796
IMD2020__c90znpe_0.png,IMD2020,0.0,0.0,0.05971831455826759
IMD2020__c910bn6_0.png,IMD2020,0.0,0.0,0.04137561097741127
IMD2020__c910i2y_0.png,IMD2020,0.0,0.0,0.0481429249048233
IMD2020__c910wxp_0.png,IMD2020,0.0,0.0,0.053060416132211685
IMD2020__c911e7z_0.png,IMD2020,0.0,0.0,0.06969943642616272
IMD2020__c911vlp_0.png,IMD2020,0.0,0.0,0.008735262788832188
IMD2020__c912un2_0.png,IMD2020,0.0,0.0,0.043010711669921875
IMD2020__c912yu8_0.png,IMD2020,0.0,0.0,0.05465399846434593
IMD2020__c9132um_0.png,IMD2020,0.0,0.0,0.07247889041900635
IMD2020__c91338s_0.png,IMD2020,0.0,0.0,0.019913919270038605
IMD2020__c91416c_0.png,IMD2020,0.0,0.0,0.048564761877059937
IMD2020__c9163k4_0.png,IMD2020,0.0,0.0,0.03486161679029465
IMD2020__c91681h_0.png,IMD2020,0.0,0.0,0.07241593301296234
IMD2020__c9187tg_0.png,IMD2020,0.0,0.0,0.015764884650707245
IMD2020__c919ztm_0.png,IMD2020,0.0,0.0,0.043641142547130585
IMD2020__c91g0zs_0.png,IMD2020,0.0,0.0,0.03888706862926483
IMD2020__c91g223_0.png,IMD2020,0.0,0.0,0.04102008044719696
IMD2020__c91gqec_0.png,IMD2020,0.0,0.0,0.15850503742694855
IMD2020__c91gxlz_0.png,IMD2020,0.0,0.0,0.41628244519233704
IMD2020__c91h0oh_0.png,IMD2020,0.0,0.0,0.1207118034362793
IMD2020__c91h8oi_0.png,IMD2020,0.0,0.0,0.0649481937289238
IMD2020__c91hclm_0.png,IMD2020,0.0,0.0,0.22471022605895996
IMD2020__c91js2j_0.png,IMD2020,0.0,0.0,0.11292161792516708
IMD2020__c91kvfk_0.png,IMD2020,0.0,0.0,0.07511668652296066
IMD2020__c91lgra_0.png,IMD2020,0.0,0.0,0.04942382872104645
IMD2020__c91lxbv_0.png,IMD2020,0.0,0.0,0.009809164330363274
IMD2020__c91mttb_0.png,IMD2020,0.0,0.0,0.17921212315559387
IMD2020__c91nl9x_0.png,IMD2020,0.0,0.0,0.3567628860473633
IMD2020__c91o1ca_0.png,IMD2020,0.0,0.0,0.09931516647338867
IMD2020__c91o8wl_0.png,IMD2020,0.0,0.0,0.09831038862466812
IMD2020__c91oecj_0.png,IMD2020,0.0,0.0,0.05935171619057655
IMD2020__c91ot4e_0.png,IMD2020,0.0,0.0,0.049155816435813904
IMD2020__c91pkp5_0.png,IMD2020,0.0,0.0,0.08648714423179626
IMD2020__c91qncg_0.png,IMD2020,0.0,0.0,0.031570348888635635
IMD2020__c91s2tg_0.png,IMD2020,0.0,0.0,0.35291460156440735
IMD2020__c91t61z_0.png,IMD2020,0.0,0.0,0.017498860135674477
IMD2020__c91tgga_0.png,IMD2020,0.0,0.0,0.09486477077007294
IMD2020__c91ujvf_0.png,IMD2020,0.0,0.0,0.013002291321754456
IMD2020__c91wof4_0.png,IMD2020,0.0,0.0,0.10726041346788406
IMD2020__c91x9y7_0.png,IMD2020,0.0,0.0,0.022308381274342537
IMD2020__c91z2wh_0.png,IMD2020,0.0,0.0,0.09375781565904617
IMD2020__c923dj8_0.png,IMD2020,0.0,0.0,0.14728181064128876
IMD2020__c925i21_0.png,IMD2020,0.0,0.0,0.11635816842317581
IMD2020__c9266q1_0.png,IMD2020,0.0,0.0,0.003804377978667617
IMD2020__c926it4_0.png,IMD2020,0.0,0.0,0.03370746970176697
IMD2020__c928dvs_0.png,IMD2020,0.0,0.0,0.07491381466388702
IMD2020__c928p9k_0.png,IMD2020,0.0,0.0,0.04244364798069
IMD2020__c928z82_0.png,IMD2020,0.0,0.0,0.3170592188835144
IMD2020__c929k2x_0.png,IMD2020,0.0,0.0,0.012777050025761127
IMD2020__c929r39_0.png,IMD2020,0.0,0.0,0.05343521758913994
IMD2020__c92a3eh_0.png,IMD2020,0.0,0.0,0.009995070286095142
IMD2020__c92ai3g_0.png,IMD2020,0.0,0.0,0.055530354380607605
IMD2020__c92ansy_0.png,IMD2020,0.0,0.0,0.08535927534103394
IMD2020__c92atfy_0.png,IMD2020,0.0,0.0,0.1992211937904358
IMD2020__c92b5tv_0.png,IMD2020,0.0,0.0,0.025389323011040688
IMD2020__c92be1o_0.png,IMD2020,0.0,0.0,0.0676085352897644
IMD2020__c92cabj_0.png,IMD2020,0.0,0.0,0.08820384740829468
IMD2020__c92cbi6_0.png,IMD2020,0.0,0.0,0.00034947152016684413
IMD2020__c92cltu_0.png,IMD2020,0.0,0.0,0.05741577595472336
IMD2020__c92coio_0.png,IMD2020,0.0,0.0,0.1116499975323677
IMD2020__c92df1g_0.png,IMD2020,0.0,0.0,0.011354926973581314
IMD2020__c92dfhw_0.png,IMD2020,0.0,0.0,0.1571114957332611
IMD2020__c92dgp0_0.png,IMD2020,0.0,0.0,0.2991093397140503
IMD2020__c92dxhr_0.png,IMD2020,0.0,0.0,0.08962737768888474
IMD2020__c92dy1z_0.png,IMD2020,0.0,0.0,0.15293855965137482
IMD2020__c92ebc2_0.png,IMD2020,0.0,0.0,0.21084149181842804
IMD2020__c92eu2z_0.png,IMD2020,0.0,0.0,0.028208592906594276
IMD2020__c92fby0_0.png,IMD2020,0.0,0.0,0.15142394602298737
IMD2020__c92glob_0.png,IMD2020,0.0,0.0,0.003313877386972308
IMD2020__c92gt3h_0.png,IMD2020,0.0,0.0,0.02991081401705742
IMD2020__c92gvqy_0.png,IMD2020,0.0,0.0,0.0011540136765688658
IMD2020__c92hrf9_0.png,IMD2020,0.0,0.0,0.09462738037109375
IMD2020__c92hsr5_0.png,IMD2020,0.0,0.0,0.007506080437451601
IMD2020__c92jm4u_0.png,IMD2020,0.0,0.0,0.012712894938886166
IMD2020__c92lydr_0.png,IMD2020,0.0,0.0,0.010021289810538292
IMD2020__c92m6qm_0.png,IMD2020,0.0,0.0,0.030076151713728905
IMD2020__c92n9gt_0.png,IMD2020,0.0,0.0,0.015768498182296753
IMD2020__c92nwb3_0.png,IMD2020,0.0,0.0,0.009151333011686802
IMD2020__c92onbn_0.png,IMD2020,0.0,0.0,0.017304029315710068
IMD2020__c92p68x_0.png,IMD2020,0.0,0.0,0.018898168578743935
IMD2020__c92pqca_0.png,IMD2020,0.0,0.0,0.10320933908224106
IMD2020__c92psdg_0.png,IMD2020,0.0,0.0,0.025327472016215324
IMD2020__c92q0xi_0.png,IMD2020,0.0,0.0,0.07971452921628952
IMD2020__c92q0yd_0.png,IMD2020,0.0,0.0,0.08278804272413254
IMD2020__c92q18a_0.png,IMD2020,0.0,0.0,0.12557843327522278
IMD2020__c92q42b_0.png,IMD2020,0.0,0.0,0.00558827817440033
IMD2020__c92q4n1_0.png,IMD2020,0.0,0.0,0.06079142540693283
IMD2020__c92qfqu_0.png,IMD2020,0.0,0.0,0.044495660811662674
IMD2020__c92qgq8_0.png,IMD2020,0.0,0.0,0.13356232643127441
IMD2020__c92qhl9_0.png,IMD2020,0.0,0.0,0.04499633610248566
IMD2020__c92qjd8_0.png,IMD2020,0.0,0.0,0.12391208857297897
IMD2020__c92qres_0.png,IMD2020,0.0,0.0,0.05011687055230141
IMD2020__c92qw48_0.png,IMD2020,0.0,0.0,0.016668131574988365
IMD2020__c92qy35_0.png,IMD2020,0.0,0.0,0.23831629753112793
IMD2020__c92rwnu_0.png,IMD2020,0.0,0.0,0.02043662965297699
IMD2020__c92s0oq_0.png,IMD2020,0.0,0.0,0.025126805528998375
IMD2020__c92s1zk_0.png,IMD2020,0.0,0.0,0.05471836403012276
IMD2020__c92slcj_0.png,IMD2020,0.0,0.0,0.04795897379517555
IMD2020__c92sqgw_0.png,IMD2020,0.0,0.0,0.0005245421198196709
IMD2020__c92urd0_0.png,IMD2020,0.0,0.0,0.03676190599799156
IMD2020__c92us74_0.png,IMD2020,0.0,0.0,0.006242284085601568
IMD2020__c92uvo3_0.png,IMD2020,0.0,0.0,0.025597069412469864
IMD2020__c92v7b9_0.png,IMD2020,0.0,0.0,0.018017692491412163
IMD2020__c92va3t_0.png,IMD2020,0.0,0.0,0.003553030313923955
IMD2020__c92vi3h_0.png,IMD2020,0.0,0.0,0.0034722222480922937
IMD2020__c92vzrm_0.png,IMD2020,0.0,0.0,0.14342999458312988
IMD2020__c92wjsi_0.png,IMD2020,0.0,0.0,0.0075670997612178326
IMD2020__c92wo0u_0.png,IMD2020,0.0,0.0,0.036528512835502625
IMD2020__c92xk95_0.png,IMD2020,0.0,0.0,0.019702931866049767
IMD2020__c92zq41_0.png,IMD2020,0.0,0.0,0.039086323231458664
IMD2020__c92zvkq_0.png,IMD2020,0.0,0.0,0.0449320487678051
IMD2020__c9306r3_0.png,IMD2020,0.0,0.0,0.0219904575496912
IMD2020__c930c3q_0.png,IMD2020,0.0,0.0,0.049648042768239975
IMD2020__c930hby_0.png,IMD2020,0.0,0.0,0.0004073863092344254
IMD2020__c933r08_0.png,IMD2020,0.0,0.0,0.029283786192536354
IMD2020__c934im7_0.png,IMD2020,0.0,0.0,0.033553242683410645
IMD2020__c9350xa_0.png,IMD2020,0.0,0.0,0.0447901226580143
IMD2020__c935hvo_0.png,IMD2020,0.0,0.0,0.18008999526500702
IMD2020__c935n1j_0.png,IMD2020,0.0,0.0,0.17457693815231323
IMD2020__c935pb2_0.png,IMD2020,0.0,0.0,0.14121441543102264
IMD2020__c936lfy_0.png,IMD2020,0.0,0.0,0.052085381001234055
IMD2020__c936xo5_0.png,IMD2020,0.0,0.0,0.014438627287745476
IMD2020__c938omt_0.png,IMD2020,0.0,0.0,0.025705402716994286
IMD2020__c93czl5_0.png,IMD2020,0.0,0.0,0.10340800136327744
IMD2020__c93e2q1_0.png,IMD2020,0.0,0.0,0.13288581371307373
IMD2020__c93ewwm_0.png,IMD2020,0.0,0.0,0.0056014880537986755
IMD2020__c93f747_0.png,IMD2020,0.0,0.0,0.05830586329102516
IMD2020__c93ft3o_0.png,IMD2020,0.0,0.0,0.22224609553813934
IMD2020__c93g8n1_0.png,IMD2020,0.0,0.0,0.07624434679746628
IMD2020__c93gd4c_0.png,IMD2020,0.0,0.0,0.06691999733448029
IMD2020__c93gg4y_0.png,IMD2020,0.0,0.0,0.11712048947811127
IMD2020__c93gtrk_0.png,IMD2020,0.0,0.0,0.04655611887574196
IMD2020__c93hbzp_0.png,IMD2020,0.0,0.0,0.05831129103899002
IMD2020__c93hgyn_0.png,IMD2020,0.0,0.0,0.25094354152679443
IMD2020__c93hwyp_0.png,IMD2020,0.0,0.0,0.3351716697216034
IMD2020__c93i12g_0.png,IMD2020,0.0,0.0,0.03863612189888954
IMD2020__c93idi8_0.png,IMD2020,0.0,0.0,0.07947444170713425
IMD2020__c93ie4w_0.png,IMD2020,0.0,0.0,0.12185028195381165
IMD2020__c93is7s_0.png,IMD2020,0.0,0.0,0.03815843164920807
IMD2020__c93j7x2_0.png,IMD2020,0.0,0.0,0.00544044328853488
IMD2020__c93k770_0.png,IMD2020,0.0,0.0,0.03336302191019058
IMD2020__c93kbyf_0.png,IMD2020,0.0,0.0,0.005128738470375538
IMD2020__c93l76u_0.png,IMD2020,0.0,0.0,0.16034553945064545
IMD2020__c93ls41_0.png,IMD2020,0.0,0.0,0.04016092047095299
IMD2020__c93me8y_0.png,IMD2020,0.0,0.0,0.10389044880867004
IMD2020__c93mz9d_0.png,IMD2020,0.0,0.0,0.1832442432641983
IMD2020__c93p653_0.png,IMD2020,0.0,0.0,0.028284825384616852
IMD2020__c93yj46_0.png,IMD2020,0.0,0.0,0.026359308511018753
IMD2020__c93yxq8_0.png,IMD2020,0.0,0.0,0.0946744754910469
IMD2020__c93z6zn_0.png,IMD2020,0.0,0.0,0.036564022302627563
IMD2020__c93zcf5_0.png,IMD2020,0.0,0.0,0.015622409991919994
IMD2020__c93zetz_0.png,IMD2020,0.0,0.0,0.0029604167211800814
IMD2020__c940xti_0.png,IMD2020,0.0,0.0,0.060194049030542374
IMD2020__c9418yh_0.png,IMD2020,0.0,0.0,0.013824705965816975
IMD2020__c942gr7_0.png,IMD2020,0.0,0.0,0.07481992989778519
IMD2020__c942wsd_0.png,IMD2020,0.0,0.0,0.031058313325047493
IMD2020__c944h7f_0.png,IMD2020,0.0,0.0,0.020098045468330383
IMD2020__c944m4x_0.png,IMD2020,0.0,0.0,0.06520950794219971
IMD2020__c946fyh_0.png,IMD2020,0.0,0.0,0.14910897612571716
IMD2020__c9471hz_0.png,IMD2020,0.0,0.0,0.19770102202892303
IMD2020__c9479yq_0.png,IMD2020,0.0,0.0,0.05030689015984535
IMD2020__c947jvq_0.png,IMD2020,0.0,0.0,0.06030924618244171
IMD2020__c9482ja_0.png,IMD2020,0.0,0.0,0.057717639952898026
IMD2020__c948ak3_0.png,IMD2020,0.0,0.0,0.05268334224820137
IMD2020__c948hfr_0.png,IMD2020,0.0,0.0,0.0335947684943676
IMD2020__c948lks_0.png,IMD2020,0.0,0.0,0.10099733620882034
IMD2020__c948sr5_0.png,IMD2020,0.0,0.0,0.21081218123435974
IMD2020__c949b58_0.png,IMD2020,0.0,0.0,0.1623220443725586
IMD2020__c949n9f_0.png,IMD2020,0.0,0.0,0.025711430236697197
IMD2020__c949vtj_0.png,IMD2020,0.0,0.0,0.02967250719666481
IMD2020__c949wvr_0.png,IMD2020,0.0,0.0,0.027514949440956116
IMD2020__c949yvb_0.png,IMD2020,0.0,0.0,0.033448006957769394
IMD2020__c94a4qa_0.png,IMD2020,0.0,0.0,0.12665753066539764
IMD2020__c94amkh_0.png,IMD2020,0.0,0.0,0.02420406974852085
IMD2020__c94b087_0.png,IMD2020,0.0,0.0,0.20031870901584625
IMD2020__c94bbxr_0.png,IMD2020,0.0,0.0,0.10764551907777786
IMD2020__c94cmpk_0.png,IMD2020,0.0,0.0,0.0148404436185956
IMD2020__c94cpfe_0.png,IMD2020,0.0,0.0,0.05139521136879921
IMD2020__c94ctu2_0.png,IMD2020,0.0,0.0,0.031485963612794876
IMD2020__c94ddtu_0.png,IMD2020,0.0,0.0,8.515927765984088e-05
IMD2020__c94dlao_0.png,IMD2020,0.0,0.0,0.02617032080888748
IMD2020__c94e0w4_0.png,IMD2020,0.0,0.0,0.026190171018242836
IMD2020__c94ei0s_0.png,IMD2020,0.0,0.0,0.011675966903567314
IMD2020__c94ejp7_0.png,IMD2020,0.0,0.0,0.0044695534743368626
IMD2020__c94epq9_0.png,IMD2020,0.0,0.0,0.023453522473573685
IMD2020__c94f1jd_0.png,IMD2020,0.0,0.0,0.011967708356678486
IMD2020__c94f69a_0.png,IMD2020,0.0,0.0,0.03418873995542526
IMD2020__c94fett_0.png,IMD2020,0.0,0.0,0.03260676935315132
IMD2020__c94frqx_0.png,IMD2020,0.0,0.0,0.09536324441432953
IMD2020__c94fuqy_0.png,IMD2020,0.0,0.0,0.08373603969812393
IMD2020__c94fusp_0.png,IMD2020,0.0,0.0,0.09976103156805038
IMD2020__c94fzwl_0.png,IMD2020,0.0,0.0,0.04190082475543022
IMD2020__c94gj9u_0.png,IMD2020,0.0,0.0,0.09246750175952911
IMD2020__c94gwuu_0.png,IMD2020,0.0,0.0,0.03309847414493561
IMD2020__c94gx14_0.png,IMD2020,0.0,0.0,0.033847566694021225
IMD2020__c94h2qf_0.png,IMD2020,0.0,0.0,0.002534435363486409
IMD2020__c94i3fa_0.png,IMD2020,0.0,0.0,0.07776068896055222
IMD2020__c94ilwx_0.png,IMD2020,0.0,0.0,0.04420158639550209
IMD2020__c94kqhs_0.png,IMD2020,0.0,0.0,0.03333733230829239
IMD2020__c94l7xc_0.png,IMD2020,0.0,0.0,0.19221822917461395
IMD2020__c94m47r_0.png,IMD2020,0.0,0.0,0.007632592227309942
IMD2020__c94n3m0_0.png,IMD2020,0.0,0.0,0.3088085651397705
IMD2020__c94nt6e_0.png,IMD2020,0.0,0.0,0.09203537553548813
IMD2020__c94nvm9_0.png,IMD2020,0.0,0.0,0.005837264470756054
IMD2020__c94o4hp_0.png,IMD2020,0.0,0.0,0.03175044432282448
IMD2020__c94o5rb_0.png,IMD2020,0.0,0.0,0.06480468064546585
IMD2020__c94o928_0.png,IMD2020,0.0,0.0,0.007833333685994148
IMD2020__c94objl_0.png,IMD2020,0.0,0.0,0.10505891591310501
IMD2020__c94obyg_0.png,IMD2020,0.0,0.0,0.002990287495777011
IMD2020__c94odrd_0.png,IMD2020,0.0,0.0,0.13751912117004395
IMD2020__c94og9i_0.png,IMD2020,0.0,0.0,0.06715954095125198
IMD2020__c94ol6h_0.png,IMD2020,0.0,0.0,0.1491314172744751
IMD2020__c94onxp_0.png,IMD2020,0.0,0.0,0.011203746311366558
IMD2020__c94os8l_0.png,IMD2020,0.0,0.0,0.010938584804534912
IMD2020__c94otp8_0.png,IMD2020,0.0,0.0,0.038359757512807846
IMD2020__c94ouih_0.png,IMD2020,0.0,0.0,0.348605215549469
IMD2020__c94ov3d_0.png,IMD2020,0.0,0.0,0.0973997637629509
IMD2020__c94ovkm_0.png,IMD2020,0.0,0.0,0.062394529581069946
IMD2020__c94oxzj_0.png,IMD2020,0.0,0.0,0.012956349179148674
IMD2020__c94oyfj_0.png,IMD2020,0.0,0.0,0.08974826335906982
IMD2020__c94p9wa_0.png,IMD2020,0.0,0.0,0.03212765231728554
IMD2020__c94pe6g_0.png,IMD2020,0.0,0.0,0.016240233555436134
IMD2020__c94pnq5_0.png,IMD2020,0.0,0.0,0.19961214065551758
IMD2020__c94psva_0.png,IMD2020,0.0,0.0,0.10749445855617523
IMD2020__c94psxr_0.png,IMD2020,0.0,0.0,0.011610416695475578
IMD2020__c94pvw7_0.png,IMD2020,0.0,0.0,0.057757310569286346
IMD2020__c94pw6i_0.png,IMD2020,0.0,0.0,0.2394895851612091
IMD2020__c94q3kl_0.png,IMD2020,0.0,0.0,0.13236591219902039
IMD2020__c94q8ji_0.png,IMD2020,0.0,0.0,0.00030024212901480496
IMD2020__c94qgem_0.png,IMD2020,0.0,0.0,0.12021604925394058
IMD2020__c94qh20_0.png,IMD2020,0.0,0.0,0.2130804806947708
IMD2020__c94qp39_0.png,IMD2020,0.0,0.0,0.016763733699917793
IMD2020__c94r82x_0.png,IMD2020,0.0,0.0,0.0019532209262251854
IMD2020__c94rqra_0.png,IMD2020,0.0,0.0,0.0049791401252150536
IMD2020__c94rx11_0.png,IMD2020,0.0,0.0,0.04228730872273445
IMD2020__c94s183_0.png,IMD2020,0.0,0.0,0.02876296266913414
IMD2020__c94s1ue_0.png,IMD2020,0.0,0.0,0.16420574486255646
IMD2020__c94s6nu_0.png,IMD2020,0.0,0.0,0.26754888892173767
IMD2020__c94scmh_0.png,IMD2020,0.0,0.0,0.060617245733737946
IMD2020__c94soye_0.png,IMD2020,0.0,0.0,0.014162790961563587
IMD2020__c94t7en_0.png,IMD2020,0.0,0.0,0.059063784778118134
IMD2020__c94tbw3_0.png,IMD2020,0.0,0.0,0.09966263920068741
IMD2020__c94ueeu_0.png,IMD2020,0.0,0.0,0.014375194907188416
IMD2020__c94vd78_0.png,IMD2020,0.0,0.0,0.03207883983850479
IMD2020__c94vln6_0.png,IMD2020,0.0,0.0,0.011054697446525097
IMD2020__c94vpjk_0.png,IMD2020,0.0,0.0,0.07240168750286102
IMD2020__c94waqq_0.png,IMD2020,0.0,0.0,0.020267629995942116
IMD2020__c94xd3q_0.png,IMD2020,0.0,0.0,0.02814728021621704
IMD2020__c94xgw2_0.png,IMD2020,0.0,0.0,0.07441684603691101
IMD2020__c94ygpb_0.png,IMD2020,0.0,0.0,0.02984839491546154
IMD2020__c94zspt_0.png,IMD2020,0.0,0.0,0.03088887594640255
IMD2020__c951j7v_0.png,IMD2020,0.0,0.0,0.09629838913679123
IMD2020__c952fpe_0.png,IMD2020,0.0,0.0,0.02112625166773796
IMD2020__c952g1p_0.png,IMD2020,0.0,0.0,0.061512600630521774
IMD2020__c952ngn_0.png,IMD2020,0.0,0.0,0.008418100886046886
IMD2020__c956eb7_0.png,IMD2020,0.0,0.0,0.06833545118570328
IMD2020__c956l7o_0.png,IMD2020,0.0,0.0,0.05311384052038193
IMD2020__c956q0k_0.png,IMD2020,0.0,0.0,0.00040027007344178855
IMD2020__c956yew_0.png,IMD2020,0.0,0.0,0.014716917648911476
IMD2020__c957j9n_0.png,IMD2020,0.0,0.0,0.006982060149312019
IMD2020__c957juh_0.png,IMD2020,0.0,0.0,0.06638465821743011
IMD2020__c957rl8_0.png,IMD2020,0.0,0.0,0.07128438353538513
IMD2020__c957wt6_0.png,IMD2020,0.0,0.0,0.03681101277470589
IMD2020__c957wve_0.png,IMD2020,0.0,0.0,0.02325519360601902
IMD2020__c957x7p_0.png,IMD2020,0.0,0.0,0.07344481348991394
IMD2020__c958b7f_0.png,IMD2020,0.0,0.0,0.032673101872205734
IMD2020__c958erg_0.png,IMD2020,0.0,0.0,0.03852284327149391
IMD2020__c958gik_0.png,IMD2020,0.0,0.0,0.017863130196928978
IMD2020__c958j97_0.png,IMD2020,0.0,0.0,0.07929887622594833
IMD2020__c9595sv_0.png,IMD2020,0.0,0.0,0.005961203947663307
IMD2020__c959a6e_0.png,IMD2020,0.0,0.0,0.01936469040811062
IMD2020__c95adiz_0.png,IMD2020,0.0,0.0,0.08036014437675476
IMD2020__c95aqlb_0.png,IMD2020,0.0,0.0,0.11557387560606003
IMD2020__c95biez_0.png,IMD2020,0.0,0.0,0.03727393597364426
IMD2020__c95c3yu_0.png,IMD2020,0.0,0.0,0.20701241493225098
IMD2020__c95flen_0.png,IMD2020,0.0,0.0,0.10242568701505661
IMD2020__c95ftu6_0.png,IMD2020,0.0,0.0,0.02811954729259014
IMD2020__c95fx63_0.png,IMD2020,0.0,0.0,0.2640325725078583
IMD2020__c95gd9r_0.png,IMD2020,0.0,0.0,0.19078890979290009
IMD2020__c95gjg9_0.png,IMD2020,0.0,0.0,0.04895314946770668
IMD2020__c95gkhl_0.png,IMD2020,0.0,0.0,0.04255000129342079
IMD2020__c95gz0y_0.png,IMD2020,0.0,0.0,0.021538132801651955
IMD2020__c95h4kd_0.png,IMD2020,0.0,0.0,0.1910436898469925
IMD2020__c95h6w7_0.png,IMD2020,0.0,0.0,0.021585416048765182
IMD2020__c95ho7w_0.png,IMD2020,0.0,0.0,0.2930240035057068
IMD2020__c95hsqp_0.png,IMD2020,0.0,0.0,0.05765208229422569
IMD2020__c95hyjq_0.png,IMD2020,0.0,0.0,0.05300132930278778
IMD2020__c95iajl_0.png,IMD2020,0.0,0.0,0.039231836795806885
IMD2020__c95illf_0.png,IMD2020,0.0,0.0,0.02800625003874302
IMD2020__c95j6gb_0.png,IMD2020,0.0,0.0,0.11247777938842773
IMD2020__c95je2e_0.png,IMD2020,0.0,0.0,0.04625000059604645
IMD2020__c95kdy8_0.png,IMD2020,0.0,0.0,0.12665638327598572
IMD2020__c95kras_0.png,IMD2020,0.0,0.0,0.03141041845083237
IMD2020__c95ku3b_0.png,IMD2020,0.0,0.0,0.060250699520111084
IMD2020__c95l9tm_0.png,IMD2020,0.0,0.0,0.04403069615364075
IMD2020__c95lr06_0.png,IMD2020,0.0,0.0,0.006232633255422115
IMD2020__c95lzlj_0.png,IMD2020,0.0,0.0,0.020383333787322044
IMD2020__c95m7eb_0.png,IMD2020,0.0,0.0,0.048635415732860565
IMD2020__c95mkhb_0.png,IMD2020,0.0,0.0,0.014329563826322556
IMD2020__c95mu70_0.png,IMD2020,0.0,0.0,0.018924999982118607
IMD2020__c95nmhg_0.png,IMD2020,0.0,0.0,0.05511913076043129
IMD2020__c95o67f_0.png,IMD2020,0.0,0.0,0.044577084481716156
IMD2020__c95occz_0.png,IMD2020,0.0,0.0,0.1475280523300171
IMD2020__c95qbrf_0.png,IMD2020,0.0,0.0,0.15041621029376984
IMD2020__c95srb7_0.png,IMD2020,0.0,0.0,0.07170524448156357
IMD2020__c95t0d9_0.png,IMD2020,0.0,0.0,0.17512166500091553
IMD2020__c95ugiv_0.png,IMD2020,0.0,0.0,0.15732413530349731
IMD2020__c95utnm_0.png,IMD2020,0.0,0.0,0.026948001235723495
IMD2020__c95uufr_0.png,IMD2020,0.0,0.0,0.044201821088790894
IMD2020__c95uyty_0.png,IMD2020,0.0,0.0,0.03515459597110748
IMD2020__c95wc8c_0.png,IMD2020,0.0,0.0,0.036230359226465225
IMD2020__c95wl0v_0.png,IMD2020,0.0,0.0,0.01089785061776638
IMD2020__c95woiz_0.png,IMD2020,0.0,0.0,0.18148554861545563
IMD2020__c95xmd0_0.png,IMD2020,0.0,0.0,0.02683807723224163
IMD2020__c95y02z_0.png,IMD2020,0.0,0.0,0.18335162103176117
IMD2020__c95z458_0.png,IMD2020,0.0,0.0,0.09519392251968384
IMD2020__c966md3_0.png,IMD2020,0.0,0.0,0.02135721780359745
IMD2020__c967vk6_0.png,IMD2020,0.0,0.0,0.11684081703424454
IMD2020__c9684z1_0.png,IMD2020,0.0,0.0,0.03685547038912773
IMD2020__c9689r9_0.png,IMD2020,0.0,0.0,0.08022642880678177
IMD2020__c968kn0_0.png,IMD2020,0.0,0.0,0.01785135082900524
IMD2020__c968obk_0.png,IMD2020,0.0,0.0,0.04420003294944763
IMD2020__c968udn_0.png,IMD2020,0.0,0.0,0.21043294668197632
IMD2020__c968x5d_0.png,IMD2020,0.0,0.0,0.021478991955518723
IMD2020__c96bh08_0.png,IMD2020,0.0,0.0,0.20493750274181366
IMD2020__c96blfp_0.png,IMD2020,0.0,0.0,0.08964591473340988
IMD2020__c96c40d_0.png,IMD2020,0.0,0.0,0.021094869822263718
IMD2020__c96c9hk_0.png,IMD2020,0.0,0.0,0.014866666868329048
IMD2020__c96cbvq_0.png,IMD2020,0.0,0.0,0.19158831238746643
IMD2020__c96cglv_0.png,IMD2020,0.0,0.0,0.23587290942668915
IMD2020__c96cha8_0.png,IMD2020,0.0,0.0,0.017431331798434258
IMD2020__c96chir_0.png,IMD2020,0.0,0.0,0.08494757860898972
IMD2020__c96d4mq_0.png,IMD2020,0.0,0.0,0.01942235603928566
IMD2020__c96d5la_0.png,IMD2020,0.0,0.0,0.021285416558384895
IMD2020__c96dewj_0.png,IMD2020,0.0,0.0,0.03192215412855148
IMD2020__c96dfr7_0.png,IMD2020,0.0,0.0,0.06873541325330734
IMD2020__c96dm5n_0.png,IMD2020,0.0,0.0,0.07283825427293777
IMD2020__c96ese6_0.png,IMD2020,0.0,0.0,0.05241280794143677
IMD2020__c96euuf_0.png,IMD2020,0.0,0.0,0.07943583279848099
IMD2020__c96jvav_0.png,IMD2020,0.0,0.0,0.05157708376646042
IMD2020__c96qatb_0.png,IMD2020,0.0,0.0,0.0016515528550371528
IMD2020__c96z6j0_0.png,IMD2020,0.0,0.0,0.042942989617586136
IMD2020__c96zee9_0.png,IMD2020,0.0,0.0,0.031062403693795204
IMD2020__c96zxum_0.png,IMD2020,0.0,0.0,0.04030553624033928
IMD2020__c9705ty_0.png,IMD2020,0.0,0.0,0.013664701953530312
IMD2020__c970m97_0.png,IMD2020,0.0,0.0,0.05007750540971756
IMD2020__c970mrg_0.png,IMD2020,0.0,0.0,0.01228963304311037
IMD2020__c970ssc_0.png,IMD2020,0.0,0.0,0.10107096284627914
IMD2020__c970wej_0.png,IMD2020,0.0,0.0,0.05584783852100372
IMD2020__c970x7m_0.png,IMD2020,0.0,0.0,0.008691404946148396
IMD2020__c9724qm_0.png,IMD2020,0.0,0.0,0.19314062595367432
IMD2020__c9729qx_0.png,IMD2020,0.0,0.0,0.15046565234661102
IMD2020__c972iqs_0.png,IMD2020,0.0,0.0,0.08011014014482498
IMD2020__c972p3n_0.png,IMD2020,0.0,0.0,0.15325947105884552
IMD2020__c972y81_0.png,IMD2020,0.0,0.0,0.04054848477244377
IMD2020__c973pl2_0.png,IMD2020,0.0,0.0,0.0720975250005722
IMD2020__c976lta_0.png,IMD2020,0.0,0.0,0.0683840736746788
IMD2020__c978035_0.png,IMD2020,0.0,0.0,0.014306318014860153
IMD2020__c978nfj_0.png,IMD2020,0.0,0.0,0.12326555699110031
IMD2020__c979ed6_0.png,IMD2020,0.0,0.0,0.23070737719535828
IMD2020__c979h5q_0.png,IMD2020,0.0,0.0,0.002125117229297757
IMD2020__c979ib3_0.png,IMD2020,0.0,0.0,0.023252341896295547
IMD2020__c979s43_0.png,IMD2020,0.0,0.0,0.009962670505046844
IMD2020__c97ai36_0.png,IMD2020,0.0,0.0,0.07561565935611725
IMD2020__c97ffgf_0.png,IMD2020,0.0,0.0,0.019571220502257347
IMD2020__c97g287_0.png,IMD2020,0.0,0.0,0.04950609430670738
IMD2020__c97gn0w_0.png,IMD2020,0.0,0.0,0.12729007005691528
IMD2020__c97jfxe_0.png,IMD2020,0.0,0.0,0.16090404987335205
IMD2020__c97knp0_0.png,IMD2020,0.0,0.0,0.11049873381853104
IMD2020__c97l4h2_0.png,IMD2020,0.0,0.0,0.16593636572360992
IMD2020__c97mvm4_0.png,IMD2020,0.0,0.0,0.015287422575056553
IMD2020__c97n72x_0.png,IMD2020,0.0,0.0,0.041799627244472504
IMD2020__c97nhib_0.png,IMD2020,0.0,0.0,0.12134749442338943
IMD2020__c97npfo_0.png,IMD2020,0.0,0.0,0.0930192768573761
IMD2020__c97nvx1_0.png,IMD2020,0.0,0.0,0.008310875855386257
IMD2020__c97ofea_0.png,IMD2020,0.0,0.0,0.092144675552845
IMD2020__c97ot02_0.png,IMD2020,0.0,0.0,0.31481853127479553
IMD2020__c97p12w_0.png,IMD2020,0.0,0.0,0.042004380375146866
IMD2020__c97p9cf_0.png,IMD2020,0.0,0.0,0.0098586929962039
IMD2020__c97pbie_0.png,IMD2020,0.0,0.0,0.06492488831281662
IMD2020__c97pme4_0.png,IMD2020,0.0,0.0,0.012019761838018894
IMD2020__c97qfid_0.png,IMD2020,0.0,0.0,0.03632359206676483
IMD2020__c97qk9d_0.png,IMD2020,0.0,0.0,0.022289156913757324
IMD2020__c97qqbo_0.png,IMD2020,0.0,0.0,0.033200521022081375
IMD2020__c97qv4m_0.png,IMD2020,0.0,0.0,0.012740112841129303
IMD2020__c97qyg0_0.png,IMD2020,0.0,0.0,0.02002660371363163
IMD2020__c97rh7u_0.png,IMD2020,0.0,0.0,0.05596638470888138
IMD2020__c97rkx9_0.png,IMD2020,0.0,0.0,0.0032752901315689087
IMD2020__c97shkd_0.png,IMD2020,0.0,0.0,0.07209579646587372
IMD2020__c97sv42_0.png,IMD2020,0.0,0.0,0.004836926702409983
IMD2020__c97te6m_0.png,IMD2020,0.0,0.0,0.007830638438463211
IMD2020__c97u2q9_0.png,IMD2020,0.0,0.0,0.019202597439289093
IMD2020__c97ub08_0.png,IMD2020,0.0,0.0,0.0567733496427536
IMD2020__c97up6j_0.png,IMD2020,0.0,0.0,0.020266635343432426
IMD2020__c97v6ia_0.png,IMD2020,0.0,0.0,0.06480444967746735
IMD2020__c97vf7q_0.png,IMD2020,0.0,0.0,0.2668893039226532
IMD2020__c97vlit_0.png,IMD2020,0.0,0.0,0.07980667054653168
IMD2020__c97xpjh_0.png,IMD2020,0.0,0.0,0.012859710492193699
IMD2020__c97zamq_0.png,IMD2020,0.0,0.0,0.053815148770809174
IMD2020__c980b28_0.png,IMD2020,0.0,0.0,0.02727147564291954
IMD2020__c980uto_0.png,IMD2020,0.0,0.0,0.067046158015728
IMD2020__c9813uk_0.png,IMD2020,0.0,0.0,0.04630476236343384
IMD2020__c9825wp_0.png,IMD2020,0.0,0.0,0.011365707032382488
IMD2020__c9829t7_0.png,IMD2020,0.0,0.0,0.054911110550165176
IMD2020__c985sf9_0.png,IMD2020,0.0,0.0,0.04300905764102936
IMD2020__c98625n_0.png,IMD2020,0.0,0.0,0.041793983429670334
IMD2020__c986lv8_0.png,IMD2020,0.0,0.0,0.026796875521540642
IMD2020__c986who_0.png,IMD2020,0.0,0.0,0.18825531005859375
IMD2020__c9876y4_0.png,IMD2020,0.0,0.0,0.2628996670246124
IMD2020__c987c52_0.png,IMD2020,0.0,0.0,0.1555398553609848
IMD2020__c987rum_0.png,IMD2020,0.0,0.0,0.017449624836444855
IMD2020__c98a70p_0.png,IMD2020,0.0,0.0,0.025927819311618805
IMD2020__c98aivj_0.png,IMD2020,0.0,0.0,0.005234731361269951
IMD2020__c98el2l_0.png,IMD2020,0.0,0.0,0.006662844214588404
IMD2020__c98iwaf_0.png,IMD2020,0.0,0.0,0.027708977460861206
IMD2020__c98jkof_0.png,IMD2020,0.0,0.0,0.03421995788812637
IMD2020__c98jpyg_0.png,IMD2020,0.0,0.0,0.14651019871234894
IMD2020__c98jqgu_0.png,IMD2020,0.0,0.0,0.03802351653575897
IMD2020__c98jxiu_0.png,IMD2020,0.0,0.0,0.09190022945404053
IMD2020__c98koeq_0.png,IMD2020,0.0,0.0,0.015602287836372852
IMD2020__c98lw0x_0.png,IMD2020,0.0,0.0,0.033311907202005386
IMD2020__c98mgs3_0.png,IMD2020,0.0,0.0,0.0015417087124660611
IMD2020__c98mhwt_0.png,IMD2020,0.0,0.0,0.008968460373580456
IMD2020__c98ojjv_0.png,IMD2020,0.0,0.0,0.09922800213098526
IMD2020__c98ovsv_0.png,IMD2020,0.0,0.0,0.021247999742627144
IMD2020__c98ow2q_0.png,IMD2020,0.0,0.0,0.04671377316117287
IMD2020__c98qf1y_0.png,IMD2020,0.0,0.0,0.16988138854503632
IMD2020__c98qgm4_0.png,IMD2020,0.0,0.0,0.009019097313284874
IMD2020__c98rtgo_0.png,IMD2020,0.0,0.0,0.015325319021940231
IMD2020__c98s4at_0.png,IMD2020,0.0,0.0,0.005051359999924898
IMD2020__c98s7f2_0.png,IMD2020,0.0,0.0,0.02139066345989704
IMD2020__c98scja_0.png,IMD2020,0.0,0.0,0.03137744218111038
IMD2020__c98sd8w_0.png,IMD2020,0.0,0.0,0.07328461110591888
IMD2020__c98trtt_0.png,IMD2020,0.0,0.0,0.1570930927991867
IMD2020__c98urai_0.png,IMD2020,0.0,0.0,0.13884036242961884
IMD2020__c98uwak_0.png,IMD2020,0.0,0.0,0.05108562111854553
IMD2020__c98wx7s_0.png,IMD2020,0.0,0.0,0.0804496631026268
IMD2020__c98x46e_0.png,IMD2020,0.0,0.0,0.2991834580898285
IMD2020__c990uno_0.png,IMD2020,0.0,0.0,0.19207917153835297
IMD2020__c990v3g_0.png,IMD2020,0.0,0.0,0.13212701678276062
IMD2020__c991rvp_0.png,IMD2020,0.0,0.0,0.04170073941349983
IMD2020__c992737_0.png,IMD2020,0.0,0.0,0.23222270607948303
IMD2020__c9929g3_0.png,IMD2020,0.0,0.0,0.05665833503007889
IMD2020__c992d5i_0.png,IMD2020,0.0,0.0,0.0409221388399601
IMD2020__c992enl_0.png,IMD2020,0.0,0.0,0.21847759187221527
IMD2020__c992u19_0.png,IMD2020,0.0,0.0,0.06644231081008911
IMD2020__c99303g_0.png,IMD2020,0.0,0.0,0.0005252489354461432
IMD2020__c993h77_0.png,IMD2020,0.0,0.0,0.07123397290706635
IMD2020__c993kz0_0.png,IMD2020,0.0,0.0,0.007862730883061886
IMD2020__c993qje_0.png,IMD2020,0.0,0.0,0.1843269169330597
IMD2020__c993ui8_0.png,IMD2020,0.0,0.0,0.17039147019386292
IMD2020__c993w8d_0.png,IMD2020,0.0,0.0,0.08392033725976944
IMD2020__c9948kv_0.png,IMD2020,0.0,0.0,0.08462873846292496
IMD2020__c9948nw_0.png,IMD2020,0.0,0.0,0.13588544726371765
IMD2020__c994ew8_0.png,IMD2020,0.0,0.0,0.20493939518928528
IMD2020__c994oht_0.png,IMD2020,0.0,0.0,0.20038460195064545
IMD2020__c99548p_0.png,IMD2020,0.0,0.0,0.020839495584368706
IMD2020__c995efy_0.png,IMD2020,0.0,0.0,0.23669232428073883
IMD2020__c995ny6_0.png,IMD2020,0.0,0.0,0.3140033185482025
IMD2020__c995td6_0.png,IMD2020,0.0,0.0,0.18303686380386353
IMD2020__c9969lr_0.png,IMD2020,0.0,0.0,0.019393697381019592
IMD2020__c9969p0_0.png,IMD2020,0.0,0.0,0.005587606690824032
IMD2020__c996msq_0.png,IMD2020,0.0,0.0,0.07430186867713928
IMD2020__c9977lj_0.png,IMD2020,0.0,0.0,0.0505698136985302
IMD2020__c9981l7_0.png,IMD2020,0.0,0.0,0.07297810167074203
IMD2020__c998fw2_0.png,IMD2020,0.0,0.0,0.04256143048405647
IMD2020__c998ytl_0.png,IMD2020,0.0,0.0,0.049568187445402145
IMD2020__c9996ea_0.png,IMD2020,0.0,0.0,0.01610514149069786
IMD2020__c99ae5w_0.png,IMD2020,0.0,0.0,0.10087873786687851
IMD2020__c99b3oc_0.png,IMD2020,0.0,0.0,0.09044153988361359
IMD2020__c99bj65_0.png,IMD2020,0.0,0.0,0.09466613084077835
IMD2020__c99bz7g_0.png,IMD2020,0.0,0.0,0.05472264811396599
IMD2020__c99d1yy_0.png,IMD2020,0.0,0.0,0.26259616017341614
IMD2020__c99fjx6_0.png,IMD2020,0.0,0.0,0.10673502832651138
IMD2020__c99g3y1_0.png,IMD2020,0.0,0.0,0.008892837911844254
IMD2020__c99g8d8_0.png,IMD2020,0.0,0.0,0.013211631216108799
IMD2020__c99gb54_0.png,IMD2020,0.0,0.0,0.003142903558909893
IMD2020__c99gesu_0.png,IMD2020,0.0,0.0,0.14256219565868378
IMD2020__c99grkg_0.png,IMD2020,0.0,0.0,0.08690584450960159
IMD2020__c99hbe0_0.png,IMD2020,0.0,0.0,0.024689126759767532
IMD2020__c99hkdk_0.png,IMD2020,0.0,0.0,0.1449761539697647
IMD2020__c99hksz_0.png,IMD2020,0.0,0.0,0.06167544424533844
IMD2020__c99i7gc_0.png,IMD2020,0.0,0.0,0.04725363478064537
IMD2020__c99ilht_0.png,IMD2020,0.0,0.0,0.19408130645751953
IMD2020__c99ixjq_0.png,IMD2020,0.0,0.0,0.06473469734191895
IMD2020__c99k5bh_0.png,IMD2020,0.0,0.0,0.05380360782146454
IMD2020__c99lb7m_0.png,IMD2020,0.0,0.0,0.021011805161833763
IMD2020__c99lcrp_0.png,IMD2020,0.0,0.0,0.10104396939277649
IMD2020__c99ll0f_0.png,IMD2020,0.0,0.0,0.015786752104759216
IMD2020__c99lrlg_0.png,IMD2020,0.0,0.0,0.034171875566244125
IMD2020__c99meyn_0.png,IMD2020,0.0,0.0,0.1344921886920929
IMD2020__c99mhvd_0.png,IMD2020,0.0,0.0,0.018748372793197632
IMD2020__c99ml73_0.png,IMD2020,0.0,0.0,0.027135416865348816
IMD2020__c99msoi_0.png,IMD2020,0.0,0.0,0.016298828646540642
IMD2020__c99par4_0.png,IMD2020,0.0,0.0,0.032288409769535065
IMD2020__c99pq37_0.png,IMD2020,0.0,0.0,0.11232410371303558
IMD2020__c99s1ad_0.png,IMD2020,0.0,0.0,0.053847867995500565
IMD2020__c99twh4_0.png,IMD2020,0.0,0.0,0.0839790552854538
IMD2020__c99utti_0.png,IMD2020,0.0,0.0,0.003461917396634817
IMD2020__c99v20p_0.png,IMD2020,0.0,0.0,0.03898472338914871
IMD2020__c99wbld_0.png,IMD2020,0.0,0.0,0.01354758720844984
IMD2020__c99wogs_0.png,IMD2020,0.0,0.0,0.021756842732429504
IMD2020__c99wyrv_0.png,IMD2020,0.0,0.0,0.05119791626930237
IMD2020__c99x7l6_0.png,IMD2020,0.0,0.0,0.016781622543931007
IMD2020__c99xlov_0.png,IMD2020,0.0,0.0,0.10298451781272888
IMD2020__c99zfgf_0.png,IMD2020,0.0,0.0,0.12212401628494263
IMD2020__c99zuvu_0.png,IMD2020,0.0,0.0,0.033979590982198715
IMD2020__c9a00lf_0.png,IMD2020,0.0,0.0,0.011632291600108147
IMD2020__c9a06ao_0.png,IMD2020,0.0,0.0,0.016274387016892433
IMD2020__c9a0d39_0.png,IMD2020,0.0,0.0,0.003853775095194578
IMD2020__c9a0df4_0.png,IMD2020,0.0,0.0,0.17359554767608643
IMD2020__c9a0ogm_0.png,IMD2020,0.0,0.0,0.17065082490444183
IMD2020__c9a0u7u_0.png,IMD2020,0.0,0.0,0.0029895834159106016
IMD2020__c9a0vxj_0.png,IMD2020,0.0,0.0,0.009298553690314293
IMD2020__c9a0wf8_0.png,IMD2020,0.0,0.0,0.019667740911245346
IMD2020__c9a13b5_0.png,IMD2020,0.0,0.0,0.027110660448670387
IMD2020__c9a16se_0.png,IMD2020,0.0,0.0,0.11375689506530762
IMD2020__c9a2q02_0.png,IMD2020,0.0,0.0,0.016249999403953552
IMD2020__c9a3qjw_0.png,IMD2020,0.0,0.0,0.011679166927933693
IMD2020__c9a43jm_0.png,IMD2020,0.0,0.0,0.031840626150369644
IMD2020__c9a5zop_0.png,IMD2020,0.0,0.0,0.04919515177607536
IMD2020__c9a6u1u_0.png,IMD2020,0.0,0.0,0.02837066724896431
IMD2020__c9aamu4_0.png,IMD2020,0.0,0.0,0.0071397568099200726
IMD2020__c9aati3_0.png,IMD2020,0.0,0.0,0.2907564342021942
IMD2020__c9abglu_0.png,IMD2020,0.0,0.0,0.030873389914631844
IMD2020__c9abrtp_0.png,IMD2020,0.0,0.0,0.15699797868728638
IMD2020__c9abx9g_0.png,IMD2020,0.0,0.0,0.004072627518326044
IMD2020__c9acbml_0.png,IMD2020,0.0,0.0,0.15155276656150818
IMD2020__c9aen56_0.png,IMD2020,0.0,0.0,0.06660808622837067
IMD2020__c9aeqqk_0.png,IMD2020,0.0,0.0,0.07003198564052582
IMD2020__c9af975_0.png,IMD2020,0.0,0.0,0.010137442499399185
IMD2020__c9afm8r_0.png,IMD2020,0.0,0.0,0.034893665462732315
IMD2020__c9ag2ll_0.png,IMD2020,0.0,0.0,0.06722945719957352
IMD2020__c9agnet_0.png,IMD2020,0.0,0.0,0.0061001344583928585
IMD2020__c9aj3nm_0.png,IMD2020,0.0,0.0,0.5002880096435547
IMD2020__c9ajz8e_0.png,IMD2020,0.0,0.0,0.0033254881855100393
IMD2020__c9alf9o_0.png,IMD2020,0.0,0.0,0.05309334769845009
IMD2020__c9alw3v_0.png,IMD2020,0.0,0.0,0.09783092886209488
IMD2020__c9amlei_0.png,IMD2020,0.0,0.0,0.03876224905252457
IMD2020__c9an6i7_0.png,IMD2020,0.0,0.0,0.10278970003128052
IMD2020__c9anb73_0.png,IMD2020,0.0,0.0,0.024920789524912834
IMD2020__c9ane75_0.png,IMD2020,0.0,0.0,0.027191799134016037
IMD2020__c9anple_0.png,IMD2020,0.0,0.0,0.07048873603343964
IMD2020__c9aq17o_0.png,IMD2020,0.0,0.0,0.013248804025352001
IMD2020__c9arquy_0.png,IMD2020,0.0,0.0,0.11198770254850388
IMD2020__c9atngk_0.png,IMD2020,0.0,0.0,0.046524837613105774
IMD2020__c9atqpq_0.png,IMD2020,0.0,0.0,0.059950754046440125
IMD2020__c9au1qa_0.png,IMD2020,0.0,0.0,0.009680250659584999
IMD2020__c9ax2ln_0.png,IMD2020,0.0,0.0,0.15442931652069092
IMD2020__c9axg8n_0.png,IMD2020,0.0,0.0,0.11785265803337097
IMD2020__c9axqrl_0.png,IMD2020,0.0,0.0,0.09247222542762756
IMD2020__c9ay9o7_0.png,IMD2020,0.0,0.0,0.10638750344514847
IMD2020__c9ayosx_0.png,IMD2020,0.0,0.0,0.041516631841659546
IMD2020__c9ayp33_0.png,IMD2020,0.0,0.0,0.023990606889128685
IMD2020__c9aysiu_0.png,IMD2020,0.0,0.0,0.008070709183812141
IMD2020__c9az9ha_0.png,IMD2020,0.0,0.0,0.0046084849163889885
IMD2020__c9azgqp_0.png,IMD2020,0.0,0.0,0.03792079910635948
IMD2020__c9b0gy6_0.png,IMD2020,0.0,0.0,0.0677981898188591
IMD2020__c9b0jbt_0.png,IMD2020,0.0,0.0,0.002535167383030057
IMD2020__c9b0mve_0.png,IMD2020,0.0,0.0,0.09224095195531845
IMD2020__c9b0xit_0.png,IMD2020,0.0,0.0,0.002809590892866254
IMD2020__c9b0yv0_0.png,IMD2020,0.0,0.0,0.0474158376455307
IMD2020__c9b10e8_0.png,IMD2020,0.0,0.0,0.21677538752555847
IMD2020__c9b11xy_0.png,IMD2020,0.0,0.0,0.020493216812610626
IMD2020__c9b2vt4_0.png,IMD2020,0.0,0.0,0.050898630172014236
IMD2020__c9b3g8m_0.png,IMD2020,0.0,0.0,0.0313093401491642
IMD2020__c9b6d4b_0.png,IMD2020,0.0,0.0,0.1523745208978653
IMD2020__c9b6ddb_0.png,IMD2020,0.0,0.0,0.07036925852298737
IMD2020__c9befb1_0.png,IMD2020,0.0,0.0,0.10977142304182053
IMD2020__c9bhen2_0.png,IMD2020,0.0,0.0,0.007845333777368069
IMD2020__c9biybz_0.png,IMD2020,0.0,0.0,0.2516532838344574
IMD2020__c9bk4ex_0.png,IMD2020,0.0,0.0,0.031194666400551796
IMD2020__c9bk4fn_0.png,IMD2020,0.0,0.0,0.31432002782821655
IMD2020__c9bkfb3_0.png,IMD2020,0.0,0.0,0.02984430082142353
IMD2020__c9bl9ay_0.png,IMD2020,0.0,0.0,0.21718889474868774
IMD2020__c9bld2v_0.png,IMD2020,0.0,0.0,0.029917199164628983
IMD2020__c9bldbp_0.png,IMD2020,0.0,0.0,0.16628973186016083
IMD2020__c9bldch_0.png,IMD2020,0.0,0.0,0.008815432898700237
IMD2020__c9blqqz_0.png,IMD2020,0.0,0.0,0.17320473492145538
IMD2020__c9bly1t_0.png,IMD2020,0.0,0.0,0.00409193430095911
IMD2020__c9bm4rt_0.png,IMD2020,0.0,0.0,0.2004375010728836
IMD2020__c9bmply_0.png,IMD2020,0.0,0.0,0.4349198043346405
IMD2020__c9bmw1x_0.png,IMD2020,0.0,0.0,0.029269035905599594
IMD2020__c9bmy3r_0.png,IMD2020,0.0,0.0,0.33779168128967285
IMD2020__c9bn0uy_0.png,IMD2020,0.0,0.0,0.02529989182949066
IMD2020__c9bn5v6_0.png,IMD2020,0.0,0.0,0.020142707973718643
IMD2020__c9bn6ip_0.png,IMD2020,0.0,0.0,0.01274250540882349
IMD2020__c9bncio_0.png,IMD2020,0.0,0.0,0.01965520903468132
IMD2020__c9bns5o_0.png,IMD2020,0.0,0.0,0.2591041624546051
IMD2020__c9booko_0.png,IMD2020,0.0,0.0,0.004807163495570421
IMD2020__c9bp70d_0.png,IMD2020,0.0,0.0,0.33000868558883667
IMD2020__c9bq4ri_0.png,IMD2020,0.0,0.0,0.05367499962449074
IMD2020__c9bqr3l_0.png,IMD2020,0.0,0.0,0.012283452786505222
IMD2020__c9br8f7_0.png,IMD2020,0.0,0.0,0.028381386771798134
IMD2020__c9brtmx_0.png,IMD2020,0.0,0.0,0.006897883489727974
IMD2020__c9bse2z_0.png,IMD2020,0.0,0.0,0.15156862139701843
IMD2020__c9bt9ta_0.png,IMD2020,0.0,0.0,0.055054597556591034
IMD2020__c9bttk4_0.png,IMD2020,0.0,0.0,0.06054597720503807
IMD2020__c9bugf8_0.png,IMD2020,0.0,0.0,0.03505198284983635
IMD2020__c9bzbcq_0.png,IMD2020,0.0,0.0,0.08807671070098877
IMD2020__c9c4juu_0.png,IMD2020,0.0,0.0,0.33723703026771545
IMD2020__c9c75hs_0.png,IMD2020,0.0,0.0,0.0033113742247223854
IMD2020__c9c9t84_0.png,IMD2020,0.0,0.0,0.2830530107021332
IMD2020__c9ca1of_0.png,IMD2020,0.0,0.0,0.024878285825252533
IMD2020__c9cate8_0.png,IMD2020,0.0,0.0,0.16040100157260895
IMD2020__c9ccedw_0.png,IMD2020,0.0,0.0,0.18167853355407715
IMD2020__c9cd7xe_0.png,IMD2020,0.0,0.0,0.050663791596889496
IMD2020__c9cefz7_0.png,IMD2020,0.0,0.0,0.054749999195337296
IMD2020__c9ceg0w_0.png,IMD2020,0.0,0.0,0.021672504022717476
IMD2020__c9ceq9q_0.png,IMD2020,0.0,0.0,0.2326565533876419
IMD2020__c9ceql8_0.png,IMD2020,0.0,0.0,0.021056929603219032
IMD2020__c9cetkp_0.png,IMD2020,0.0,0.0,0.042035505175590515
IMD2020__c9cfhhv_0.png,IMD2020,0.0,0.0,0.024409640580415726
IMD2020__c9cgjfv_0.png,IMD2020,0.0,0.0,0.024800926446914673
IMD2020__c9cgnm5_0.png,IMD2020,0.0,0.0,0.008222385309636593
IMD2020__c9cgxt5_0.png,IMD2020,0.0,0.0,0.0027842679992318153
IMD2020__c9chbnh_0.png,IMD2020,0.0,0.0,0.06736250221729279
IMD2020__c9chqo0_0.png,IMD2020,0.0,0.0,0.012254738248884678
IMD2020__c9chzty_0.png,IMD2020,0.0,0.0,0.07658075541257858
IMD2020__c9chzux_0.png,IMD2020,0.0,0.0,0.1305614709854126
IMD2020__c9cilly_0.png,IMD2020,0.0,0.0,0.05051804333925247
IMD2020__c9cj5xa_0.png,IMD2020,0.0,0.0,0.003083032090216875
IMD2020__c9ck0j3_0.png,IMD2020,0.0,0.0,0.19307878613471985
IMD2020__c9cklgd_0.png,IMD2020,0.0,0.0,0.004814839456230402
IMD2020__c9ckx05_0.png,IMD2020,0.0,0.0,0.09472229331731796
IMD2020__c9clhtf_0.png,IMD2020,0.0,0.0,0.10667245090007782
IMD2020__c9clks3_0.png,IMD2020,0.0,0.0,0.06127145513892174
IMD2020__c9clmau_0.png,IMD2020,0.0,0.0,0.010843750089406967
IMD2020__c9clq8i_0.png,IMD2020,0.0,0.0,0.027708208188414574
IMD2020__c9clzrj_0.png,IMD2020,0.0,0.0,0.18484242260456085
IMD2020__c9cm5nk_0.png,IMD2020,0.0,0.0,0.018670886754989624
IMD2020__c9cm824_0.png,IMD2020,0.0,0.0,0.03265697881579399
IMD2020__c9cmdfe_0.png,IMD2020,0.0,0.0,0.06535413861274719
IMD2020__c9cml58_0.png,IMD2020,0.0,0.0,0.1570175588130951
IMD2020__c9cmtkc_0.png,IMD2020,0.0,0.0,0.011381739750504494
IMD2020__c9cnjtp_0.png,IMD2020,0.0,0.0,0.09637046605348587
IMD2020__c9cnkd2_0.png,IMD2020,0.0,0.0,0.057967811822891235
IMD2020__c9cnkxl_0.png,IMD2020,0.0,0.0,0.056313756853342056
IMD2020__c9cnst8_0.png,IMD2020,0.0,0.0,0.17271237075328827
IMD2020__c9cnv8n_0.png,IMD2020,0.0,0.0,0.12100166827440262
IMD2020__c9cnzf8_0.png,IMD2020,0.0,0.0,0.21104882657527924
IMD2020__c9co6ln_0.png,IMD2020,0.0,0.0,0.018391035497188568
IMD2020__c9cocnw_0.png,IMD2020,0.0,0.0,0.09509626030921936
IMD2020__c9codtz_0.png,IMD2020,0.0,0.0,0.09356190264225006
IMD2020__c9cofak_0.png,IMD2020,0.0,0.0,0.04147656261920929
IMD2020__c9cojnz_0.png,IMD2020,0.0,0.0,0.0545436292886734
IMD2020__c9coljf_0.png,IMD2020,0.0,0.0,0.09081006050109863
IMD2020__c9colrh_0.png,IMD2020,0.0,0.0,0.010145315900444984
IMD2020__c9con3s_0.png,IMD2020,0.0,0.0,0.053724341094493866
IMD2020__c9coy2n_0.png,IMD2020,0.0,0.0,0.09790588170289993
IMD2020__c9coynw_0.png,IMD2020,0.0,0.0,0.1984754055738449
IMD2020__c9cpev3_0.png,IMD2020,0.0,0.0,0.030996005982160568
IMD2020__c9cpohz_0.png,IMD2020,0.0,0.0,0.3082434833049774
IMD2020__c9cptn0_0.png,IMD2020,0.0,0.0,0.02317744493484497
IMD2020__c9cqfso_0.png,IMD2020,0.0,0.0,0.016683408990502357
IMD2020__c9cqodp_0.png,IMD2020,0.0,0.0,0.03329092264175415
IMD2020__c9cqpt2_0.png,IMD2020,0.0,0.0,0.10228212922811508
IMD2020__c9cqrf4_0.png,IMD2020,0.0,0.0,0.003984393086284399
IMD2020__c9crgzl_0.png,IMD2020,0.0,0.0,0.09045783430337906
IMD2020__c9crh2a_0.png,IMD2020,0.0,0.0,0.27561241388320923
IMD2020__c9cser1_0.png,IMD2020,0.0,0.0,0.17701397836208344
IMD2020__c9ct2jr_0.png,IMD2020,0.0,0.0,0.09731331467628479
IMD2020__c9cu6ad_0.png,IMD2020,0.0,0.0,0.0415511280298233
IMD2020__c9cu722_0.png,IMD2020,0.0,0.0,0.10049121826887131
IMD2020__c9cucm2_0.png,IMD2020,0.0,0.0,0.03844280540943146
IMD2020__c9cufxm_0.png,IMD2020,0.0,0.0,0.2330246865749359
IMD2020__c9cyjm5_0.png,IMD2020,0.0,0.0,0.015092729590833187
IMD2020__c9cysih_0.png,IMD2020,0.0,0.0,0.06778156012296677
IMD2020__c9czi34_0.png,IMD2020,0.0,0.0,0.007966406643390656
IMD2020__c9czkzr_0.png,IMD2020,0.0,0.0,0.001425537164323032
IMD2020__c9czl4x_0.png,IMD2020,0.0,0.0,0.04665125161409378
IMD2020__c9d09n3_0.png,IMD2020,0.0,0.0,0.03934374824166298
IMD2020__c9d0hcc_0.png,IMD2020,0.0,0.0,0.002476851921528578
IMD2020__c9d0vu3_0.png,IMD2020,0.0,0.0,0.05063765496015549
IMD2020__c9d1bek_0.png,IMD2020,0.0,0.0,0.28190943598747253
IMD2020__c9d1ut9_0.png,IMD2020,0.0,0.0,0.03525463119149208
IMD2020__c9d2odr_0.png,IMD2020,0.0,0.0,0.011141203343868256
IMD2020__c9d2t1a_0.png,IMD2020,0.0,0.0,0.14128422737121582
IMD2020__c9d37je_0.png,IMD2020,0.0,0.0,0.03874804452061653
IMD2020__c9d38jl_0.png,IMD2020,0.0,0.0,0.01933695562183857
IMD2020__c9d3l1c_0.png,IMD2020,0.0,0.0,0.1283423900604248
IMD2020__c9d41vh_0.png,IMD2020,0.0,0.0,0.16875439882278442
IMD2020__c9d4ljv_0.png,IMD2020,0.0,0.0,0.009501541964709759
IMD2020__c9d4vh2_0.png,IMD2020,0.0,0.0,0.05113198980689049
IMD2020__c9d56du_0.png,IMD2020,0.0,0.0,0.022283801808953285
IMD2020__c9d5i6n_0.png,IMD2020,0.0,0.0,0.06035347655415535
IMD2020__c9d5q6i_0.png,IMD2020,0.0,0.0,0.004858492873609066
IMD2020__c9d617b_0.png,IMD2020,0.0,0.0,0.0341208316385746
IMD2020__c9d6jfi_0.png,IMD2020,0.0,0.0,0.004644982051104307
IMD2020__c9d710z_0.png,IMD2020,0.0,0.0,0.03771379217505455
IMD2020__c9d78r8_0.png,IMD2020,0.0,0.0,0.01425571646541357
IMD2020__c9d7ags_0.png,IMD2020,0.0,0.0,0.08504856377840042
IMD2020__c9d7js8_0.png,IMD2020,0.0,0.0,0.13133101165294647
IMD2020__c9d7t09_0.png,IMD2020,0.0,0.0,0.013722515664994717
IMD2020__c9d81o3_0.png,IMD2020,0.0,0.0,0.07201261818408966
IMD2020__c9d9dft_0.png,IMD2020,0.0,0.0,0.14335298538208008
IMD2020__c9d9e1a_0.png,IMD2020,0.0,0.0,0.10471195727586746
IMD2020__c9d9pl9_0.png,IMD2020,0.0,0.0,0.0004912244039587677
IMD2020__c9db1wq_0.png,IMD2020,0.0,0.0,0.054343752562999725
IMD2020__c9db37a_0.png,IMD2020,0.0,0.0,0.07596148550510406
IMD2020__c9dc59i_0.png,IMD2020,0.0,0.0,0.002851562574505806
IMD2020__c9dcvq8_0.png,IMD2020,0.0,0.0,0.0024739056825637817
IMD2020__c9dcyjm_0.png,IMD2020,0.0,0.0,0.01852169819176197
IMD2020__c9dd24r_0.png,IMD2020,0.0,0.0,0.0049715908244252205
IMD2020__c9dem0q_0.png,IMD2020,0.0,0.0,0.021592430770397186
IMD2020__c9df1un_0.png,IMD2020,0.0,0.0,0.10768117010593414
IMD2020__c9dko71_0.png,IMD2020,0.0,0.0,0.0010854715947061777
IMD2020__c9dl0if_0.png,IMD2020,0.0,0.0,0.021445730701088905
IMD2020__c9dl27f_0.png,IMD2020,0.0,0.0,0.0823008194565773
IMD2020__c9dmses_0.png,IMD2020,0.0,0.0,0.03902657702565193
IMD2020__c9dnkas_0.png,IMD2020,0.0,0.0,0.021933237090706825
IMD2020__c9dnz7d_0.png,IMD2020,0.0,0.0,0.15000098943710327
IMD2020__c9do678_0.png,IMD2020,0.0,0.0,0.007096290588378906
IMD2020__c9do7hm_0.png,IMD2020,0.0,0.0,0.04386276379227638
IMD2020__c9dobg3_0.png,IMD2020,0.0,0.0,0.2584433853626251
IMD2020__c9dpamg_0.png,IMD2020,0.0,0.0,0.04869338870048523
IMD2020__c9dq7o6_0.png,IMD2020,0.0,0.0,0.01119867991656065
IMD2020__c9dqbbe_0.png,IMD2020,0.0,0.0,0.0071671805344522
IMD2020__c9dr5uk_0.png,IMD2020,0.0,0.0,0.29008230566978455
IMD2020__c9dr8ae_0.png,IMD2020,0.0,0.0,0.2566964328289032
IMD2020__c9drap5_0.png,IMD2020,0.0,0.0,0.05286203697323799
IMD2020__c9drgb8_0.png,IMD2020,0.0,0.0,0.03485555574297905
IMD2020__c9dscl6_0.png,IMD2020,0.0,0.0,0.08087281882762909
IMD2020__c9dst40_0.png,IMD2020,0.0,0.0,0.1256374716758728
IMD2020__c9dsznh_0.png,IMD2020,0.0,0.0,0.06495889276266098
IMD2020__c9du4ht_0.png,IMD2020,0.0,0.0,0.05289270728826523
IMD2020__c9du7a8_0.png,IMD2020,0.0,0.0,0.04339631274342537
IMD2020__c9durpw_0.png,IMD2020,0.0,0.0,0.006979018449783325
IMD2020__c9dvojg_0.png,IMD2020,0.0,0.0,0.04360198974609375
IMD2020__c9dvolx_0.png,IMD2020,0.0,0.0,0.05371570587158203
IMD2020__c9dvu4w_0.png,IMD2020,0.0,0.0,0.04688055440783501
IMD2020__c9dwcgf_0.png,IMD2020,0.0,0.0,0.12453463673591614
IMD2020__c9dwil8_0.png,IMD2020,0.0,0.0,0.08275938034057617
IMD2020__c9dwu2g_0.png,IMD2020,0.0,0.0,0.06563542038202286
IMD2020__c9dwwid_0.png,IMD2020,0.0,0.0,0.03771169111132622
IMD2020__c9dxbvt_0.png,IMD2020,0.0,0.0,0.016371341422200203
IMD2020__c9dyl8y_0.png,IMD2020,0.0,0.0,0.07384341955184937
IMD2020__c9e195c_0.png,IMD2020,0.0,0.0,0.12663008272647858
IMD2020__c9e3ftk_0.png,IMD2020,0.0,0.0,0.1805189698934555
IMD2020__c9e3pq0_0.png,IMD2020,0.0,0.0,0.32722029089927673
IMD2020__c9e4ble_0.png,IMD2020,0.0,0.0,0.37431883811950684
IMD2020__c9e4i0n_0.png,IMD2020,0.0,0.0,0.2360668182373047
IMD2020__c9e4pg2_0.png,IMD2020,0.0,0.0,0.10701990127563477
IMD2020__c9e7x90_0.png,IMD2020,0.0,0.0,0.04505374655127525
IMD2020__c9e9r5q_0.png,IMD2020,0.0,0.0,0.06911322474479675
IMD2020__c9e9teg_0.png,IMD2020,0.0,0.0,0.04060712456703186
IMD2020__c9eayk3_0.png,IMD2020,0.0,0.0,0.07926170527935028
IMD2020__c9ebxsh_0.png,IMD2020,0.0,0.0,0.055947884917259216
IMD2020__c9ec1il_0.png,IMD2020,0.0,0.0,0.02420135773718357
IMD2020__c9ec9j2_0.png,IMD2020,0.0,0.0,0.14105470478534698
IMD2020__c9ece0x_0.png,IMD2020,0.0,0.0,0.024214835837483406
IMD2020__c9ecnrt_0.png,IMD2020,0.0,0.0,0.2034589946269989
IMD2020__c9ecs0x_0.png,IMD2020,0.0,0.0,0.03012988343834877
IMD2020__c9ed1is_0.png,IMD2020,0.0,0.0,0.04083876684308052
IMD2020__c9ed8pk_0.png,IMD2020,0.0,0.0,0.02856075018644333
IMD2020__c9eddxz_0.png,IMD2020,0.0,0.0,0.2766786813735962
IMD2020__c9ee26f_0.png,IMD2020,0.0,0.0,0.0370897501707077
IMD2020__c9ege42_0.png,IMD2020,0.0,0.0,0.046427518129348755
IMD2020__c9egvex_0.png,IMD2020,0.0,0.0,0.24267664551734924
IMD2020__c9ehqe2_0.png,IMD2020,0.0,0.0,0.10281428694725037
IMD2020__c9eiaqx_0.png,IMD2020,0.0,0.0,0.010418343357741833
IMD2020__c9eictw_0.png,IMD2020,0.0,0.0,0.08404934406280518
IMD2020__c9eierm_0.png,IMD2020,0.0,0.0,0.014095715247094631
IMD2020__c9eki1d_0.png,IMD2020,0.0,0.0,0.009514095261693
IMD2020__c9ekoti_0.png,IMD2020,0.0,0.0,0.07742352783679962
IMD2020__c9elhr5_0.png,IMD2020,0.0,0.0,0.1665634959936142
IMD2020__c9elrrk_0.png,IMD2020,0.0,0.0,0.009699930436909199
IMD2020__c9en86k_0.png,IMD2020,0.0,0.0,0.004381377715617418
IMD2020__c9ens87_0.png,IMD2020,0.0,0.0,0.1695493459701538
IMD2020__c9eowm6_0.png,IMD2020,0.0,0.0,0.051443636417388916
IMD2020__c9ep601_0.png,IMD2020,0.0,0.0,0.020024096593260765
IMD2020__c9epo48_0.png,IMD2020,0.0,0.0,0.22300194203853607
IMD2020__c9epyi9_0.png,IMD2020,0.0,0.0,0.06871902197599411
IMD2020__c9eqhuj_0.png,IMD2020,0.0,0.0,0.004311554133892059
IMD2020__c9eqqy1_0.png,IMD2020,0.0,0.0,0.011219393461942673
IMD2020__c9erwxd_0.png,IMD2020,0.0,0.0,0.20437583327293396
IMD2020__c9esffq_0.png,IMD2020,0.0,0.0,0.05201112851500511
IMD2020__c9etyea_0.png,IMD2020,0.0,0.0,0.04081083834171295
IMD2020__c9euw8c_0.png,IMD2020,0.0,0.0,0.03132335841655731
IMD2020__c9euxib_0.png,IMD2020,0.0,0.0,0.256376177072525
IMD2020__c9ezpzg_0.png,IMD2020,0.0,0.0,0.032959699630737305
IMD2020__c9f090n_0.png,IMD2020,0.0,0.0,0.08040889352560043
IMD2020__c9f0e67_0.png,IMD2020,0.0,0.0,0.035742923617362976
IMD2020__c9f0jqs_0.png,IMD2020,0.0,0.0,0.0549456849694252
IMD2020__c9f0la4_0.png,IMD2020,0.0,0.0,0.01430424489080906
IMD2020__c9f0n0z_0.png,IMD2020,0.0,0.0,0.02174498327076435
IMD2020__c9f0r3h_0.png,IMD2020,0.0,0.0,0.05634433776140213
IMD2020__c9f0vmz_0.png,IMD2020,0.0,0.0,0.06587263941764832
IMD2020__c9f13p5_0.png,IMD2020,0.0,0.0,0.10171226412057877
IMD2020__c9f14qe_0.png,IMD2020,0.0,0.0,0.20944251120090485
IMD2020__c9f1h60_0.png,IMD2020,0.0,0.0,0.030926886945962906
IMD2020__c9f2dub_0.png,IMD2020,0.0,0.0,0.00798003375530243
IMD2020__c9f2qch_0.png,IMD2020,0.0,0.0,0.25067129731178284
IMD2020__c9f2sfv_0.png,IMD2020,0.0,0.0,0.22408241033554077
IMD2020__c9f2szu_0.png,IMD2020,0.0,0.0,0.06796226650476456
IMD2020__c9f38b8_0.png,IMD2020,0.0,0.0,0.1555442065000534
IMD2020__c9f3da2_0.png,IMD2020,0.0,0.0,0.2869448661804199
IMD2020__c9f3n7z_0.png,IMD2020,0.0,0.0,0.057242389768362045
IMD2020__c9f465i_0.png,IMD2020,0.0,0.0,0.11982107907533646
IMD2020__c9f517t_0.png,IMD2020,0.0,0.0,0.015526587143540382
IMD2020__c9f535u_0.png,IMD2020,0.0,0.0,0.03538288176059723
IMD2020__c9f627v_0.png,IMD2020,0.0,0.0,0.013787707313895226
IMD2020__c9f8vaj_0.png,IMD2020,0.0,0.0,0.06437580287456512
IMD2020__c9faxnv_0.png,IMD2020,0.0,0.0,0.07677076011896133
IMD2020__c9fdzmf_0.png,IMD2020,0.0,0.0,0.08640333265066147
IMD2020__c9fep2z_0.png,IMD2020,0.0,0.0,0.035836588591337204
IMD2020__c9ffae4_0.png,IMD2020,0.0,0.0,0.03959803283214569
IMD2020__c9fj64j_0.png,IMD2020,0.0,0.0,0.09792432188987732
IMD2020__c9fjobh_0.png,IMD2020,0.0,0.0,0.0012632164871320128
IMD2020__c9fjq1l_0.png,IMD2020,0.0,0.0,0.2177261859178543
IMD2020__c9fk35b_0.png,IMD2020,0.0,0.0,0.018034501001238823
IMD2020__c9fl051_0.png,IMD2020,0.0,0.0,0.027408644556999207
IMD2020__c9fl0yy_0.png,IMD2020,0.0,0.0,0.06326284259557724
IMD2020__c9fl1lk_0.png,IMD2020,0.0,0.0,0.1129547655582428
IMD2020__c9flfa0_0.png,IMD2020,0.0,0.0,0.26225388050079346
IMD2020__c9fmaeu_0.png,IMD2020,0.0,0.0,0.13171210885047913
IMD2020__c9fmhir_0.png,IMD2020,0.0,0.0,0.038548149168491364
IMD2020__c9fmrsm_0.png,IMD2020,0.0,0.0,0.45353472232818604
IMD2020__c9fmv7c_0.png,IMD2020,0.0,0.0,0.01302541233599186
IMD2020__c9fn5j8_0.png,IMD2020,0.0,0.0,0.028815625235438347
IMD2020__c9fntrg_0.png,IMD2020,0.0,0.0,0.07208124548196793
IMD2020__c9fnyyh_0.png,IMD2020,0.0,0.0,0.10923205316066742
IMD2020__c9fo87w_0.png,IMD2020,0.0,0.0,0.21551385521888733
IMD2020__c9fprtk_0.png,IMD2020,0.0,0.0,0.05270900949835777
IMD2020__c9fqbs0_0.png,IMD2020,0.0,0.0,0.02696160227060318
IMD2020__c9fqiqn_0.png,IMD2020,0.0,0.0,0.025253012776374817
IMD2020__c9fqvx5_0.png,IMD2020,0.0,0.0,0.0014834933681413531
IMD2020__c9ft4yi_0.png,IMD2020,0.0,0.0,0.06829170882701874
IMD2020__c9fuxna_0.png,IMD2020,0.0,0.0,0.05375054478645325
IMD2020__c9fva3b_0.png,IMD2020,0.0,0.0,0.06209991127252579
IMD2020__c9fvs3e_0.png,IMD2020,0.0,0.0,0.007920987904071808
IMD2020__c9fvtzk_0.png,IMD2020,0.0,0.0,0.16442006826400757
IMD2020__c9fw1nt_0.png,IMD2020,0.0,0.0,0.14449462294578552
IMD2020__c9fwc5l_0.png,IMD2020,0.0,0.0,0.0012430091155692935
IMD2020__c9fxc80_0.png,IMD2020,0.0,0.0,0.011297992430627346
IMD2020__c9fxdln_0.png,IMD2020,0.0,0.0,0.7138891816139221
IMD2020__c9fxe3f_0.png,IMD2020,0.0,0.0,0.1636691838502884
IMD2020__c9fxudz_0.png,IMD2020,0.0,0.0,0.08943308144807816
IMD2020__c9fxwfb_0.png,IMD2020,0.0,0.0,0.029866255819797516
IMD2020__c9fyiz2_0.png,IMD2020,0.0,0.0,0.02300877310335636
IMD2020__c9fz0du_0.png,IMD2020,0.0,0.0,0.033053118735551834
IMD2020__c9fzio7_0.png,IMD2020,0.0,0.0,0.06652916967868805
IMD2020__c9g1oc0_0.png,IMD2020,0.0,0.0,0.1334073841571808
IMD2020__c9g1s99_0.png,IMD2020,0.0,0.0,0.08935999870300293
IMD2020__c9g2fgf_0.png,IMD2020,0.0,0.0,0.17512188851833344
IMD2020__c9g2y6q_0.png,IMD2020,0.0,0.0,0.1234607920050621
IMD2020__c9g3114_0.png,IMD2020,0.0,0.0,0.1233195960521698
IMD2020__c9g35w2_0.png,IMD2020,0.0,0.0,0.3550139367580414
IMD2020__c9g3a9c_0.png,IMD2020,0.0,0.0,0.07008621841669083
IMD2020__c9g3oqm_0.png,IMD2020,0.0,0.0,0.21813686192035675
IMD2020__c9g3rke_0.png,IMD2020,0.0,0.0,0.034303031861782074
IMD2020__c9g4hr5_0.png,IMD2020,0.0,0.0,0.014923286624252796
IMD2020__c9g4p2k_0.png,IMD2020,0.0,0.0,0.10401298850774765
IMD2020__c9g4vhi_0.png,IMD2020,0.0,0.0,0.12123636156320572
IMD2020__c9g5jrp_0.png,IMD2020,0.0,0.0,0.11144732683897018
IMD2020__c9g5nv8_0.png,IMD2020,0.0,0.0,0.008557595312595367
IMD2020__c9g5v1g_0.png,IMD2020,0.0,0.0,0.011826171539723873
IMD2020__c9g5zv6_0.png,IMD2020,0.0,0.0,0.021252525970339775
IMD2020__c9g6sg0_0.png,IMD2020,0.0,0.0,0.18521398305892944
IMD2020__c9g6vta_0.png,IMD2020,0.0,0.0,0.12682309746742249
IMD2020__c9g7604_0.png,IMD2020,0.0,0.0,0.015404929406940937
IMD2020__c9g787e_0.png,IMD2020,0.0,0.0,0.006258394103497267
IMD2020__c9g80q7_0.png,IMD2020,0.0,0.0,0.012715884484350681
IMD2020__c9g8384_0.png,IMD2020,0.0,0.0,0.1666909009218216
IMD2020__c9g8k86_0.png,IMD2020,0.0,0.0,0.008827331475913525
IMD2020__c9g8zth_0.png,IMD2020,0.0,0.0,0.04727371409535408
IMD2020__c9g93re_0.png,IMD2020,0.0,0.0,0.11216291040182114
IMD2020__c9g9ld3_0.png,IMD2020,0.0,0.0,0.010187621228396893
IMD2020__c9g9mr9_0.png,IMD2020,0.0,0.0,0.006006463430821896
IMD2020__c9g9t6z_0.png,IMD2020,0.0,0.0,0.011575727723538876
IMD2020__c9gattf_0.png,IMD2020,0.0,0.0,0.005398421082645655
IMD2020__c9gbskr_0.png,IMD2020,0.0,0.0,0.005505539942532778
IMD2020__c9gck87_0.png,IMD2020,0.0,0.0,0.09954936057329178
IMD2020__c9gd2mj_0.png,IMD2020,0.0,0.0,0.037394408136606216
IMD2020__c9gd5k9_0.png,IMD2020,0.0,0.0,0.023474348708987236
IMD2020__c9gd6qy_0.png,IMD2020,0.0,0.0,0.00012441587750799954
IMD2020__c9gd8cq_0.png,IMD2020,0.0,0.0,0.018561793491244316
IMD2020__c9gda7u_0.png,IMD2020,0.0,0.0,0.1670495718717575
IMD2020__c9gdmsw_0.png,IMD2020,0.0,0.0,0.04827117919921875
IMD2020__c9gdsx5_0.png,IMD2020,0.0,0.0,0.001132856123149395
IMD2020__c9gdyzr_0.png,IMD2020,0.0,0.0,0.004495464731007814
IMD2020__c9gf8ln_0.png,IMD2020,0.0,0.0,0.02422095276415348
IMD2020__c9gfhtc_0.png,IMD2020,0.0,0.0,0.013652660883963108
IMD2020__c9gfnnb_0.png,IMD2020,0.0,0.0,0.22616787254810333
IMD2020__c9gg5nc_0.png,IMD2020,0.0,0.0,0.06511777639389038
IMD2020__c9ggl99_0.png,IMD2020,0.0,0.0,0.15115021169185638
IMD2020__c9ghgvz_0.png,IMD2020,0.0,0.0,0.039073869585990906
IMD2020__c9ghoad_0.png,IMD2020,0.0,0.0,0.02597006782889366
IMD2020__c9gjago_0.png,IMD2020,0.0,0.0,0.08537111431360245
IMD2020__c9gjh0g_0.png,IMD2020,0.0,0.0,0.21322038769721985
IMD2020__c9gkk0s_0.png,IMD2020,0.0,0.0,0.005173357203602791
IMD2020__c9gl75j_0.png,IMD2020,0.0,0.0,0.3770933151245117
IMD2020__c9glbxq_0.png,IMD2020,0.0,0.0,0.07294559478759766
IMD2020__c9gmqwd_0.png,IMD2020,0.0,0.0,0.026359831914305687
IMD2020__c9gmtbg_0.png,IMD2020,0.0,0.0,0.05960312485694885
IMD2020__c9gn0vx_0.png,IMD2020,0.0,0.0,0.2969490587711334
IMD2020__c9gn94z_0.png,IMD2020,0.0,0.0,0.0696764588356018
IMD2020__c9grcz4_0.png,IMD2020,0.0,0.0,0.11246388405561447
IMD2020__c9grv2t_0.png,IMD2020,0.0,0.0,0.003405289025977254
IMD2020__c9gs7bm_0.png,IMD2020,0.0,0.0,0.014944320544600487
IMD2020__c9gss1i_0.png,IMD2020,0.0,0.0,0.06326249986886978
IMD2020__c9gsyda_0.png,IMD2020,0.0,0.0,0.010276692919433117
IMD2020__c9gtkcd_0.png,IMD2020,0.0,0.0,0.007327577099204063
IMD2020__c9gtlnu_0.png,IMD2020,0.0,0.0,0.010806746780872345
IMD2020__c9gtq1e_0.png,IMD2020,0.0,0.0,0.27039721608161926
IMD2020__c9gw35r_0.png,IMD2020,0.0,0.0,0.004602858331054449
IMD2020__c9gx2vm_0.png,IMD2020,0.0,0.0,0.15760472416877747
IMD2020__c9gxwzy_0.png,IMD2020,0.0,0.0,0.0322437509894371
IMD2020__c9gyshx_0.png,IMD2020,0.0,0.0,0.05251757428050041
IMD2020__c9gz0w4_0.png,IMD2020,0.0,0.0,0.017212823033332825
IMD2020__c9gzach_0.png,IMD2020,0.0,0.0,0.03378598392009735
IMD2020__c9h02el_0.png,IMD2020,0.0,0.0,0.10628751665353775
IMD2020__c9h0993_0.png,IMD2020,0.0,0.0,0.026352284476161003
IMD2020__c9h0gbn_0.png,IMD2020,0.0,0.0,0.01836257241666317
IMD2020__c9h0z4q_0.png,IMD2020,0.0,0.0,0.2750583291053772
IMD2020__c9h11gt_0.png,IMD2020,0.0,0.0,0.04755870997905731
IMD2020__c9h1614_0.png,IMD2020,0.0,0.0,0.0617961660027504
IMD2020__c9h1dkc_0.png,IMD2020,0.0,0.0,0.00570000009611249
IMD2020__c9h2clv_0.png,IMD2020,0.0,0.0,0.009507819078862667
IMD2020__c9h2k3n_0.png,IMD2020,0.0,0.0,0.02000497467815876
IMD2020__c9h2sab_0.png,IMD2020,0.0,0.0,0.05576574057340622
IMD2020__c9h2seb_0.png,IMD2020,0.0,0.0,0.01843792013823986
IMD2020__c9h2tvs_0.png,IMD2020,0.0,0.0,0.16274872422218323
IMD2020__c9h38o1_0.png,IMD2020,0.0,0.0,0.006436855532228947
IMD2020__c9h3b9x_0.png,IMD2020,0.0,0.0,0.0816047266125679
IMD2020__c9h3qse_0.png,IMD2020,0.0,0.0,0.018059948459267616
IMD2020__c9h41sp_0.png,IMD2020,0.0,0.0,0.14040550589561462
IMD2020__c9h4ej3_0.png,IMD2020,0.0,0.0,0.11772169917821884
IMD2020__c9h4l2n_0.png,IMD2020,0.0,0.0,0.015716552734375
IMD2020__c9h53ur_0.png,IMD2020,0.0,0.0,0.01905558630824089
IMD2020__c9h5fdh_0.png,IMD2020,0.0,0.0,0.08921515196561813
IMD2020__c9h5ga4_0.png,IMD2020,0.0,0.0,0.03224804624915123
IMD2020__c9h6icz_0.png,IMD2020,0.0,0.0,0.02266252599656582
IMD2020__c9h6iyv_0.png,IMD2020,0.0,0.0,0.0056966147385537624
IMD2020__c9h6m92_0.png,IMD2020,0.0,0.0,0.09571641683578491
IMD2020__c9h7w73_0.png,IMD2020,0.0,0.0,0.011783442460000515
IMD2020__c9h97f9_0.png,IMD2020,0.0,0.0,0.022843504324555397
IMD2020__c9h9cv3_0.png,IMD2020,0.0,0.0,0.01482038851827383
IMD2020__c9hal43_0.png,IMD2020,0.0,0.0,0.16214266419410706
IMD2020__c9hanuj_0.png,IMD2020,0.0,0.0,0.03216562420129776
IMD2020__c9harx6_0.png,IMD2020,0.0,0.0,0.043801408261060715
IMD2020__c9hb4rz_0.png,IMD2020,0.0,0.0,0.043987274169921875
IMD2020__c9hcema_0.png,IMD2020,0.0,0.0,0.024081481620669365
IMD2020__c9hd3rx_0.png,IMD2020,0.0,0.0,0.3040887117385864
IMD2020__c9hdjxv_0.png,IMD2020,0.0,0.0,0.06600701063871384
IMD2020__c9hg0i2_0.png,IMD2020,0.0,0.0,0.024362953379750252
IMD2020__c9hgkbl_0.png,IMD2020,0.0,0.0,0.3882485628128052
IMD2020__c9hgxau_0.png,IMD2020,0.0,0.0,0.06353805214166641
IMD2020__c9hi7nj_0.png,IMD2020,0.0,0.0,0.3612630069255829
IMD2020__c9hj5lr_0.png,IMD2020,0.0,0.0,0.11824928969144821
IMD2020__c9hjnfo_0.png,IMD2020,0.0,0.0,0.008940787054598331
IMD2020__c9hk5hp_0.png,IMD2020,0.0,0.0,0.05451805517077446
IMD2020__c9hk6li_0.png,IMD2020,0.0,0.0,0.07376591116189957
IMD2020__c9hks52_0.png,IMD2020,0.0,0.0,0.008356481790542603
IMD2020__c9hlbrm_0.png,IMD2020,0.0,0.0,0.03426041081547737
IMD2020__c9hlhc2_0.png,IMD2020,0.0,0.0,0.0032339913304895163
IMD2020__c9hmf8f_0.png,IMD2020,0.0,0.0,0.029065268114209175
IMD2020__c9hmzo9_0.png,IMD2020,0.0,0.0,0.00703571829944849
IMD2020__c9hnxex_0.png,IMD2020,0.0,0.0,0.010329987853765488
IMD2020__c9hoexk_0.png,IMD2020,0.0,0.0,0.011133228428661823
IMD2020__c9honhf_0.png,IMD2020,0.0,0.0,0.00842211488634348
IMD2020__c9houy2_0.png,IMD2020,0.0,0.0,0.008769765496253967
IMD2020__c9hr4mf_0.png,IMD2020,0.0,0.0,0.037275280803442
IMD2020__c9hs9do_0.png,IMD2020,0.0,0.0,0.029383480548858643
IMD2020__c9hsiyf_0.png,IMD2020,0.0,0.0,0.13759349286556244
IMD2020__c9hto4a_0.png,IMD2020,0.0,0.0,0.00038765431963838637
IMD2020__c9hu5ce_0.png,IMD2020,0.0,0.0,0.0458674430847168
IMD2020__c9hud83_0.png,IMD2020,0.0,0.0,0.030396295711398125
IMD2020__c9hui3v_0.png,IMD2020,0.0,0.0,0.07983434200286865
IMD2020__c9hv3aa_0.png,IMD2020,0.0,0.0,0.10950080305337906
IMD2020__c9hx5lf_0.png,IMD2020,0.0,0.0,0.28305184841156006
IMD2020__c9hxepw_0.png,IMD2020,0.0,0.0,0.08617329597473145
IMD2020__c9hxjwt_0.png,IMD2020,0.0,0.0,0.0480395071208477
IMD2020__c9hyb2c_0.png,IMD2020,0.0,0.0,0.2522185146808624
IMD2020__c9hyeec_0.png,IMD2020,0.0,0.0,0.06814567744731903
IMD2020__c9i057u_0.png,IMD2020,0.0,0.0,0.003583950689062476
IMD2020__c9i09lt_0.png,IMD2020,0.0,0.0,0.2688419818878174
IMD2020__c9i2yhe_0.png,IMD2020,0.0,0.0,0.16898488998413086
IMD2020__c9i6dg5_0.png,IMD2020,0.0,0.0,0.009565007872879505
IMD2020__c9i892b_0.png,IMD2020,0.0,0.0,0.02298998273909092
IMD2020__c9i8kwz_0.png,IMD2020,0.0,0.0,0.03257077559828758
IMD2020__c9ic6md_0.png,IMD2020,0.0,0.0,0.0017593596130609512
IMD2020__c9ic90m_0.png,IMD2020,0.0,0.0,0.23462797701358795
IMD2020__c9iccvg_0.png,IMD2020,0.0,0.0,0.007928512990474701
IMD2020__c9idrs0_0.png,IMD2020,0.0,0.0,0.0014761454658582807
IMD2020__c9ieqkj_0.png,IMD2020,0.0,0.0,0.15161846578121185
IMD2020__c9if3fi_0.png,IMD2020,0.0,0.0,0.0022421875037252903
IMD2020__c9iff6x_0.png,IMD2020,0.0,0.0,0.03377671539783478
IMD2020__c9ihhh7_0.png,IMD2020,0.0,0.0,0.00472560990601778
IMD2020__c9ihn1n_0.png,IMD2020,0.0,0.0,0.09856508672237396
IMD2020__c9ihomk_0.png,IMD2020,0.0,0.0,0.003602743847295642
IMD2020__c9ihrfw_0.png,IMD2020,0.0,0.0,0.0021800000686198473
IMD2020__c9ihvi6_0.png,IMD2020,0.0,0.0,0.003968254197388887
IMD2020__c9ii3or_0.png,IMD2020,0.0,0.0,0.05128810927271843
IMD2020__c9ii586_0.png,IMD2020,0.0,0.0,0.03667670115828514
IMD2020__c9ii7ff_0.png,IMD2020,0.0,0.0,0.05144961550831795
IMD2020__c9ii97p_0.png,IMD2020,0.0,0.0,0.13248851895332336
IMD2020__c9iibxz_0.png,IMD2020,0.0,0.0,0.04018501937389374
IMD2020__c9iibzf_0.png,IMD2020,0.0,0.0,0.15106454491615295
IMD2020__c9iidxf_0.png,IMD2020,0.0,0.0,0.12619750201702118
IMD2020__c9iihrs_0.png,IMD2020,0.0,0.0,0.02343509905040264
IMD2020__c9iijp8_0.png,IMD2020,0.0,0.0,0.17349623143672943
IMD2020__c9iiklk_0.png,IMD2020,0.0,0.0,0.010450382716953754
IMD2020__c9iin2c_0.png,IMD2020,0.0,0.0,0.14248888194561005
IMD2020__c9iin8c_0.png,IMD2020,0.0,0.0,0.050378765910863876
IMD2020__c9iis5u_0.png,IMD2020,0.0,0.0,0.09028765559196472
IMD2020__c9ij6ir_0.png,IMD2020,0.0,0.0,0.016310669481754303
IMD2020__c9ijdae_0.png,IMD2020,0.0,0.0,0.008266477845609188
IMD2020__c9ijf08_0.png,IMD2020,0.0,0.0,0.15302573144435883
IMD2020__c9ik1fl_0.png,IMD2020,0.0,0.0,0.22853896021842957
IMD2020__c9ikbq4_0.png,IMD2020,0.0,0.0,0.011800000444054604
IMD2020__c9il4y8_0.png,IMD2020,0.0,0.0,0.09893281757831573
IMD2020__c9ily5x_0.png,IMD2020,0.0,0.0,0.06645690649747849
IMD2020__c9imbmj_0.png,IMD2020,0.0,0.0,0.08819707483053207
IMD2020__c9imetl_0.png,IMD2020,0.0,0.0,0.04749478027224541
IMD2020__c9imiv9_0.png,IMD2020,0.0,0.0,0.0038211806677281857
IMD2020__c9io67n_0.png,IMD2020,0.0,0.0,0.08623228967189789
IMD2020__c9iorrc_0.png,IMD2020,0.0,0.0,0.05219726637005806
IMD2020__c9iovzx_0.png,IMD2020,0.0,0.0,0.04114782437682152
IMD2020__c9iqfsg_0.png,IMD2020,0.0,0.0,0.0023823073133826256
IMD2020__c9is39d_0.png,IMD2020,0.0,0.0,0.07898204773664474
IMD2020__c9islb2_0.png,IMD2020,0.0,0.0,0.06528300046920776
IMD2020__c9iup8s_0.png,IMD2020,0.0,0.0,0.047449614852666855
IMD2020__c9iuyp5_0.png,IMD2020,0.0,0.0,0.10618208348751068
IMD2020__c9iwpff_0.png,IMD2020,0.0,0.0,0.17994964122772217
IMD2020__c9ixvi8_0.png,IMD2020,0.0,0.0,0.013909367844462395
IMD2020__c9ixvz6_0.png,IMD2020,0.0,0.0,0.01918417029082775
IMD2020__c9ixwnp_0.png,IMD2020,0.0,0.0,0.035468749701976776
IMD2020__c9iy8fs_0.png,IMD2020,0.0,0.0,0.16736117005348206
IMD2020__c9iz4b4_0.png,IMD2020,0.0,0.0,0.15475280582904816
IMD2020__c9j1u8d_0.png,IMD2020,0.0,0.0,0.018316049128770828
IMD2020__c9j1upi_0.png,IMD2020,0.0,0.0,0.015393764711916447
IMD2020__c9j223g_0.png,IMD2020,0.0,0.0,0.01173703745007515
IMD2020__c9j35au_0.png,IMD2020,0.0,0.0,0.008465616032481194
IMD2020__c9j4nvh_0.png,IMD2020,0.0,0.0,0.05055960640311241
IMD2020__c9j52sd_0.png,IMD2020,0.0,0.0,0.049587681889534
IMD2020__c9j61u4_0.png,IMD2020,0.0,0.0,0.07152704149484634
IMD2020__c9j64u7_0.png,IMD2020,0.0,0.0,0.036339323967695236
IMD2020__c9j6as6_0.png,IMD2020,0.0,0.0,0.02799573540687561
IMD2020__c9j6j6z_0.png,IMD2020,0.0,0.0,0.0014672479592263699
IMD2020__c9j6rhn_0.png,IMD2020,0.0,0.0,0.0011879029916599393
IMD2020__c9j72t2_0.png,IMD2020,0.0,0.0,0.027887707576155663
IMD2020__c9j7uh8_0.png,IMD2020,0.0,0.0,0.028833752498030663
IMD2020__c9j80i6_0.png,IMD2020,0.0,0.0,0.14241334795951843
IMD2020__c9j8c6q_0.png,IMD2020,0.0,0.0,0.03200874477624893
IMD2020__c9j8ny0_0.png,IMD2020,0.0,0.0,0.0025632684119045734
IMD2020__c9j8xqc_0.png,IMD2020,0.0,0.0,0.012030729092657566
IMD2020__c9j9hjm_0.png,IMD2020,0.0,0.0,0.009376831352710724
IMD2020__c9jbfvl_0.png,IMD2020,0.0,0.0,0.07633956521749496
IMD2020__c9je6ik_0.png,IMD2020,0.0,0.0,0.003026388818398118
IMD2020__c9jesbk_0.png,IMD2020,0.0,0.0,0.011278941296041012
IMD2020__c9jmyul_0.png,IMD2020,0.0,0.0,0.08956741541624069
IMD2020__c9jnza3_0.png,IMD2020,0.0,0.0,0.06263314932584763
IMD2020__c9joq7w_0.png,IMD2020,0.0,0.0,0.06414381414651871
IMD2020__c9joxzm_0.png,IMD2020,0.0,0.0,0.12863409519195557
IMD2020__c9jp0p0_0.png,IMD2020,0.0,0.0,0.03510132431983948
IMD2020__c9jp25w_0.png,IMD2020,0.0,0.0,0.04834769293665886
IMD2020__c9jp5wt_0.png,IMD2020,0.0,0.0,0.13941437005996704
IMD2020__c9jpn76_0.png,IMD2020,0.0,0.0,0.1077904924750328
IMD2020__c9jppfm_0.png,IMD2020,0.0,0.0,0.048444733023643494
IMD2020__c9jpr8z_0.png,IMD2020,0.0,0.0,0.19304659962654114
IMD2020__c9jq15h_0.png,IMD2020,0.0,0.0,0.08013273775577545
IMD2020__c9jqa49_0.png,IMD2020,0.0,0.0,0.05092303082346916
IMD2020__c9jqgc7_0.png,IMD2020,0.0,0.0,0.10187739878892899
IMD2020__c9jqnxf_0.png,IMD2020,0.0,0.0,0.037388887256383896
IMD2020__c9jqshm_0.png,IMD2020,0.0,0.0,0.016108334064483643
IMD2020__c9jr9le_0.png,IMD2020,0.0,0.0,0.01310857106000185
IMD2020__c9jrs8t_0.png,IMD2020,0.0,0.0,0.2069203108549118
IMD2020__c9jsau5_0.png,IMD2020,0.0,0.0,0.04181507229804993
IMD2020__c9jsov8_0.png,IMD2020,0.0,0.0,0.04279782995581627
IMD2020__c9jtkmu_0.png,IMD2020,0.0,0.0,0.01671448163688183
IMD2020__c9jtoex_0.png,IMD2020,0.0,0.0,0.09574468433856964
IMD2020__c9juyz1_0.png,IMD2020,0.0,0.0,0.047947049140930176
IMD2020__c9jv5re_0.png,IMD2020,0.0,0.0,0.1720355898141861
IMD2020__c9jwdvv_0.png,IMD2020,0.0,0.0,0.10997837781906128
IMD2020__c9jzdxb_0.png,IMD2020,0.0,0.0,0.016149431467056274
IMD2020__c9k2es6_0.png,IMD2020,0.0,0.0,0.022203775122761726
IMD2020__c9k2gmo_0.png,IMD2020,0.0,0.0,0.03160623461008072
IMD2020__c9k2t5d_0.png,IMD2020,0.0,0.0,0.021410217508673668
IMD2020__c9k3zdn_0.png,IMD2020,0.0,0.0,0.032375749200582504
IMD2020__c9k4d7o_0.png,IMD2020,0.0,0.0,0.035425346344709396
IMD2020__c9k5pqu_0.png,IMD2020,0.0,0.0,0.010645589791238308
IMD2020__c9k9w0q_0.png,IMD2020,0.0,0.0,0.007526041474193335
IMD2020__c9kajwp_0.png,IMD2020,0.0,0.0,0.020043697208166122
IMD2020__c9kdajw_0.png,IMD2020,0.0,0.0,0.0061501734890043736
IMD2020__c9kirao_0.png,IMD2020,0.0,0.0,0.10487467795610428
IMD2020__c9kj3pe_0.png,IMD2020,0.0,0.0,0.05980674922466278
IMD2020__c9kjun7_0.png,IMD2020,0.0,0.0,0.04292100667953491
IMD2020__c9kkyc7_0.png,IMD2020,0.0,0.0,0.1911442130804062
IMD2020__c9kl1ld_0.png,IMD2020,0.0,0.0,0.2225189357995987
IMD2020__c9kldmk_0.png,IMD2020,0.0,0.0,0.01479424349963665
IMD2020__c9kliff_0.png,IMD2020,0.0,0.0,0.11491705477237701
IMD2020__c9klnxl_0.png,IMD2020,0.0,0.0,0.05376745015382767
IMD2020__c9kloca_0.png,IMD2020,0.0,0.0,0.05932185798883438
IMD2020__c9klqw1_0.png,IMD2020,0.0,0.0,0.04114631563425064
IMD2020__c9kmx4q_0.png,IMD2020,0.0,0.0,0.01255931705236435
IMD2020__c9kn2yy_0.png,IMD2020,0.0,0.0,0.10245268046855927
IMD2020__c9kn5q6_0.png,IMD2020,0.0,0.0,0.016207987442612648
IMD2020__c9knqlg_0.png,IMD2020,0.0,0.0,0.054731953889131546
IMD2020__c9knukz_0.png,IMD2020,0.0,0.0,0.057173777371644974
IMD2020__c9ko6vm_0.png,IMD2020,0.0,0.0,0.017016300931572914
IMD2020__c9kp1yg_0.png,IMD2020,0.0,0.0,0.02484978549182415
IMD2020__c9kqck4_0.png,IMD2020,0.0,0.0,0.017054397612810135
IMD2020__c9kspnj_0.png,IMD2020,0.0,0.0,0.00036625596112571657
IMD2020__c9kums5_0.png,IMD2020,0.0,0.0,0.052004244178533554
IMD2020__c9kw0f4_0.png,IMD2020,0.0,0.0,0.04979553818702698
IMD2020__c9kwco4_0.png,IMD2020,0.0,0.0,0.041692979633808136
IMD2020__c9kws3p_0.png,IMD2020,0.0,0.0,0.036076389253139496
IMD2020__c9kym5f_0.png,IMD2020,0.0,0.0,0.08940805494785309
IMD2020__c9kyp1k_0.png,IMD2020,0.0,0.0,0.0030396413058042526
IMD2020__c9kyq67_0.png,IMD2020,0.0,0.0,0.0399320013821125
IMD2020__c9kzet8_0.png,IMD2020,0.0,0.0,0.025918692350387573
IMD2020__c9l20xa_0.png,IMD2020,0.0,0.0,0.054753489792346954
IMD2020__c9l2kg9_0.png,IMD2020,0.0,0.0,0.057529762387275696
IMD2020__c9l3keq_0.png,IMD2020,0.0,0.0,0.3722885847091675
IMD2020__c9l4y7e_0.png,IMD2020,0.0,0.0,0.0240335650742054
IMD2020__c9l597y_0.png,IMD2020,0.0,0.0,0.004705825820565224
IMD2020__c9l5ksv_0.png,IMD2020,0.0,0.0,0.03549325466156006
IMD2020__c9l5lkt_0.png,IMD2020,0.0,0.0,0.07306691259145737
IMD2020__c9l6bwf_0.png,IMD2020,0.0,0.0,0.034409720450639725
IMD2020__c9l6nsf_0.png,IMD2020,0.0,0.0,0.02532593347132206
IMD2020__c9l6uz2_0.png,IMD2020,0.0,0.0,0.05721554160118103
IMD2020__c9l707b_0.png,IMD2020,0.0,0.0,0.04026484861969948
IMD2020__c9l75x0_0.png,IMD2020,0.0,0.0,0.127859964966774
IMD2020__c9l7j1r_0.png,IMD2020,0.0,0.0,0.02461671270430088
IMD2020__c9l7lmt_0.png,IMD2020,0.0,0.0,0.040480419993400574
IMD2020__c9l7ppj_0.png,IMD2020,0.0,0.0,0.01154189370572567
IMD2020__c9l89l2_0.png,IMD2020,0.0,0.0,0.018657490611076355
IMD2020__c9l8asi_0.png,IMD2020,0.0,0.0,0.016068672761321068
IMD2020__c9l8c1u_0.png,IMD2020,0.0,0.0,0.0051155597902834415
IMD2020__c9laeqh_0.png,IMD2020,0.0,0.0,0.05587540194392204
IMD2020__c9lat0v_0.png,IMD2020,0.0,0.0,0.06728915870189667
IMD2020__c9lazy2_0.png,IMD2020,0.0,0.0,0.006711069960147142
IMD2020__c9lcj56_0.png,IMD2020,0.0,0.0,0.06277520954608917
IMD2020__c9lkxdi_0.png,IMD2020,0.0,0.0,0.1913268268108368
IMD2020__c9lkzn4_0.png,IMD2020,0.0,0.0,0.13744772970676422
IMD2020__c9ll4vo_0.png,IMD2020,0.0,0.0,0.017179058864712715
IMD2020__c9ll7hu_0.png,IMD2020,0.0,0.0,0.018659833818674088
IMD2020__c9ll8td_0.png,IMD2020,0.0,0.0,0.1686776876449585
IMD2020__c9lmn3m_0.png,IMD2020,0.0,0.0,0.2331751585006714
IMD2020__c9ln0pg_0.png,IMD2020,0.0,0.0,0.0713224858045578
IMD2020__c9ln2lz_0.png,IMD2020,0.0,0.0,0.004452059511095285
IMD2020__c9lnb0l_0.png,IMD2020,0.0,0.0,0.027476569637656212
IMD2020__c9lnfms_0.png,IMD2020,0.0,0.0,0.10933981835842133
IMD2020__c9lnnea_0.png,IMD2020,0.0,0.0,0.03333355858922005
IMD2020__c9lnp9v_0.png,IMD2020,0.0,0.0,0.08139694482088089
IMD2020__c9lo9be_0.png,IMD2020,0.0,0.0,0.0008883553673513234
IMD2020__c9lofx5_0.png,IMD2020,0.0,0.0,0.1163967102766037
IMD2020__c9lon94_0.png,IMD2020,0.0,0.0,0.0063219135627150536
IMD2020__c9lp8gw_0.png,IMD2020,0.0,0.0,0.015589628368616104
IMD2020__c9lpuor_0.png,IMD2020,0.0,0.0,0.07808846980333328
IMD2020__c9lqbfv_0.png,IMD2020,0.0,0.0,0.14205802977085114
IMD2020__c9lqecr_0.png,IMD2020,0.0,0.0,0.0481109619140625
IMD2020__c9lqual_0.png,IMD2020,0.0,0.0,0.09957721084356308
IMD2020__c9lqv7f_0.png,IMD2020,0.0,0.0,0.08161843568086624
IMD2020__c9lqv8m_0.png,IMD2020,0.0,0.0,0.039849910885095596
IMD2020__c9lqz29_0.png,IMD2020,0.0,0.0,0.01743570901453495
IMD2020__c9lrb3p_0.png,IMD2020,0.0,0.0,0.11063946783542633
IMD2020__c9lrubh_0.png,IMD2020,0.0,0.0,0.060480471700429916
IMD2020__c9ls62j_0.png,IMD2020,0.0,0.0,0.1067909449338913
IMD2020__c9lslic_0.png,IMD2020,0.0,0.0,0.120395727455616
IMD2020__c9lt1dp_0.png,IMD2020,0.0,0.0,0.07297815382480621
IMD2020__c9ltbe6_0.png,IMD2020,0.0,0.0,0.03289668634533882
IMD2020__c9ltnkp_0.png,IMD2020,0.0,0.0,0.005094380583614111
IMD2020__c9ltxrr_0.png,IMD2020,0.0,0.0,0.19570963084697723
IMD2020__c9lvfdp_0.png,IMD2020,0.0,0.0,0.04171597212553024
IMD2020__c9lvns7_0.png,IMD2020,0.0,0.0,0.02013482339680195
IMD2020__c9lvqgs_0.png,IMD2020,0.0,0.0,0.0010808190563693643
IMD2020__c9lyit5_0.png,IMD2020,0.0,0.0,0.08843691647052765
IMD2020__c9lyu4h_0.png,IMD2020,0.0,0.0,0.004433795809745789
IMD2020__c9lz131_0.png,IMD2020,0.0,0.0,0.03166588768362999
IMD2020__c9m1ged_0.png,IMD2020,0.0,0.0,0.007985798642039299
IMD2020__c9m1ree_0.png,IMD2020,0.0,0.0,0.007457828614860773
IMD2020__c9m2mgp_0.png,IMD2020,0.0,0.0,0.00284465029835701
IMD2020__c9m3r45_0.png,IMD2020,0.0,0.0,0.17900337278842926
IMD2020__c9m59bz_0.png,IMD2020,0.0,0.0,0.2061927765607834
IMD2020__c9m5ndi_0.png,IMD2020,0.0,0.0,0.026788735762238503
IMD2020__c9m7kgn_0.png,IMD2020,0.0,0.0,0.25971609354019165
IMD2020__c9m7wt8_0.png,IMD2020,0.0,0.0,0.0104217529296875
IMD2020__c9m8hr9_0.png,IMD2020,0.0,0.0,0.057385366410017014
IMD2020__c9m99xu_0.png,IMD2020,0.0,0.0,0.16781015694141388
IMD2020__c9mdh2i_0.png,IMD2020,0.0,0.0,0.02310280315577984
IMD2020__c9mdqpy_0.png,IMD2020,0.0,0.0,0.004876444581896067
IMD2020__c9mf0b8_0.png,IMD2020,0.0,0.0,0.041423045098781586
IMD2020__c9mf9lg_0.png,IMD2020,0.0,0.0,0.016186149790883064
IMD2020__c9mfrd2_0.png,IMD2020,0.0,0.0,0.010025769472122192
IMD2020__c9mfypt_0.png,IMD2020,0.0,0.0,0.010924696922302246
IMD2020__c9mg9wr_0.png,IMD2020,0.0,0.0,0.2933743894100189
IMD2020__c9mgiwj_0.png,IMD2020,0.0,0.0,0.004681234713643789
IMD2020__c9mgqt3_0.png,IMD2020,0.0,0.0,0.10596996545791626
IMD2020__c9mgyh0_0.png,IMD2020,0.0,0.0,0.005717725958675146
IMD2020__c9mhcvf_0.png,IMD2020,0.0,0.0,0.043864715844392776
IMD2020__c9mho3e_0.png,IMD2020,0.0,0.0,0.00689858989790082
IMD2020__c9mht38_0.png,IMD2020,0.0,0.0,0.004513707477599382
IMD2020__c9mib1x_0.png,IMD2020,0.0,0.0,0.10633090138435364
IMD2020__c9mic78_0.png,IMD2020,0.0,0.0,0.09988049417734146
IMD2020__c9mivhd_0.png,IMD2020,0.0,0.0,0.031258173286914825
IMD2020__c9mjrvb_0.png,IMD2020,0.0,0.0,0.020599067211151123
IMD2020__c9mjv8c_0.png,IMD2020,0.0,0.0,0.03731095418334007
IMD2020__c9ml96z_0.png,IMD2020,0.0,0.0,0.012613591738045216
IMD2020__c9mlghk_0.png,IMD2020,0.0,0.0,0.03179071843624115
IMD2020__c9mpeuk_0.png,IMD2020,0.0,0.0,0.037014033645391464
IMD2020__c9mriaz_0.png,IMD2020,0.0,0.0,0.13629788160324097
IMD2020__c9msbgg_0.png,IMD2020,0.0,0.0,0.011611333116889
IMD2020__c9mtfwz_0.png,IMD2020,0.0,0.0,0.04959635064005852
IMD2020__c9mtwu3_0.png,IMD2020,0.0,0.0,0.009781933389604092
IMD2020__c9mvlue_0.png,IMD2020,0.0,0.0,0.035333313047885895
IMD2020__c9n0zlx_0.png,IMD2020,0.0,0.0,0.03694068640470505
IMD2020__c9n1skr_0.png,IMD2020,0.0,0.0,0.10906141251325607
IMD2020__c9n4613_0.png,IMD2020,0.0,0.0,0.13104653358459473
IMD2020__c9n4bm5_0.png,IMD2020,0.0,0.0,0.007785416673868895
IMD2020__c9n64mb_0.png,IMD2020,0.0,0.0,0.026288194581866264
IMD2020__c9n6ne8_0.png,IMD2020,0.0,0.0,0.044928792864084244
IMD2020__c9n70f3_0.png,IMD2020,0.0,0.0,0.0007765293121337891
IMD2020__c9n90q8_0.png,IMD2020,0.0,0.0,0.012799961492419243
IMD2020__c9n96qs_0.png,IMD2020,0.0,0.0,0.00852813757956028
IMD2020__c9n98ue_0.png,IMD2020,0.0,0.0,0.0007188320159912109
IMD2020__c9n9au8_0.png,IMD2020,0.0,0.0,0.31354212760925293
IMD2020__c9n9bnt_0.png,IMD2020,0.0,0.0,0.045573893934488297
IMD2020__c9nau5v_0.png,IMD2020,0.0,0.0,0.1949058324098587
IMD2020__c9nb0ph_0.png,IMD2020,0.0,0.0,0.008433039300143719
IMD2020__c9nbea3_0.png,IMD2020,0.0,0.0,0.07015108317136765
IMD2020__c9nbxwv_0.png,IMD2020,0.0,0.0,0.10509044677019119
IMD2020__c9nds5g_0.png,IMD2020,0.0,0.0,0.1540626734495163
IMD2020__c9ne5m1_0.png,IMD2020,0.0,0.0,0.1549522578716278
IMD2020__c9nf4zp_0.png,IMD2020,0.0,0.0,0.1251346617937088
IMD2020__c9nfts5_0.png,IMD2020,0.0,0.0,0.3878931403160095
IMD2020__c9nfw8h_0.png,IMD2020,0.0,0.0,0.1073855310678482
IMD2020__c9nhm96_0.png,IMD2020,0.0,0.0,0.08155059814453125
IMD2020__c9ni4dr_0.png,IMD2020,0.0,0.0,0.048077791929244995
IMD2020__c9njmjd_0.png,IMD2020,0.0,0.0,0.14451083540916443
IMD2020__c9njsph_0.png,IMD2020,0.0,0.0,0.04093281552195549
IMD2020__c9njyrr_0.png,IMD2020,0.0,0.0,0.3770415186882019
IMD2020__c9nk4s4_0.png,IMD2020,0.0,0.0,0.0902431309223175
IMD2020__c9nk828_0.png,IMD2020,0.0,0.0,0.023230087012052536
IMD2020__c9nkbnj_0.png,IMD2020,0.0,0.0,0.024070456624031067
IMD2020__c9nkk3r_0.png,IMD2020,0.0,0.0,0.009859234094619751
IMD2020__c9nknvd_0.png,IMD2020,0.0,0.0,0.08454932272434235
IMD2020__c9nks0m_0.png,IMD2020,0.0,0.0,0.06602097302675247
IMD2020__c9nl77k_0.png,IMD2020,0.0,0.0,0.08425376564264297
IMD2020__c9nma8l_0.png,IMD2020,0.0,0.0,0.19233496487140656
IMD2020__c9nmqfd_0.png,IMD2020,0.0,0.0,0.01163418311625719
IMD2020__c9npg11_0.png,IMD2020,0.0,0.0,0.050795234739780426
IMD2020__c9nqp2a_0.png,IMD2020,0.0,0.0,0.061514902859926224
IMD2020__c9nra1a_0.png,IMD2020,0.0,0.0,0.006433504167944193
IMD2020__c9nt2o8_0.png,IMD2020,0.0,0.0,0.1995960921049118
IMD2020__c9ntew0_0.png,IMD2020,0.0,0.0,0.006472242530435324
IMD2020__c9ntuji_0.png,IMD2020,0.0,0.0,0.03719204291701317
IMD2020__c9nty5e_0.png,IMD2020,0.0,0.0,0.07139318436384201
IMD2020__c9nu96c_0.png,IMD2020,0.0,0.0,0.04213147237896919
IMD2020__c9nuh5z_0.png,IMD2020,0.0,0.0,0.03030630573630333
IMD2020__c9nuhbj_0.png,IMD2020,0.0,0.0,0.02874133363366127
IMD2020__c9nut9u_0.png,IMD2020,0.0,0.0,0.015103993006050587
IMD2020__c9nuvz4_0.png,IMD2020,0.0,0.0,0.1689453125
IMD2020__c9nuy5u_0.png,IMD2020,0.0,0.0,0.06088095158338547
IMD2020__c9nv7k9_0.png,IMD2020,0.0,0.0,0.1251308023929596
IMD2020__c9nvi4n_0.png,IMD2020,0.0,0.0,0.08888190239667892
IMD2020__c9nvnky_0.png,IMD2020,0.0,0.0,0.025439949706196785
IMD2020__c9nvnml_0.png,IMD2020,0.0,0.0,0.02283349260687828
IMD2020__c9nvpcp_0.png,IMD2020,0.0,0.0,0.11605436354875565
IMD2020__c9nw6k4_0.png,IMD2020,0.0,0.0,0.029239235445857048
IMD2020__c9nwdn2_0.png,IMD2020,0.0,0.0,0.08417896181344986
IMD2020__c9nwfkt_0.png,IMD2020,0.0,0.0,0.06997762620449066
IMD2020__c9nwr7t_0.png,IMD2020,0.0,0.0,0.010502015240490437
IMD2020__c9nx3jn_0.png,IMD2020,0.0,0.0,0.046077366918325424
IMD2020__c9nxj2d_0.png,IMD2020,0.0,0.0,0.07706953585147858
IMD2020__c9nxok1_0.png,IMD2020,0.0,0.0,0.01170962955802679
IMD2020__c9nxumx_0.png,IMD2020,0.0,0.0,0.10415783524513245
IMD2020__c9nxx81_0.png,IMD2020,0.0,0.0,0.30807119607925415
IMD2020__c9nxy4w_0.png,IMD2020,0.0,0.0,0.1872485876083374
IMD2020__c9nytom_0.png,IMD2020,0.0,0.0,0.15703162550926208
IMD2020__c9nz0zs_0.png,IMD2020,0.0,0.0,0.34655997157096863
IMD2020__c9nzsmx_0.png,IMD2020,0.0,0.0,0.005035259295254946
IMD2020__c9nzxnk_0.png,IMD2020,0.0,0.0,0.139357328414917
IMD2020__c9o08b5_0.png,IMD2020,0.0,0.0,0.038998622447252274
IMD2020__c9o0hnh_0.png,IMD2020,0.0,0.0,0.08991896361112595
IMD2020__c9o1k73_0.png,IMD2020,0.0,0.0,0.004478687886148691
IMD2020__c9o1y6b_0.png,IMD2020,0.0,0.0,0.09120006859302521
IMD2020__c9o1yg4_0.png,IMD2020,0.0,0.0,0.000442216987721622
IMD2020__c9o2ydg_0.png,IMD2020,0.0,0.0,0.1985292136669159
IMD2020__c9o3qze_0.png,IMD2020,0.0,0.0,0.07544878870248795
IMD2020__c9o3z78_0.png,IMD2020,0.0,0.0,0.021353410556912422
IMD2020__c9o4h65_0.png,IMD2020,0.0,0.0,0.08788161724805832
IMD2020__c9o51n8_0.png,IMD2020,0.0,0.0,0.020483288913965225
IMD2020__c9o54v5_0.png,IMD2020,0.0,0.0,0.01285555586218834
IMD2020__c9o5mjb_0.png,IMD2020,0.0,0.0,0.03104199469089508
IMD2020__c9o6082_0.png,IMD2020,0.0,0.0,0.22951357066631317
IMD2020__c9o6bus_0.png,IMD2020,0.0,0.0,0.020253585651516914
IMD2020__c9o6e0q_0.png,IMD2020,0.0,0.0,0.051530200988054276
IMD2020__c9o85b2_0.png,IMD2020,0.0,0.0,0.06516066938638687
IMD2020__c9o87nu_0.png,IMD2020,0.0,0.0,0.051240626722574234
IMD2020__c9o8vr7_0.png,IMD2020,0.0,0.0,0.12122926861047745
IMD2020__c9o979d_0.png,IMD2020,0.0,0.0,0.01243673823773861
IMD2020__c9oc4q6_0.png,IMD2020,0.0,0.0,0.014599991962313652
IMD2020__c9oce7b_0.png,IMD2020,0.0,0.0,0.010276931338012218
IMD2020__c9ocka2_0.png,IMD2020,0.0,0.0,0.07921105623245239
IMD2020__c9ockip_0.png,IMD2020,0.0,0.0,0.016055583953857422
IMD2020__c9octsz_0.png,IMD2020,0.0,0.0,0.020662769675254822
IMD2020__c9ocul2_0.png,IMD2020,0.0,0.0,0.14874057471752167
IMD2020__c9od2bp_0.png,IMD2020,0.0,0.0,0.04911111295223236
IMD2020__c9odpwo_0.png,IMD2020,0.0,0.0,0.005411229562014341
IMD2020__c9oe4ae_0.png,IMD2020,0.0,0.0,0.035075366497039795
IMD2020__c9oe89a_0.png,IMD2020,0.0,0.0,0.08782168477773666
IMD2020__c9oej2d_0.png,IMD2020,0.0,0.0,0.015804631635546684
IMD2020__c9oexva_0.png,IMD2020,0.0,0.0,0.277086466550827
IMD2020__c9ogiu1_0.png,IMD2020,0.0,0.0,0.17648309469223022
IMD2020__c9ohsnw_0.png,IMD2020,0.0,0.0,0.2279580980539322
IMD2020__c9oinbz_0.png,IMD2020,0.0,0.0,0.2122456133365631
IMD2020__c9oiun2_0.png,IMD2020,0.0,0.0,0.09349788725376129
IMD2020__c9ojssa_0.png,IMD2020,0.0,0.0,0.03142746910452843
IMD2020__c9omlsl_0.png,IMD2020,0.0,0.0,0.0021120670717209578
IMD2020__c9orbjh_0.png,IMD2020,0.0,0.0,0.03242604061961174
IMD2020__c9orhl5_0.png,IMD2020,0.0,0.0,0.13652674853801727
IMD2020__c9oridj_0.png,IMD2020,0.0,0.0,0.07472428679466248
IMD2020__c9os1tp_0.png,IMD2020,0.0,0.0,0.0391114167869091
IMD2020__c9os3m3_0.png,IMD2020,0.0,0.0,0.023367026820778847
IMD2020__c9ouujp_0.png,IMD2020,0.0,0.0,0.01911487989127636
IMD2020__c9oviie_0.png,IMD2020,0.0,0.0,0.16911666095256805
IMD2020__c9owhds_0.png,IMD2020,0.0,0.0,0.030378490686416626
IMD2020__c9owniu_0.png,IMD2020,0.0,0.0,0.00029507066938094795
IMD2020__c9owyxs_0.png,IMD2020,0.0,0.0,0.007022127043455839
IMD2020__c9oz0g4_0.png,IMD2020,0.0,0.0,0.19252724945545197
IMD2020__c9oz87d_0.png,IMD2020,0.0,0.0,0.02912517450749874
IMD2020__c9ozajr_0.png,IMD2020,0.0,0.0,0.054155681282281876
IMD2020__c9ozb2v_0.png,IMD2020,0.0,0.0,0.024127403274178505
IMD2020__c9ozgv4_0.png,IMD2020,0.0,0.0,0.03609635308384895
IMD2020__c9ozu20_0.png,IMD2020,0.0,0.0,0.07765529304742813
IMD2020__c9p01qy_0.png,IMD2020,0.0,0.0,0.0032990884501487017
IMD2020__c9p0mfv_0.png,IMD2020,0.0,0.0,0.022469492629170418
IMD2020__c9p1j4k_0.png,IMD2020,0.0,0.0,0.00817286130040884
IMD2020__c9p282z_0.png,IMD2020,0.0,0.0,0.03357115387916565
IMD2020__c9p2hfz_0.png,IMD2020,0.0,0.0,0.03413425758481026
IMD2020__c9p4sou_0.png,IMD2020,0.0,0.0,0.04267115145921707
IMD2020__c9p5bmr_0.png,IMD2020,0.0,0.0,0.07352925091981888
IMD2020__c9p6j5b_0.png,IMD2020,0.0,0.0,0.07984375208616257
IMD2020__c9p7smn_0.png,IMD2020,0.0,0.0,0.03511360287666321
IMD2020__c9pefdl_0.png,IMD2020,0.0,0.0,0.013418231159448624
IMD2020__c9pfl6d_0.png,IMD2020,0.0,0.0,0.0502394363284111
IMD2020__c9pfqeq_0.png,IMD2020,0.0,0.0,0.009714595042169094
IMD2020__c9pfvx9_0.png,IMD2020,0.0,0.0,0.033203620463609695
IMD2020__c9pgah7_0.png,IMD2020,0.0,0.0,0.03902103751897812
IMD2020__c9pgddf_0.png,IMD2020,0.0,0.0,0.005121366586536169
IMD2020__c9pged8_0.png,IMD2020,0.0,0.0,0.0848083347082138
IMD2020__c9pgi5r_0.png,IMD2020,0.0,0.0,0.07153850793838501
IMD2020__c9pgmbx_0.png,IMD2020,0.0,0.0,0.006683153100311756
IMD2020__c9pgyxl_0.png,IMD2020,0.0,0.0,0.13077962398529053
IMD2020__c9pilty_0.png,IMD2020,0.0,0.0,0.026233399286866188
IMD2020__c9pj6yb_0.png,IMD2020,0.0,0.0,0.06702367216348648
IMD2020__c9pju0e_0.png,IMD2020,0.0,0.0,0.018549805507063866
IMD2020__c9plhb5_0.png,IMD2020,0.0,0.0,0.037450551986694336
IMD2020__c9plxty_0.png,IMD2020,0.0,0.0,0.021344400942325592
IMD2020__c9pmfw0_0.png,IMD2020,0.0,0.0,0.00036564897163771093
IMD2020__c9pmle5_0.png,IMD2020,0.0,0.0,0.08624807000160217
IMD2020__c9pmrb5_0.png,IMD2020,0.0,0.0,0.057765211910009384
IMD2020__c9pmyfj_0.png,IMD2020,0.0,0.0,0.29343435168266296
IMD2020__c9pmymm_0.png,IMD2020,0.0,0.0,0.0035352727863937616
IMD2020__c9pn1gz_0.png,IMD2020,0.0,0.0,0.036174871027469635
IMD2020__c9pn1hj_0.png,IMD2020,0.0,0.0,0.07233967632055283
IMD2020__c9pnfbw_0.png,IMD2020,0.0,0.0,0.002709398977458477
IMD2020__c9pnjfr_0.png,IMD2020,0.0,0.0,0.0354621447622776
IMD2020__c9pnr75_0.png,IMD2020,0.0,0.0,0.08804681152105331
IMD2020__c9pnuvp_0.png,IMD2020,0.0,0.0,0.0075554135255515575
IMD2020__c9pojdy_0.png,IMD2020,0.0,0.0,0.0013183593982830644
IMD2020__c9poq56_0.png,IMD2020,0.0,0.0,0.28426945209503174
IMD2020__c9pp2db_0.png,IMD2020,0.0,0.0,0.07526065409183502
IMD2020__c9ppuxs_0.png,IMD2020,0.0,0.0,0.03241387754678726
IMD2020__c9pq1oo_0.png,IMD2020,0.0,0.0,0.20745207369327545
IMD2020__c9pqbmt_0.png,IMD2020,0.0,0.0,0.027198465541005135
IMD2020__c9pqiu6_0.png,IMD2020,0.0,0.0,0.06270833313465118
IMD2020__c9prbhe_0.png,IMD2020,0.0,0.0,0.07010560482740402
IMD2020__c9prszs_0.png,IMD2020,0.0,0.0,0.004971459042280912
IMD2020__c9prwxt_0.png,IMD2020,0.0,0.0,0.007925194688141346
IMD2020__c9ps27s_0.png,IMD2020,0.0,0.0,0.04732945188879967
IMD2020__c9pse6z_0.png,IMD2020,0.0,0.0,0.08847638219594955
IMD2020__c9pskj4_0.png,IMD2020,0.0,0.0,0.01176240760833025
IMD2020__c9pu31c_0.png,IMD2020,0.0,0.0,0.026510905474424362
IMD2020__c9pufrq_0.png,IMD2020,0.0,0.0,0.01579335145652294
IMD2020__c9pur9b_0.png,IMD2020,0.0,0.0,0.01725728251039982
IMD2020__c9pw7al_0.png,IMD2020,0.0,0.0,0.07566922158002853
IMD2020__c9px7bq_0.png,IMD2020,0.0,0.0,0.013206894509494305
IMD2020__c9pxyb3_0.png,IMD2020,0.0,0.0,0.11928512156009674
IMD2020__c9q0f2e_0.png,IMD2020,0.0,0.0,0.16806548833847046
IMD2020__c9q0ksk_0.png,IMD2020,0.0,0.0,0.03312600776553154
IMD2020__c9q1yvj_0.png,IMD2020,0.0,0.0,0.013601795770227909
IMD2020__c9q9vd2_0.png,IMD2020,0.0,0.0,0.020670710131525993
IMD2020__c9qa0jn_0.png,IMD2020,0.0,0.0,0.018117984756827354
IMD2020__c9qa804_0.png,IMD2020,0.0,0.0,0.007360481657087803
IMD2020__c9qbapf_0.png,IMD2020,0.0,0.0,0.015955597162246704
IMD2020__c9qbb3c_0.png,IMD2020,0.0,0.0,0.06983578950166702
IMD2020__c9qbf36_0.png,IMD2020,0.0,0.0,0.0386030413210392
IMD2020__c9qbijq_0.png,IMD2020,0.0,0.0,0.02383108250796795
IMD2020__c9qbl44_0.png,IMD2020,0.0,0.0,0.265267550945282
IMD2020__c9qblv3_0.png,IMD2020,0.0,0.0,0.047068752348423004
IMD2020__c9qbopn_0.png,IMD2020,0.0,0.0,0.02529824525117874
IMD2020__c9qbqiy_0.png,IMD2020,0.0,0.0,0.051676541566848755
IMD2020__c9qbx13_0.png,IMD2020,0.0,0.0,0.039663903415203094
IMD2020__c9qc61f_0.png,IMD2020,0.0,0.0,0.015700114890933037
IMD2020__c9qchcl_0.png,IMD2020,0.0,0.0,0.012630666606128216
IMD2020__c9qcjlz_0.png,IMD2020,0.0,0.0,0.02760128863155842
IMD2020__c9qck5s_0.png,IMD2020,0.0,0.0,0.012825333513319492
IMD2020__c9qclh8_0.png,IMD2020,0.0,0.0,0.04447871446609497
IMD2020__c9qct83_0.png,IMD2020,0.0,0.0,0.31525474786758423
IMD2020__c9qd0uq_0.png,IMD2020,0.0,0.0,0.09560824930667877
IMD2020__c9qdz3g_0.png,IMD2020,0.0,0.0,0.08374115824699402
IMD2020__c9qeolo_0.png,IMD2020,0.0,0.0,0.01823873072862625
IMD2020__c9qesys_0.png,IMD2020,0.0,0.0,0.00216688378714025
IMD2020__c9qf78w_0.png,IMD2020,0.0,0.0,0.017533762380480766
IMD2020__c9qf8d5_0.png,IMD2020,0.0,0.0,0.009879943914711475
IMD2020__c9qf9n8_0.png,IMD2020,0.0,0.0,0.17766252160072327
IMD2020__c9qfggr_0.png,IMD2020,0.0,0.0,0.0069643654860556126
IMD2020__c9qfljn_0.png,IMD2020,0.0,0.0,0.004767751321196556
IMD2020__c9qgg7m_0.png,IMD2020,0.0,0.0,0.04309382289648056
IMD2020__c9qgjzt_0.png,IMD2020,0.0,0.0,0.12232965230941772
IMD2020__c9qgsja_0.png,IMD2020,0.0,0.0,0.11035588383674622
IMD2020__c9qh57b_0.png,IMD2020,0.0,0.0,0.011634837836027145
IMD2020__c9qhgpe_0.png,IMD2020,0.0,0.0,0.008241666480898857
IMD2020__c9qhtma_0.png,IMD2020,0.0,0.0,0.1754027158021927
IMD2020__c9qhy6w_0.png,IMD2020,0.0,0.0,0.0625852718949318
IMD2020__c9qj2yg_0.png,IMD2020,0.0,0.0,0.004847078118473291
IMD2020__c9qjgce_0.png,IMD2020,0.0,0.0,0.08781842142343521
IMD2020__c9qjqw1_0.png,IMD2020,0.0,0.0,0.01805935986340046
IMD2020__c9ql7s0_0.png,IMD2020,0.0,0.0,0.05040409415960312
IMD2020__c9qlwig_0.png,IMD2020,0.0,0.0,0.009081062860786915
IMD2020__c9qlz7i_0.png,IMD2020,0.0,0.0,0.06881687045097351
IMD2020__c9qm1u8_0.png,IMD2020,0.0,0.0,0.0280949454754591
IMD2020__c9qn2pn_0.png,IMD2020,0.0,0.0,0.04525701329112053
IMD2020__c9qqxbn_0.png,IMD2020,0.0,0.0,0.10644934326410294
IMD2020__c9qs50l_0.png,IMD2020,0.0,0.0,0.1806333363056183
IMD2020__c9qu9on_0.png,IMD2020,0.0,0.0,0.021062059327960014
IMD2020__c9qvtyc_0.png,IMD2020,0.0,0.0,0.03674665093421936
IMD2020__c9qwcfj_0.png,IMD2020,0.0,0.0,0.03257454186677933
IMD2020__c9qxrer_0.png,IMD2020,0.0,0.0,0.13741463422775269
IMD2020__c9qyul2_0.png,IMD2020,0.0,0.0,0.2935289144515991
IMD2020__c9qzamk_0.png,IMD2020,0.0,0.0,0.03003278188407421
IMD2020__c9r01uk_0.png,IMD2020,0.0,0.0,0.13682185113430023
IMD2020__c9r0i3p_0.png,IMD2020,0.0,0.0,0.22761012613773346
IMD2020__c9r116y_0.png,IMD2020,0.0,0.0,0.04210207611322403
IMD2020__c9r11np_0.png,IMD2020,0.0,0.0,0.12207506597042084
IMD2020__c9r1e51_0.png,IMD2020,0.0,0.0,0.000638581404928118
IMD2020__c9r1x9k_0.png,IMD2020,0.0,0.0,0.039786405861377716
IMD2020__c9r1yor_0.png,IMD2020,0.0,0.0,0.32564395666122437
IMD2020__c9r227u_0.png,IMD2020,0.0,0.0,0.010381047613918781
IMD2020__c9r2mxr_0.png,IMD2020,0.0,0.0,0.02612282894551754
IMD2020__c9r3z04_0.png,IMD2020,0.0,0.0,0.017354344949126244
IMD2020__c9r4jzf_0.png,IMD2020,0.0,0.0,0.013321200385689735
IMD2020__c9r4vts_0.png,IMD2020,0.0,0.0,0.019405899569392204
IMD2020__c9r55jp_0.png,IMD2020,0.0,0.0,0.18912042677402496
IMD2020__c9r5xdn_0.png,IMD2020,0.0,0.0,0.039567843079566956
IMD2020__c9r63ei_0.png,IMD2020,0.0,0.0,0.011067100800573826
IMD2020__c9r6ey7_0.png,IMD2020,0.0,0.0,0.06493666023015976
IMD2020__c9r6gfi_0.png,IMD2020,0.0,0.0,0.01836434006690979
IMD2020__c9r6r63_0.png,IMD2020,0.0,0.0,0.021369103342294693
IMD2020__c9r6z10_0.png,IMD2020,0.0,0.0,0.001220863196067512
IMD2020__c9r72x2_0.png,IMD2020,0.0,0.0,0.09499885886907578
IMD2020__c9r7c3k_0.png,IMD2020,0.0,0.0,0.0671166405081749
IMD2020__c9r7lra_0.png,IMD2020,0.0,0.0,0.04878541827201843
IMD2020__c9r7vrf_0.png,IMD2020,0.0,0.0,0.11734062433242798
IMD2020__c9r82u9_0.png,IMD2020,0.0,0.0,0.06580132246017456
IMD2020__c9r8my1_0.png,IMD2020,0.0,0.0,0.09050879627466202
IMD2020__c9r8uoc_0.png,IMD2020,0.0,0.0,0.040307898074388504
IMD2020__c9r9e1p_0.png,IMD2020,0.0,0.0,0.07908941805362701
IMD2020__c9r9pvh_0.png,IMD2020,0.0,0.0,0.11813706904649734
IMD2020__c9r9rgc_0.png,IMD2020,0.0,0.0,0.004096572753041983
IMD2020__c9raw4l_0.png,IMD2020,0.0,0.0,0.08342156559228897
IMD2020__c9rci56_0.png,IMD2020,0.0,0.0,0.25793561339378357
IMD2020__c9riqoh_0.png,IMD2020,0.0,0.0,0.06147291511297226
IMD2020__c9riv1o_0.png,IMD2020,0.0,0.0,0.007179347798228264
IMD2020__c9rj3zp_0.png,IMD2020,0.0,0.0,0.06256458163261414
IMD2020__c9rmr49_0.png,IMD2020,0.0,0.0,0.07510271668434143
IMD2020__c9ro49b_0.png,IMD2020,0.0,0.0,0.025954166427254677
IMD2020__c9roi3w_0.png,IMD2020,0.0,0.0,0.13126735389232635
IMD2020__c9rorcy_0.png,IMD2020,0.0,0.0,0.002896222285926342
IMD2020__c9rp985_0.png,IMD2020,0.0,0.0,0.0164209995418787
IMD2020__c9rpaia_0.png,IMD2020,0.0,0.0,0.017385389655828476
IMD2020__c9rrhbu_0.png,IMD2020,0.0,0.0,0.04199109226465225
IMD2020__c9rsftz_0.png,IMD2020,0.0,0.0,0.003839869285002351
IMD2020__c9rsjqz_0.png,IMD2020,0.0,0.0,0.010693550109863281
IMD2020__c9ru0d5_0.png,IMD2020,0.0,0.0,0.005181025713682175
IMD2020__c9rv3bk_0.png,IMD2020,0.0,0.0,0.0060189347714185715
IMD2020__c9rwbtx_0.png,IMD2020,0.0,0.0,0.0007378472364507616
IMD2020__c9rwfag_0.png,IMD2020,0.0,0.0,0.034455556422472
IMD2020__c9rx5mc_0.png,IMD2020,0.0,0.0,0.009204511530697346
IMD2020__c9rxhks_0.png,IMD2020,0.0,0.0,0.03219166770577431
IMD2020__c9ryjzh_0.png,IMD2020,0.0,0.0,0.059101562947034836
IMD2020__c9rz8bm_0.png,IMD2020,0.0,0.0,0.010055338963866234
IMD2020__c9s0eqx_0.png,IMD2020,0.0,0.0,0.1716277301311493
IMD2020__c9s0iit_0.png,IMD2020,0.0,0.0,0.02116481401026249
IMD2020__c9s0tj6_0.png,IMD2020,0.0,0.0,0.013069973327219486
IMD2020__c9s10kg_0.png,IMD2020,0.0,0.0,0.015735764056444168
IMD2020__c9s2tum_0.png,IMD2020,0.0,0.0,0.016818517819046974
IMD2020__c9s5r36_0.png,IMD2020,0.0,0.0,0.08955196291208267
IMD2020__c9s7zuv_0.png,IMD2020,0.0,0.0,0.009430303238332272
IMD2020__c9s81l3_0.png,IMD2020,0.0,0.0,0.010721162892878056
IMD2020__c9s89u4_0.png,IMD2020,0.0,0.0,0.07304825633764267
IMD2020__c9s8qkh_0.png,IMD2020,0.0,0.0,0.008381281048059464
IMD2020__c9s9ofo_0.png,IMD2020,0.0,0.0,0.023925645276904106
IMD2020__c9sasg7_0.png,IMD2020,0.0,0.0,0.010843594558537006
IMD2020__c9saxhk_0.png,IMD2020,0.0,0.0,0.013765289448201656
IMD2020__c9sb09t_0.png,IMD2020,0.0,0.0,0.008937333710491657
IMD2020__c9sbtl1_0.png,IMD2020,0.0,0.0,0.005104382988065481
IMD2020__c9sd8lt_0.png,IMD2020,0.0,0.0,0.0013020833721384406
IMD2020__c9sevmb_0.png,IMD2020,0.0,0.0,0.21336179971694946
IMD2020__c9sh0l8_0.png,IMD2020,0.0,0.0,0.016398748382925987
IMD2020__c9sk4y8_0.png,IMD2020,0.0,0.0,0.03487853333353996
IMD2020__c9skrua_0.png,IMD2020,0.0,0.0,0.046792492270469666
IMD2020__c9sl9vi_0.png,IMD2020,0.0,0.0,0.028845999389886856
IMD2020__c9slrk8_0.png,IMD2020,0.0,0.0,0.016622722148895264
IMD2020__c9smbbb_0.png,IMD2020,0.0,0.0,0.05564635246992111
IMD2020__c9smxwp_0.png,IMD2020,0.0,0.0,0.01197499968111515
IMD2020__c9snbpi_0.png,IMD2020,0.0,0.0,0.16281825304031372
IMD2020__c9sni90_0.png,IMD2020,0.0,0.0,0.17769858241081238
IMD2020__c9snzf4_0.png,IMD2020,0.0,0.0,0.024045608937740326
IMD2020__c9sol61_0.png,IMD2020,0.0,0.0,0.0360974445939064
IMD2020__c9spdmn_0.png,IMD2020,0.0,0.0,0.004548437427729368
IMD2020__c9sq9wb_0.png,IMD2020,0.0,0.0,0.04458333179354668
IMD2020__c9ssolx_0.png,IMD2020,0.0,0.0,0.017502082511782646
IMD2020__c9stktv_0.png,IMD2020,0.0,0.0,0.0841478779911995
IMD2020__c9sujg5_0.png,IMD2020,0.0,0.0,0.05931755527853966
IMD2020__c9sut3r_0.png,IMD2020,0.0,0.0,0.018044669181108475
IMD2020__c9sv7jw_0.png,IMD2020,0.0,0.0,0.02440795488655567
IMD2020__c9svxax_0.png,IMD2020,0.0,0.0,0.1731685847043991
IMD2020__c9svxp7_0.png,IMD2020,0.0,0.0,0.025613751262426376
IMD2020__c9swoak_0.png,IMD2020,0.0,0.0,0.17784766852855682
IMD2020__c9swpes_0.png,IMD2020,0.0,0.0,0.006867732387036085
IMD2020__c9swxup_0.png,IMD2020,0.0,0.0,0.055931854993104935
IMD2020__c9sx6lo_0.png,IMD2020,0.0,0.0,0.002445985097438097
IMD2020__c9sx82c_0.png,IMD2020,0.0,0.0,0.008156836032867432
IMD2020__c9sxsh2_0.png,IMD2020,0.0,0.0,0.10284010320901871
IMD2020__c9sxszx_0.png,IMD2020,0.0,0.0,0.007780393119901419
IMD2020__c9sxugb_0.png,IMD2020,0.0,0.0,0.14165768027305603
IMD2020__c9sxwk6_0.png,IMD2020,0.0,0.0,0.2456361949443817
IMD2020__c9sxwtn_0.png,IMD2020,0.0,0.0,0.14117252826690674
IMD2020__c9sydmi_0.png,IMD2020,0.0,0.0,0.04510996863245964
IMD2020__c9syfrn_0.png,IMD2020,0.0,0.0,0.034654732793569565
IMD2020__c9syk85_0.png,IMD2020,0.0,0.0,0.0066883680410683155
IMD2020__c9syx9t_0.png,IMD2020,0.0,0.0,0.07205332815647125
IMD2020__c9sz63f_0.png,IMD2020,0.0,0.0,0.0032777786254882812
IMD2020__c9sznzx_0.png,IMD2020,0.0,0.0,0.0028882273472845554
IMD2020__c9szqbq_0.png,IMD2020,0.0,0.0,0.028874821960926056
IMD2020__c9szyfw_0.png,IMD2020,0.0,0.0,0.007327083498239517
IMD2020__c9t0nzc_0.png,IMD2020,0.0,0.0,0.09791599959135056
IMD2020__c9t11zo_0.png,IMD2020,0.0,0.0,0.1925121694803238
IMD2020__c9t18zw_0.png,IMD2020,0.0,0.0,0.007009496446698904
IMD2020__c9t2l1i_0.png,IMD2020,0.0,0.0,0.015061848796904087
IMD2020__c9t32sp_0.png,IMD2020,0.0,0.0,0.030513238161802292
IMD2020__c9t437l_0.png,IMD2020,0.0,0.0,0.15956705808639526
IMD2020__c9t4d4m_0.png,IMD2020,0.0,0.0,0.031716227531433105
IMD2020__c9t4vnq_0.png,IMD2020,0.0,0.0,0.008199869655072689
IMD2020__c9t57ny_0.png,IMD2020,0.0,0.0,0.05189453065395355
IMD2020__c9t5bpb_0.png,IMD2020,0.0,0.0,0.015834961086511612
IMD2020__c9t5fpp_0.png,IMD2020,0.0,0.0,0.005307971034198999
IMD2020__c9t5y36_0.png,IMD2020,0.0,0.0,0.0482991524040699
IMD2020__c9t6w7g_0.png,IMD2020,0.0,0.0,0.023251952603459358
IMD2020__c9tc1u1_0.png,IMD2020,0.0,0.0,0.0746842473745346
IMD2020__c9td4wy_0.png,IMD2020,0.0,0.0,0.023181231692433357
IMD2020__c9telos_0.png,IMD2020,0.0,0.0,0.002949680667370558
IMD2020__c9teyfk_0.png,IMD2020,0.0,0.0,0.043670427054166794
IMD2020__c9tgf50_0.png,IMD2020,0.0,0.0,0.10319444537162781
IMD2020__c9th08v_0.png,IMD2020,0.0,0.0,0.03786254674196243
IMD2020__c9thhyx_0.png,IMD2020,0.0,0.0,0.03320743143558502
IMD2020__c9ti2l5_0.png,IMD2020,0.0,0.0,0.0005847222055308521
IMD2020__c9tivpo_0.png,IMD2020,0.0,0.0,0.06247185915708542
IMD2020__c9tjpep_0.png,IMD2020,0.0,0.0,0.06869814544916153
IMD2020__c9tl14w_0.png,IMD2020,0.0,0.0,0.1683666706085205
IMD2020__c9tm0rs_0.png,IMD2020,0.0,0.0,0.06658145040273666
IMD2020__c9tmqeu_0.png,IMD2020,0.0,0.0,0.008799999952316284
IMD2020__c9trg08_0.png,IMD2020,0.0,0.0,0.07179539650678635
IMD2020__c9tz09a_0.png,IMD2020,0.0,0.0,0.0020440625958144665
IMD2020__c9tzpit_0.png,IMD2020,0.0,0.0,0.010837554931640625
IMD2020__c9u17mo_0.png,IMD2020,0.0,0.0,0.17810510098934174
IMD2020__c9u2w1w_0.png,IMD2020,0.0,0.0,0.03779786080121994
IMD2020__c9u4fdo_0.png,IMD2020,0.0,0.0,0.16224466264247894
IMD2020__c9u4rvj_0.png,IMD2020,0.0,0.0,0.00897216796875
IMD2020__c9u513b_0.png,IMD2020,0.0,0.0,0.002416838426142931
IMD2020__c9u54ff_0.png,IMD2020,0.0,0.0,0.0020398488268256187
IMD2020__c9u55gy_0.png,IMD2020,0.0,0.0,0.026363739743828773
IMD2020__c9u5f90_0.png,IMD2020,0.0,0.0,0.028252314776182175
IMD2020__c9u5rax_0.png,IMD2020,0.0,0.0,0.04844074323773384
IMD2020__c9u63t1_0.png,IMD2020,0.0,0.0,0.1459904909133911
IMD2020__c9u6r0p_0.png,IMD2020,0.0,0.0,0.045595332980155945
IMD2020__c9u6sk6_0.png,IMD2020,0.0,0.0,0.04081083834171295
IMD2020__c9u6u6a_0.png,IMD2020,0.0,0.0,0.02666337601840496
IMD2020__c9u6xhp_0.png,IMD2020,0.0,0.0,0.061362847685813904
IMD2020__c9u7cgz_0.png,IMD2020,0.0,0.0,0.050840236246585846
IMD2020__c9u7myf_0.png,IMD2020,0.0,0.0,0.18281562626361847
IMD2020__c9u8hhh_0.png,IMD2020,0.0,0.0,0.17297083139419556
IMD2020__c9u8l4u_0.png,IMD2020,0.0,0.0,0.04059459641575813
IMD2020__c9u8n2n_0.png,IMD2020,0.0,0.0,0.022803818807005882
IMD2020__c9u8wpx_0.png,IMD2020,0.0,0.0,0.03570260852575302
IMD2020__c9u90oo_0.png,IMD2020,0.0,0.0,0.021765440702438354
IMD2020__c9ua527_0.png,IMD2020,0.0,0.0,0.021444221958518028
IMD2020__c9uanxz_0.png,IMD2020,0.0,0.0,0.04271206259727478
IMD2020__c9uaxgp_0.png,IMD2020,0.0,0.0,0.04946476221084595
IMD2020__c9uaypt_0.png,IMD2020,0.0,0.0,0.04179634898900986
IMD2020__c9ub2de_0.png,IMD2020,0.0,0.0,0.07218532264232635
IMD2020__c9ub2k7_0.png,IMD2020,0.0,0.0,0.03643108531832695
IMD2020__c9ub6j6_0.png,IMD2020,0.0,0.0,0.024016954004764557
IMD2020__c9ubdgk_0.png,IMD2020,0.0,0.0,0.06713999807834625
IMD2020__c9ucsmp_0.png,IMD2020,0.0,0.0,0.14553895592689514
IMD2020__c9udub9_0.png,IMD2020,0.0,0.0,0.03176051005721092
IMD2020__c9uep5n_0.png,IMD2020,0.0,0.0,0.007723653223365545
IMD2020__c9uj2fl_0.png,IMD2020,0.0,0.0,0.0145607003942132
IMD2020__c9ulmme_0.png,IMD2020,0.0,0.0,0.015333687886595726
IMD2020__c9umoqv_0.png,IMD2020,0.0,0.0,0.02179555594921112
IMD2020__c9uonxh_0.png,IMD2020,0.0,0.0,0.013677255250513554
IMD2020__c9urh6i_0.png,IMD2020,0.0,0.0,0.16111083328723907
IMD2020__c9urhu8_0.png,IMD2020,0.0,0.0,0.026942545548081398
IMD2020__c9uti5t_0.png,IMD2020,0.0,0.0,0.017702311277389526
IMD2020__c9uud5o_0.png,IMD2020,0.0,0.0,0.03994244709610939
IMD2020__c9uudgq_0.png,IMD2020,0.0,0.0,0.018146973103284836
IMD2020__c9uuuw6_0.png,IMD2020,0.0,0.0,0.007776372600346804
IMD2020__c9uux1l_0.png,IMD2020,0.0,0.0,0.10941541939973831
IMD2020__c9uv39w_0.png,IMD2020,0.0,0.0,0.10316714644432068
IMD2020__c9uv7su_0.png,IMD2020,0.0,0.0,0.020637644454836845
IMD2020__c9uvkos_0.png,IMD2020,0.0,0.0,0.010909835807979107
IMD2020__c9uvpds_0.png,IMD2020,0.0,0.0,0.04258706420660019
IMD2020__c9uvrvt_0.png,IMD2020,0.0,0.0,0.17965589463710785
IMD2020__c9uvsh0_0.png,IMD2020,0.0,0.0,0.01715441234409809
IMD2020__c9uwhhl_0.png,IMD2020,0.0,0.0,0.12645521759986877
IMD2020__c9uwpsx_0.png,IMD2020,0.0,0.0,0.027766667306423187
IMD2020__c9uwqce_0.png,IMD2020,0.0,0.0,0.011814218945801258
IMD2020__c9uwqsh_0.png,IMD2020,0.0,0.0,0.32242894172668457
IMD2020__c9uwssv_0.png,IMD2020,0.0,0.0,0.0015865847235545516
IMD2020__c9uyxnv_0.png,IMD2020,0.0,0.0,0.06967861950397491
IMD2020__c9v219b_0.png,IMD2020,0.0,0.0,0.2888956069946289
IMD2020__c9v2juf_0.png,IMD2020,0.0,0.0,0.027994630858302116
IMD2020__c9v35ql_0.png,IMD2020,0.0,0.0,0.12154413759708405
IMD2020__c9v4hpr_0.png,IMD2020,0.0,0.0,0.028089582920074463
IMD2020__c9v4jj6_0.png,IMD2020,0.0,0.0,0.09579118341207504
IMD2020__c9v5ckc_0.png,IMD2020,0.0,0.0,0.05961238220334053
IMD2020__c9v6alw_0.png,IMD2020,0.0,0.0,0.15578147768974304
IMD2020__c9va3n9_0.png,IMD2020,0.0,0.0,0.00218088342808187
IMD2020__c9vax7w_0.png,IMD2020,0.0,0.0,0.03115871548652649
IMD2020__c9vb73a_0.png,IMD2020,0.0,0.0,0.0815201923251152
IMD2020__c9vbhkz_0.png,IMD2020,0.0,0.0,0.06280987709760666
IMD2020__c9vbuxe_0.png,IMD2020,0.0,0.0,0.24822857975959778
IMD2020__c9vc8b8_0.png,IMD2020,0.0,0.0,0.016481908038258553
IMD2020__c9vcuci_0.png,IMD2020,0.0,0.0,0.0046831234358251095
IMD2020__c9ved2o_0.png,IMD2020,0.0,0.0,0.14443103969097137
IMD2020__c9vftfw_0.png,IMD2020,0.0,0.0,0.13162526488304138
IMD2020__c9vg2t9_0.png,IMD2020,0.0,0.0,0.03631937876343727
IMD2020__c9vgr3d_0.png,IMD2020,0.0,0.0,0.1741996705532074
IMD2020__c9vhc8k_0.png,IMD2020,0.0,0.0,0.06918736547231674
IMD2020__c9vhnha_0.png,IMD2020,0.0,0.0,0.02170446328818798
IMD2020__c9vin2j_0.png,IMD2020,0.0,0.0,0.10158400237560272
IMD2020__c9virda_0.png,IMD2020,0.0,0.0,0.02089216746389866
IMD2020__c9vk8ni_0.png,IMD2020,0.0,0.0,0.8826027512550354
IMD2020__c9vl1l0_0.png,IMD2020,0.0,0.0,0.009808341041207314
IMD2020__c9vljl0_0.png,IMD2020,0.0,0.0,0.1391746699810028
IMD2020__c9vmmk9_0.png,IMD2020,0.0,0.0,0.07511235028505325
IMD2020__c9vp3og_0.png,IMD2020,0.0,0.0,0.12756741046905518
IMD2020__c9vp8tl_0.png,IMD2020,0.0,0.0,0.21539369225502014
IMD2020__c9vqeru_0.png,IMD2020,0.0,0.0,0.015567567199468613
IMD2020__c9vrg7j_0.png,IMD2020,0.0,0.0,0.07075042277574539
IMD2020__c9vruzp_0.png,IMD2020,0.0,0.0,0.009954676032066345
IMD2020__c9vsemx_0.png,IMD2020,0.0,0.0,0.023746950551867485
IMD2020__c9vwn43_0.png,IMD2020,0.0,0.0,0.003954349551349878
IMD2020__c9vwn9s_0.png,IMD2020,0.0,0.0,0.02326134964823723
IMD2020__c9w2r6t_0.png,IMD2020,0.0,0.0,0.002574307145550847
IMD2020__c9w33a8_0.png,IMD2020,0.0,0.0,0.015702778473496437
IMD2020__c9w5t18_0.png,IMD2020,0.0,0.0,0.01785876601934433
IMD2020__c9w6rkl_0.png,IMD2020,0.0,0.0,0.018589768558740616
IMD2020__c9w7716_0.png,IMD2020,0.0,0.0,0.10635323822498322
IMD2020__c9w82t9_0.png,IMD2020,0.0,0.0,0.17708167433738708
IMD2020__c9w8w2m_0.png,IMD2020,0.0,0.0,0.0697370395064354
IMD2020__c9w96uz_0.png,IMD2020,0.0,0.0,0.05124267190694809
IMD2020__c9w9u7a_0.png,IMD2020,0.0,0.0,0.2685272991657257
IMD2020__c9wa696_0.png,IMD2020,0.0,0.0,0.039078615605831146
IMD2020__c9wakel_0.png,IMD2020,0.0,0.0,0.10294995456933975
IMD2020__c9way1w_0.png,IMD2020,0.0,0.0,0.005716203711926937
IMD2020__c9wbc6o_0.png,IMD2020,0.0,0.0,0.1977185755968094
IMD2020__c9wcfo6_0.png,IMD2020,0.0,0.0,0.006631944328546524
IMD2020__c9wcr42_0.png,IMD2020,0.0,0.0,0.14371773600578308
IMD2020__c9wf4dc_0.png,IMD2020,0.0,0.0,0.10010384768247604
IMD2020__c9wi5uo_0.png,IMD2020,0.0,0.0,0.06921759247779846
IMD2020__c9wp96y_0.png,IMD2020,0.0,0.0,0.023734085261821747
IMD2020__c9wpjvq_0.png,IMD2020,0.0,0.0,0.07634114474058151
IMD2020__c9wpljd_0.png,IMD2020,0.0,0.0,0.06908998638391495
IMD2020__c9wqghc_0.png,IMD2020,0.0,0.0,0.1043287068605423
IMD2020__c9wr2m9_0.png,IMD2020,0.0,0.0,0.012012442573904991
IMD2020__c9wrd8e_0.png,IMD2020,0.0,0.0,0.09435619413852692
IMD2020__c9ws5r0_0.png,IMD2020,0.0,0.0,0.018736978992819786
IMD2020__c9wua2z_0.png,IMD2020,0.0,0.0,0.2009056657552719
IMD2020__c9wwhov_0.png,IMD2020,0.0,0.0,0.014975405298173428
IMD2020__c9wxubr_0.png,IMD2020,0.0,0.0,0.00016667066665831953
IMD2020__c9wybvp_0.png,IMD2020,0.0,0.0,0.14576244354248047
IMD2020__c9x24tr_0.png,IMD2020,0.0,0.0,0.025538194924592972
IMD2020__c9x31z7_0.png,IMD2020,0.0,0.0,0.04194899648427963
IMD2020__c9x50xh_0.png,IMD2020,0.0,0.0,0.0018292133463546634
IMD2020__c9x67wt_0.png,IMD2020,0.0,0.0,0.046035878360271454
IMD2020__c9x7jrj_0.png,IMD2020,0.0,0.0,0.15316925942897797
IMD2020__c9xa55l_0.png,IMD2020,0.0,0.0,0.036293722689151764
IMD2020__c9xd4rq_0.png,IMD2020,0.0,0.0,0.011045554652810097
IMD2020__c9xdfvu_0.png,IMD2020,0.0,0.0,0.043463416397571564
IMD2020__c9xdmhf_0.png,IMD2020,0.0,0.0,0.0003242924576625228
IMD2020__c9xdp5v_0.png,IMD2020,0.0,0.0,0.03973466902971268
IMD2020__c9xdu1a_0.png,IMD2020,0.0,0.0,0.08995722979307175
IMD2020__c9xe80s_0.png,IMD2020,0.0,0.0,0.3456818759441376
IMD2020__c9xegom_0.png,IMD2020,0.0,0.0,0.032765328884124756
IMD2020__c9xfdz5_0.png,IMD2020,0.0,0.0,0.07991496473550797
IMD2020__c9xfmme_0.png,IMD2020,0.0,0.0,0.14467881619930267
IMD2020__c9xfzri_0.png,IMD2020,0.0,0.0,0.13587656617164612
IMD2020__c9xgn8b_0.png,IMD2020,0.0,0.0,0.027097078040242195
IMD2020__c9xhn4w_0.png,IMD2020,0.0,0.0,0.22075940668582916
IMD2020__c9xi6ts_0.png,IMD2020,0.0,0.0,0.07382228225469589
IMD2020__c9xkpkx_0.png,IMD2020,0.0,0.0,0.020076721906661987
IMD2020__c9xl2zu_0.png,IMD2020,0.0,0.0,0.1836104393005371
IMD2020__c9xo089_0.png,IMD2020,0.0,0.0,0.03585052490234375
IMD2020__c9xt8lv_0.png,IMD2020,0.0,0.0,0.13282041251659393
IMD2020__c9xup2p_0.png,IMD2020,0.0,0.0,0.1727723628282547
IMD2020__c9xuxck_0.png,IMD2020,0.0,0.0,0.0991559624671936
IMD2020__c9xv7da_0.png,IMD2020,0.0,0.0,0.03194166719913483
IMD2020__c9xwa8e_0.png,IMD2020,0.0,0.0,0.20666924118995667
IMD2020__ca8jhgo_0.png,IMD2020,0.0,0.0,0.0736149400472641
Korus__Canon_60D_Tp_DPP0012.png,Korus,0.0,0.0,0.006114969030022621
Korus__Canon_60D_Tp_DPP0022.png,Korus,0.0,0.0,0.04497974365949631
Korus__Canon_60D_Tp_DPP0027.png,Korus,0.0,0.0,0.021922260522842407
Korus__Canon_60D_Tp_DPP0029.png,Korus,0.0,0.0,0.07198929041624069
Korus__Canon_60D_Tp_DPP0033.png,Korus,0.0,0.0,0.07975839078426361
Korus__Canon_60D_Tp_DPP0044.png,Korus,0.0,0.0,0.01324893906712532
Korus__Canon_60D_Tp_DPP0048.png,Korus,0.0,0.0,0.04023437574505806
Korus__Canon_60D_Tp_DPP0069.png,Korus,0.0,0.0,0.05827353522181511
Korus__Canon_60D_Tp_DPP0078.png,Korus,0.0,0.0,0.058889854699373245
Korus__Canon_60D_Tp_DPP0079.png,Korus,0.0,0.0,0.036504145711660385
Korus__Canon_60D_Tp_DPP0086.png,Korus,0.0,0.0,0.040473572909832
Korus__Canon_60D_Tp_DPP0093.png,Korus,0.0,0.0,0.008173707872629166
Korus__Canon_60D_Tp_DPP0100.png,Korus,0.0,0.0,0.034078896045684814
Korus__Canon_60D_Tp_DPP0122.png,Korus,0.0,0.0,0.03586660698056221
Korus__Canon_60D_Tp_DPP0131.png,Korus,0.0,0.0,0.07789207249879837
Korus__Canon_60D_Tp_DPP0173.png,Korus,0.0,0.0,0.04440586268901825
Korus__Canon_60D_Tp_DPP0178.png,Korus,0.0,0.0,0.04326919466257095
Korus__Canon_60D_Tp_DPP0183.png,Korus,0.0,0.0,0.04552324488759041
Korus__Canon_60D_Tp_DPP0219.png,Korus,0.0,0.0,0.054212480783462524
Korus__Canon_60D_Tp_DPP0243.png,Korus,0.0,0.0,0.17793740332126617
Korus__Canon_60D_Tp_DPP0247.png,Korus,0.0,0.0,0.028893228620290756
Korus__Canon_60D_Tp_DPP0251.png,Korus,0.0,0.0,0.010140817612409592
Korus__Canon_60D_Tp_DPP0257.png,Korus,0.0,0.0,0.007450810167938471
Korus__Canon_60D_Tp_DPP0269.png,Korus,0.0,0.0,0.04030622914433479
Korus__Canon_60D_Tp_DPP0308.png,Korus,0.0,0.0,0.013540701940655708
Korus__Canon_60D_Tp_DPP0331.png,Korus,0.0,0.0,0.06365595757961273
Korus__Canon_60D_Tp_DPP0340.png,Korus,0.0,0.0,0.15938705205917358
Korus__Canon_60D_Tp_DPP0344.png,Korus,0.0,0.0,0.011549961753189564
Korus__Canon_60D_Tp_DPP0357.png,Korus,0.0,0.0,0.004355227574706078
Korus__Canon_60D_Tp_DPP0405.png,Korus,0.0,0.0,0.01616849936544895
Korus__Canon_60D_Tp_DPP0414.png,Korus,0.0,0.0,0.03660108149051666
Korus__Canon_60D_Tp_DPP0445.png,Korus,0.0,0.0,0.03313995152711868
Korus__Canon_60D_Tp_DPP0451.png,Korus,0.0,0.0,0.06089506298303604
Korus__Canon_60D_Tp_DPP0454.png,Korus,0.0,0.0,0.04229021817445755
Korus__Canon_60D_Tp_DPP0478.png,Korus,0.0,0.0,0.016367187723517418
Korus__Canon_60D_Tp_DPP0499.png,Korus,0.0,0.0,0.03087480738759041
Korus__Canon_60D_Tp_DPP0500.png,Korus,0.0,0.0,0.03565393388271332
Korus__Canon_60D_Tp_DPP0519.png,Korus,0.0,0.0,0.007662519346922636
Korus__Canon_60D_Tp_DPP0520.png,Korus,0.0,0.0,0.040535781532526016
Korus__Canon_60D_Tp_DPP0522.png,Korus,0.0,0.0,0.02776620350778103
Korus__Canon_60D_Tp_DPP0526.png,Korus,0.0,0.0,0.06273534148931503
Korus__Canon_60D_Tp_DPP0549.png,Korus,0.0,0.0,0.02669849619269371
Korus__Canon_60D_Tp_DPP0550.png,Korus,0.0,0.0,0.08827546238899231
Korus__Canon_60D_Tp_DPP0551.png,Korus,0.0,0.0,0.18573784828186035
Korus__Canon_60D_Tp_DPP0556.png,Korus,0.0,0.0,0.05384066328406334
Korus__Canon_60D_Tp_DPP0558.png,Korus,0.0,0.0,0.2737533748149872
Korus__Canon_60D_Tp_DPP0581.png,Korus,0.0,0.0,0.020086806267499924
Korus__Canon_60D_Tp_DPP0583.png,Korus,0.0,0.0,0.05460551753640175
Korus__Canon_60D_Tp_DPP0588.png,Korus,0.0,0.0,0.03807002305984497
Korus__Canon_60D_Tp_DPP0590.png,Korus,0.0,0.0,0.10345582664012909
Korus__Canon_60D_Tp_DPP0602.png,Korus,0.0,0.0,0.011933835223317146
Korus__Canon_60D_Tp_DPP0607.png,Korus,0.0,0.0,0.0449213944375515
Korus__Canon_60D_Tp_DPP0622.png,Korus,0.0,0.0,0.06717640906572342
Korus__Canon_60D_Tp_DPP0638.png,Korus,0.0,0.0,0.011411072686314583
Korus__Canon_60D_Tp_DPP0648.png,Korus,0.0,0.0,0.05537181720137596
Korus__Nikon_D7000_Tp_r02354285t.png,Korus,0.0,0.0,0.026420235633850098
Korus__Nikon_D7000_Tp_r07ece355t.png,Korus,0.0,0.0,0.02657841518521309
Korus__Nikon_D7000_Tp_r09696ba3t.png,Korus,0.0,0.0,0.021145833656191826
Korus__Nikon_D7000_Tp_r0d8d62edt.png,Korus,0.0,0.0,0.14248552918434143
Korus__Nikon_D7000_Tp_r0e661e0dt.png,Korus,0.0,0.0,0.018924575299024582
Korus__Nikon_D7000_Tp_r0fbd0c71t.png,Korus,0.0,0.0,0.03865210339426994
Korus__Nikon_D7000_Tp_r1d679eaet.png,Korus,0.0,0.0,0.04119598865509033
Korus__Nikon_D7000_Tp_r1e3303ebt.png,Korus,0.0,0.0,0.06416811048984528
Korus__Nikon_D7000_Tp_r22470921t.png,Korus,0.0,0.0,0.10051938891410828
Korus__Nikon_D7000_Tp_r2410fbc3t.png,Korus,0.0,0.0,0.035131171345710754
Korus__Nikon_D7000_Tp_r2db3db79t.png,Korus,0.0,0.0,0.16029128432273865
Korus__Nikon_D7000_Tp_r36610622t.png,Korus,0.0,0.0,0.10662278532981873
Korus__Nikon_D7000_Tp_r37798f5bt.png,Korus,0.0,0.0,0.1004788801074028
Korus__Nikon_D7000_Tp_r3a243268t.png,Korus,0.0,0.0,0.03826003149151802
Korus__Nikon_D7000_Tp_r3a599d9ft.png,Korus,0.0,0.0,0.07623167335987091
Korus__Nikon_D7000_Tp_r4912bf7bt.png,Korus,0.0,0.0,0.5385971069335938
Korus__Nikon_D7000_Tp_r493f5dbet.png,Korus,0.0,0.0,0.023639081045985222
Korus__Nikon_D7000_Tp_r4ba434b7t.png,Korus,0.0,0.0,0.16344183683395386
Korus__Nikon_D7000_Tp_r4dbba042t.png,Korus,0.0,0.0,0.033428337424993515
Korus__Nikon_D7000_Tp_r4dddfadbt.png,Korus,0.0,0.0,0.05158034339547157
Korus__Nikon_D7000_Tp_r53e0b40ft.png,Korus,0.0,0.0,0.01866849884390831
Korus__Nikon_D7000_Tp_r59f5b042t.png,Korus,0.0,0.0,0.026326678693294525
Korus__Nikon_D7000_Tp_r5b31f2bat.png,Korus,0.0,0.0,0.059300731867551804
Korus__Nikon_D7000_Tp_r5ca9963et.png,Korus,0.0,0.0,0.055556520819664
Korus__Nikon_D7000_Tp_r623cf1act.png,Korus,0.0,0.0,0.05274546518921852
Korus__Nikon_D7000_Tp_r6331b729t.png,Korus,0.0,0.0,0.009291570633649826
Korus__Nikon_D7000_Tp_r6423cf23t.png,Korus,0.0,0.0,0.05907069891691208
Korus__Nikon_D7000_Tp_r64abc7bat.png,Korus,0.0,0.0,0.02746286615729332
Korus__Nikon_D7000_Tp_r64fd9639t.png,Korus,0.0,0.0,0.06871286779642105
Korus__Nikon_D7000_Tp_r6b84e734t.png,Korus,0.0,0.0,0.025534817948937416
Korus__Nikon_D7000_Tp_r6d1a84e7t.png,Korus,0.0,0.0,0.08575472235679626
Korus__Nikon_D7000_Tp_r744b52b9t.png,Korus,0.0,0.0,0.15617090463638306
Korus__Nikon_D7000_Tp_r779134bft.png,Korus,0.0,0.0,0.04471402242779732
Korus__Nikon_D7000_Tp_r7aca24c9t.png,Korus,0.0,0.0,0.04398823156952858
Korus__Nikon_D7000_Tp_r7f93be26t.png,Korus,0.0,0.0,0.12285011261701584
Korus__Nikon_D7000_Tp_r80026cdet.png,Korus,0.0,0.0,0.06497299671173096
Korus__Nikon_D7000_Tp_r80c6965ct.png,Korus,0.0,0.0,0.037084780633449554
Korus__Nikon_D7000_Tp_r80d9a021t.png,Korus,0.0,0.0,0.048147182911634445
Korus__Nikon_D7000_Tp_r855ab9bdt.png,Korus,0.0,0.0,0.005647183861583471
Korus__Nikon_D7000_Tp_r864ddea0t.png,Korus,0.0,0.0,0.0993388295173645
Korus__Nikon_D7000_Tp_r8d9821cft.png,Korus,0.0,0.0,0.03851417824625969
Korus__Nikon_D7000_Tp_r8fb3d291t.png,Korus,0.0,0.0,0.10326099395751953
Korus__Nikon_D7000_Tp_r900a4975t.png,Korus,0.0,0.0,0.1370428204536438
Korus__Nikon_D7000_Tp_r90a6fa0dt.png,Korus,0.0,0.0,0.0812152773141861
Korus__Nikon_D7000_Tp_r92214bb9t.png,Korus,0.0,0.0,0.09829378873109818
Korus__Nikon_D7000_Tp_r92d262b0t.png,Korus,0.0,0.0,0.04849103093147278
Korus__Nikon_D7000_Tp_r95055c12t.png,Korus,0.0,0.0,0.1337876170873642
Korus__Nikon_D7000_Tp_r98137125t.png,Korus,0.0,0.0,0.012256944552063942
Korus__Nikon_D7000_Tp_r9dd68cc6t.png,Korus,0.0,0.0,0.01636236533522606
Korus__Nikon_D7000_Tp_ra2feaee3t.png,Korus,0.0,0.0,0.07578510791063309
Korus__Nikon_D7000_Tp_ra413ed3at.png,Korus,0.0,0.0,0.09981529414653778
Korus__Nikon_D7000_Tp_ra575292ct.png,Korus,0.0,0.0,0.016289545223116875
Korus__Nikon_D7000_Tp_ra933d303t.png,Korus,0.0,0.0,0.02604793570935726
Korus__Nikon_D7000_Tp_rb6b66015t.png,Korus,0.0,0.0,0.04289303719997406
Korus__Nikon_D7000_Tp_rb79056e7t.png,Korus,0.0,0.0,0.021486304700374603
Korus__Nikon_D90_Tp_r0428df0ct.png,Korus,0.0,0.0,0.03881703317165375
Korus__Nikon_D90_Tp_r0f2e6baft.png,Korus,0.0,0.0,0.05868200212717056
Korus__Nikon_D90_Tp_r1be2a3d5t.png,Korus,0.0,0.0,0.05353829264640808
Korus__Nikon_D90_Tp_r1f23f4ddt.png,Korus,0.0,0.0,0.03210021182894707
Korus__Nikon_D90_Tp_r22ff2c23t.png,Korus,0.0,0.0,0.0156259648501873
Korus__Nikon_D90_Tp_r233ca958t.png,Korus,0.0,0.0,0.04354263097047806
Korus__Nikon_D90_Tp_r280500d8t.png,Korus,0.0,0.0,0.047018229961395264
Korus__Nikon_D90_Tp_r2874ea4et.png,Korus,0.0,0.0,0.01717689074575901
Korus__Nikon_D90_Tp_r2c07a32bt.png,Korus,0.0,0.0,0.026550443843007088
Korus__Nikon_D90_Tp_r2d0cf075t.png,Korus,0.0,0.0,0.01313464529812336
Korus__Nikon_D90_Tp_r2d5acd8ct.png,Korus,0.0,0.0,0.09521845728158951
Korus__Nikon_D90_Tp_r2e23921at.png,Korus,0.0,0.0,0.034046586602926254
Korus__Nikon_D90_Tp_r2eb3894ft.png,Korus,0.0,0.0,0.06802903115749359
Korus__Nikon_D90_Tp_r381b33f9t.png,Korus,0.0,0.0,0.04055941477417946
Korus__Nikon_D90_Tp_r403881f6t.png,Korus,0.0,0.0,0.05190489813685417
Korus__Nikon_D90_Tp_r4156671ct.png,Korus,0.0,0.0,0.17830584943294525
Korus__Nikon_D90_Tp_r51ad899dt.png,Korus,0.0,0.0,0.026858121156692505
Korus__Nikon_D90_Tp_r52b6b3edt.png,Korus,0.0,0.0,0.01341676339507103
Korus__Nikon_D90_Tp_r5681fb1ct.png,Korus,0.0,0.0,0.02315538190305233
Korus__Nikon_D90_Tp_r5e07d7b3t.png,Korus,0.0,0.0,0.07802083343267441
Korus__Nikon_D90_Tp_r6a6811f1t.png,Korus,0.0,0.0,0.03908950462937355
Korus__Nikon_D90_Tp_r73eca048t.png,Korus,0.0,0.0,0.032396797090768814
Korus__Nikon_D90_Tp_r76b186e8t.png,Korus,0.0,0.0,0.006754918955266476
Korus__Nikon_D90_Tp_r7710a7fat.png,Korus,0.0,0.0,0.06619936227798462
Korus__Nikon_D90_Tp_r7bb2451dt.png,Korus,0.0,0.0,0.032050538808107376
Korus__Nikon_D90_Tp_r814b9416t.png,Korus,0.0,0.0,0.028555169701576233
Korus__Nikon_D90_Tp_r8385ec46t.png,Korus,0.0,0.0,0.006737075746059418
Korus__Nikon_D90_Tp_r88152bc6t.png,Korus,0.0,0.0,0.11719425022602081
Korus__Nikon_D90_Tp_r9683df80t.png,Korus,0.0,0.0,0.015191936865448952
Korus__Nikon_D90_Tp_r9c95ce63t.png,Korus,0.0,0.0,0.03154996037483215
Korus__Nikon_D90_Tp_r9ebe97bct.png,Korus,0.0,0.0,0.07895930111408234
Korus__Nikon_D90_Tp_ra1e733e4t.png,Korus,0.0,0.0,0.029462769627571106
Korus__Nikon_D90_Tp_ra4a97e51t.png,Korus,0.0,0.0,0.035191453993320465
Korus__Nikon_D90_Tp_ra612bf10t.png,Korus,0.0,0.0,0.01815924048423767
Korus__Nikon_D90_Tp_ra71d71cat.png,Korus,0.0,0.0,0.06993778795003891
Korus__Nikon_D90_Tp_rb4593e2bt.png,Korus,0.0,0.0,0.05242959037423134
Korus__Nikon_D90_Tp_rb47efc90t.png,Korus,0.0,0.0,0.4212803840637207
Korus__Nikon_D90_Tp_rbc87504ct.png,Korus,0.0,0.0,0.04429977014660835
Korus__Nikon_D90_Tp_rbdef70e5t.png,Korus,0.0,0.0,0.013845004141330719
Korus__Nikon_D90_Tp_rbe0d7c4bt.png,Korus,0.0,0.0,0.02541184425354004
Korus__Nikon_D90_Tp_rc464e4act.png,Korus,0.0,0.0,0.10571663081645966
Korus__Nikon_D90_Tp_rc526e111t.png,Korus,0.0,0.0,0.09065200388431549
Korus__Nikon_D90_Tp_rc8f25ecdt.png,Korus,0.0,0.0,0.05087239667773247
Korus__Nikon_D90_Tp_rcf8e62abt.png,Korus,0.0,0.0,0.008637635037302971
Korus__Nikon_D90_Tp_rd3534b7ct.png,Korus,0.0,0.0,0.05310812219977379
Korus__Nikon_D90_Tp_rdc96595et.png,Korus,0.0,0.0,0.06073832884430885
Korus__Nikon_D90_Tp_rdff42cect.png,Korus,0.0,0.0,0.02272135391831398
Korus__Nikon_D90_Tp_re6d1dc1et.png,Korus,0.0,0.0,0.047690972685813904
Korus__Nikon_D90_Tp_re9006ea8t.png,Korus,0.0,0.0,0.044924769550561905
Korus__Nikon_D90_Tp_re9a83ac0t.png,Korus,0.0,0.0,0.054472416639328
Korus__Nikon_D90_Tp_reb291931t.png,Korus,0.0,0.0,0.00965422485023737
Korus__Nikon_D90_Tp_rf40488a1t.png,Korus,0.0,0.0,0.03215808421373367
Korus__Nikon_D90_Tp_rf561cd11t.png,Korus,0.0,0.0,0.019555844366550446
Korus__Nikon_D90_Tp_rf7b8a41ft.png,Korus,0.0,0.0,0.02379533089697361
Korus__Nikon_D90_Tp_rfd2f8d05t.png,Korus,0.0,0.0,0.023135609924793243
Korus__Sony_A57_Tp_DSC05635.png,Korus,0.0,0.0,0.03524932637810707
Korus__Sony_A57_Tp_DSC05638.png,Korus,0.0,0.0,0.04838734492659569
Korus__Sony_A57_Tp_DSC05646.png,Korus,0.0,0.0,0.04829764738678932
Korus__Sony_A57_Tp_DSC05684.png,Korus,0.0,0.0,0.0540890246629715
Korus__Sony_A57_Tp_DSC05748.png,Korus,0.0,0.0,0.05252218246459961
Korus__Sony_A57_Tp_DSC05787.png,Korus,0.0,0.0,0.05665557458996773
Korus__Sony_A57_Tp_DSC05810.png,Korus,0.0,0.0,0.04646315425634384
Korus__Sony_A57_Tp_DSC05814.png,Korus,0.0,0.0,0.011762634851038456
Korus__Sony_A57_Tp_DSC05822.png,Korus,0.0,0.0,0.0378694050014019
Korus__Sony_A57_Tp_DSC05858.png,Korus,0.0,0.0,0.09383343160152435
Korus__Sony_A57_Tp_DSC05865.png,Korus,0.0,0.0,0.045125868171453476
Korus__Sony_A57_Tp_DSC05887.png,Korus,0.0,0.0,0.04849151149392128
Korus__Sony_A57_Tp_DSC05903.png,Korus,0.0,0.0,0.01641155406832695
Korus__Sony_A57_Tp_DSC05962.png,Korus,0.0,0.0,0.02697000466287136
Korus__Sony_A57_Tp_DSC05966.png,Korus,0.0,0.0,0.038289930671453476
Korus__Sony_A57_Tp_DSC06005.png,Korus,0.0,0.0,0.019165219739079475
Korus__Sony_A57_Tp_DSC06028.png,Korus,0.0,0.0,0.11394579708576202
Korus__Sony_A57_Tp_DSC06060.png,Korus,0.0,0.0,0.017603684216737747
Korus__Sony_A57_Tp_DSC06079.png,Korus,0.0,0.0,0.1635710895061493
Korus__Sony_A57_Tp_DSC06083.png,Korus,0.0,0.0,0.07879388332366943
Korus__Sony_A57_Tp_DSC06155.png,Korus,0.0,0.0,0.016419753432273865
Korus__Sony_A57_Tp_DSC06160.png,Korus,0.0,0.0,0.05145447701215744
Korus__Sony_A57_Tp_DSC06205.png,Korus,0.0,0.0,0.050463445484638214
Korus__Sony_A57_Tp_DSC06212.png,Korus,0.0,0.0,0.012150849215686321
Korus__Sony_A57_Tp_DSC06227.png,Korus,0.0,0.0,0.016555748879909515
Korus__Sony_A57_Tp_DSC06229.png,Korus,0.0,0.0,0.033586516976356506
Korus__Sony_A57_Tp_DSC06240.png,Korus,0.0,0.0,0.018480420112609863
Korus__Sony_A57_Tp_DSC06266.png,Korus,0.0,0.0,0.05225308611989021
Korus__Sony_A57_Tp_DSC06273.png,Korus,0.0,0.0,0.014633005484938622
Korus__Sony_A57_Tp_DSC06296.png,Korus,0.0,0.0,0.025555074214935303
Korus__Sony_A57_Tp_DSC06317.png,Korus,0.0,0.0,0.1306896209716797
Korus__Sony_A57_Tp_DSC06322.png,Korus,0.0,0.0,0.008607253432273865
Korus__Sony_A57_Tp_DSC06337.png,Korus,0.0,0.0,0.04281008988618851
Korus__Sony_A57_Tp_DSC06343.png,Korus,0.0,0.0,0.04321904107928276
Korus__Sony_A57_Tp_DSC06349.png,Korus,0.0,0.0,0.0074667246080935
Korus__Sony_A57_Tp_DSC06389.png,Korus,0.0,0.0,0.04721450433135033
Korus__Sony_A57_Tp_DSC06390.png,Korus,0.0,0.0,0.06367621570825577
Korus__Sony_A57_Tp_DSC06659.png,Korus,0.0,0.0,0.01547598373144865
Korus__Sony_A57_Tp_DSC06771.png,Korus,0.0,0.0,0.12666860222816467
Korus__Sony_A57_Tp_DSC07003.png,Korus,0.0,0.0,0.008592785336077213
Korus__Sony_A57_Tp_DSC07004.png,Korus,0.0,0.0,0.03295524790883064
Korus__Sony_A57_Tp_DSC07014.png,Korus,0.0,0.0,0.06937982141971588
Korus__Sony_A57_Tp_DSC07125.png,Korus,0.0,0.0,0.014801793731749058
Korus__Sony_A57_Tp_DSC07140.png,Korus,0.0,0.0,0.03459297865629196
Korus__Sony_A57_Tp_DSC07193.png,Korus,0.0,0.0,0.04845775291323662
Korus__Sony_A57_Tp_DSC07222.png,Korus,0.0,0.0,0.04543885216116905
Korus__Sony_A57_Tp_DSC07311.png,Korus,0.0,0.0,0.1957518309354782
Korus__Sony_A57_Tp_DSC07335.png,Korus,0.0,0.0,0.00882137380540371
Korus__Sony_A57_Tp_DSC07341.png,Korus,0.0,0.0,0.09821470081806183
Korus__Sony_A57_Tp_DSC07400.png,Korus,0.0,0.0,0.18200857937335968
Korus__Sony_A57_Tp_DSC07411.png,Korus,0.0,0.0,0.18208670616149902
Korus__Sony_A57_Tp_DSC07443.png,Korus,0.0,0.0,0.0636429414153099
Korus__Sony_A57_Tp_DSC07462.png,Korus,0.0,0.0,0.047430556267499924
Korus__Sony_A57_Tp_DSC07463.png,Korus,0.0,0.0,0.10378182679414749
Korus__Sony_A57_Tp_DSC07469.png,Korus,0.0,0.0,0.1961810439825058
NIST16__NC2016_0016.png,NIST16,0.0,0.0,0.04921366646885872
NIST16__NC2016_0048.png,NIST16,0.0,0.0,0.43890780210494995
NIST16__NC2016_0128.png,NIST16,0.0,0.0,0.04480154812335968
NIST16__NC2016_0130.png,NIST16,0.0,0.0,0.00826379843056202
NIST16__NC2016_0202.png,NIST16,0.0,0.0,0.016956284642219543
NIST16__NC2016_0211.png,NIST16,0.0,0.0,0.07494713366031647
NIST16__NC2016_0222.png,NIST16,0.0,0.0,0.028484761714935303
NIST16__NC2016_0229.png,NIST16,0.0,0.0,0.008317113853991032
NIST16__NC2016_0254.png,NIST16,0.0,0.0,0.10104724019765854
NIST16__NC2016_0278.png,NIST16,0.0,0.0,0.09712831676006317
NIST16__NC2016_0280.png,NIST16,0.0,0.0,0.019454726949334145
NIST16__NC2016_0286.png,NIST16,0.0,0.0,0.11511258035898209
NIST16__NC2016_0289.png,NIST16,0.0,0.0,0.053059060126543045
NIST16__NC2016_0293.png,NIST16,0.0,0.0,0.027307609096169472
NIST16__NC2016_0299.png,NIST16,0.0,0.0,0.3040734827518463
NIST16__NC2016_0313.png,NIST16,0.0,0.0,0.15483878552913666
NIST16__NC2016_0342.png,NIST16,0.0,0.0,0.015483686700463295
NIST16__NC2016_0343.png,NIST16,0.0,0.0,0.10401494801044464
NIST16__NC2016_0351.png,NIST16,0.0,0.0,0.002774778986349702
NIST16__NC2016_0394.png,NIST16,0.0,0.0,0.030076846480369568
NIST16__NC2016_0408.png,NIST16,0.0,0.0,0.28686678409576416
NIST16__NC2016_0444.png,NIST16,0.0,0.0,0.5073520541191101
NIST16__NC2016_0459.png,NIST16,0.0,0.0,0.09829597175121307
NIST16__NC2016_0481.png,NIST16,0.0,0.0,0.09815745800733566
NIST16__NC2016_0484.png,NIST16,0.0,0.0,0.09858392924070358
NIST16__NC2016_0516.png,NIST16,0.0,0.0,0.054261140525341034
NIST16__NC2016_0527.png,NIST16,0.0,0.0,0.012075424194335938
NIST16__NC2016_0550.png,NIST16,0.0,0.0,0.03925986588001251
NIST16__NC2016_0569.png,NIST16,0.0,0.0,0.00844562891870737
NIST16__NC2016_0571.png,NIST16,0.0,0.0,0.1659865379333496
NIST16__NC2016_0587.png,NIST16,0.0,0.0,0.33186909556388855
NIST16__NC2016_0589.png,NIST16,0.0,0.0,0.02298928238451481
NIST16__NC2016_0596.png,NIST16,0.0,0.0,0.017442742362618446
NIST16__NC2016_0600.png,NIST16,0.0,0.0,0.10559456050395966
NIST16__NC2016_0613.png,NIST16,0.0,0.0,0.21176844835281372
NIST16__NC2016_0623.png,NIST16,0.0,0.0,0.43890780210494995
NIST16__NC2016_0625.png,NIST16,0.0,0.0,0.026776935905218124
NIST16__NC2016_0650.png,NIST16,0.0,0.0,0.014344888739287853
NIST16__NC2016_0674.png,NIST16,0.0,0.0,0.021484250202775
NIST16__NC2016_0684.png,NIST16,0.0,0.0,0.03867924213409424
NIST16__NC2016_0741.png,NIST16,0.0,0.0,0.07664532214403152
NIST16__NC2016_0758.png,NIST16,0.0,0.0,0.01874764822423458
NIST16__NC2016_0766.png,NIST16,0.0,0.0,0.32871419191360474
NIST16__NC2016_0787.png,NIST16,0.0,0.0,0.12317600846290588
NIST16__NC2016_0796.png,NIST16,0.0,0.0,0.03198830783367157
NIST16__NC2016_0800.png,NIST16,0.0,0.0,0.14183171093463898
NIST16__NC2016_0830.png,NIST16,0.0,0.0,0.11807794868946075
NIST16__NC2016_0859.png,NIST16,0.0,0.0,0.05068061500787735
NIST16__NC2016_0871.png,NIST16,0.0,0.0,0.003100398927927017
NIST16__NC2016_0876.png,NIST16,0.0,0.0,0.05982954800128937
NIST16__NC2016_0887.png,NIST16,0.0,0.0,0.014797921292483807
NIST16__NC2016_0906.png,NIST16,0.0,0.0,0.3456386923789978
NIST16__NC2016_0942.png,NIST16,0.0,0.0,0.0512448325753212
NIST16__NC2016_0957.png,NIST16,0.0,0.0,0.5073520541191101
NIST16__NC2016_0963.png,NIST16,0.0,0.0,0.005579655058681965
NIST16__NC2016_0994.png,NIST16,0.0,0.0,0.02298928238451481
NIST16__NC2016_1094.png,NIST16,0.0,0.0,0.012189322151243687
NIST16__NC2016_1103.png,NIST16,0.0,0.0,0.004918619990348816
NIST16__NC2016_1125.png,NIST16,0.0,0.0,0.06414460390806198
NIST16__NC2016_1141.png,NIST16,0.0,0.0,0.32871419191360474
NIST16__NC2016_1148.png,NIST16,0.0,0.0,0.0029547489248216152
NIST16__NC2016_1165.png,NIST16,0.0,0.0,0.017670009285211563
NIST16__NC2016_1198.png,NIST16,0.0,0.0,0.0026130415499210358
NIST16__NC2016_1213.png,NIST16,0.0,0.0,0.04271304979920387
NIST16__NC2016_1217.png,NIST16,0.0,0.0,0.016630185768008232
NIST16__NC2016_1225.png,NIST16,0.0,0.0,0.2474629282951355
NIST16__NC2016_1255.png,NIST16,0.0,0.0,0.009272060357034206
NIST16__NC2016_1264.png,NIST16,0.0,0.0,0.03795381262898445
NIST16__NC2016_1289.png,NIST16,0.0,0.0,0.026776935905218124
NIST16__NC2016_1293.png,NIST16,0.0,0.0,0.3454693853855133
NIST16__NC2016_1299.png,NIST16,0.0,0.0,0.010364941321313381
NIST16__NC2016_1332.png,NIST16,0.0,0.0,0.009612316265702248
NIST16__NC2016_1379.png,NIST16,0.0,0.0,0.014344888739287853
NIST16__NC2016_1396.png,NIST16,0.0,0.0,0.10357768833637238
NIST16__NC2016_1433.png,NIST16,0.0,0.0,0.002554541453719139
NIST16__NC2016_1437.png,NIST16,0.0,0.0,0.022103730589151382
NIST16__NC2016_1470.png,NIST16,0.0,0.0,0.07375260442495346
NIST16__NC2016_1475.png,NIST16,0.0,0.0,0.09851487725973129
NIST16__NC2016_1513.png,NIST16,0.0,0.0,0.010654106736183167
NIST16__NC2016_1515.png,NIST16,0.0,0.0,0.04590730741620064
NIST16__NC2016_1520.png,NIST16,0.0,0.0,0.02287973277270794
NIST16__NC2016_1532.png,NIST16,0.0,0.0,0.004062334541231394
NIST16__NC2016_1543.png,NIST16,0.0,0.0,0.02666935697197914
NIST16__NC2016_1545.png,NIST16,0.0,0.0,0.014381968416273594
NIST16__NC2016_1546.png,NIST16,0.0,0.0,0.05744233354926109
NIST16__NC2016_1555.png,NIST16,0.0,0.0,0.08977720141410828
NIST16__NC2016_1562.png,NIST16,0.0,0.0,0.08065412193536758
NIST16__NC2016_1571.png,NIST16,0.0,0.0,0.07331807166337967
NIST16__NC2016_1572.png,NIST16,0.0,0.0,0.011072839610278606
NIST16__NC2016_1616.png,NIST16,0.0,0.0,0.04168675094842911
NIST16__NC2016_1633.png,NIST16,0.0,0.0,0.0061097946017980576
NIST16__NC2016_1718.png,NIST16,0.0,0.0,0.12630797922611237
NIST16__NC2016_1720.png,NIST16,0.0,0.0,0.04639141634106636
NIST16__NC2016_1728.png,NIST16,0.0,0.0,0.02994648925960064
NIST16__NC2016_1732.png,NIST16,0.0,0.0,0.021484250202775
NIST16__NC2016_1749.png,NIST16,0.0,0.0,0.030593499541282654
NIST16__NC2016_1755.png,NIST16,0.0,0.0,0.031981516629457474
NIST16__NC2016_1758.png,NIST16,0.0,0.0,0.017442742362618446
NIST16__NC2016_1759.png,NIST16,0.0,0.0,0.01809571497142315
NIST16__NC2016_1764.png,NIST16,0.0,0.0,0.080868661403656
NIST16__NC2016_1777.png,NIST16,0.0,0.0,0.0010765596525743604
NIST16__NC2016_1804.png,NIST16,0.0,0.0,0.0021318516228348017
NIST16__NC2016_1814.png,NIST16,0.0,0.0,0.0031054688151925802
NIST16__NC2016_1825.png,NIST16,0.0,0.0,0.045692864805459976
NIST16__NC2016_1857.png,NIST16,0.0,0.0,0.0354766845703125
NIST16__NC2016_1868.png,NIST16,0.0,0.0,0.025466138496994972
NIST16__NC2016_1873.png,NIST16,0.0,0.0,0.48143696784973145
NIST16__NC2016_1879.png,NIST16,0.0,0.0,0.10386256873607635
NIST16__NC2016_1890.png,NIST16,0.0,0.0,0.48143696784973145
NIST16__NC2016_1893.png,NIST16,0.0,0.0,0.07036466151475906
NIST16__NC2016_1917.png,NIST16,0.0,0.0,0.03339315578341484
NIST16__NC2016_1933.png,NIST16,0.0,0.0,0.4836309552192688
NIST16__NC2016_1937.png,NIST16,0.0,0.0,0.0028214307967573404
NIST16__NC2016_1944.png,NIST16,0.0,0.0,0.01683012582361698
NIST16__NC2016_1946.png,NIST16,0.0,0.0,0.5966625809669495
NIST16__NC2016_1966.png,NIST16,0.0,0.0,0.05322001501917839
NIST16__NC2016_1967.png,NIST16,0.0,0.0,0.11369265615940094
NIST16__NC2016_1986.png,NIST16,0.0,0.0,0.03472807630896568
NIST16__NC2016_1987.png,NIST16,0.0,0.0,0.01160611305385828
NIST16__NC2016_2023.png,NIST16,0.0,0.0,0.002924681408330798
NIST16__NC2016_2027.png,NIST16,0.0,0.0,0.0029547489248216152
NIST16__NC2016_2031.png,NIST16,0.0,0.0,0.0049571627750992775
NIST16__NC2016_2040.png,NIST16,0.0,0.0,0.0029487106949090958
NIST16__NC2016_2051.png,NIST16,0.0,0.0,0.022342918440699577
NIST16__NC2016_2080.png,NIST16,0.0,0.0,0.05804808810353279
NIST16__NC2016_2090.png,NIST16,0.0,0.0,0.2474629282951355
NIST16__NC2016_2122.png,NIST16,0.0,0.0,0.05312548950314522
NIST16__NC2016_2126.png,NIST16,0.0,0.0,0.040341462939977646
NIST16__NC2016_2144.png,NIST16,0.0,0.0,0.04617781564593315
NIST16__NC2016_2167.png,NIST16,0.0,0.0,0.001827514497563243
NIST16__NC2016_2202.png,NIST16,0.0,0.0,0.008878418244421482
NIST16__NC2016_2255.png,NIST16,0.0,0.0,0.7289519906044006
NIST16__NC2016_2262.png,NIST16,0.0,0.0,0.003628655569627881
NIST16__NC2016_2296.png,NIST16,0.0,0.0,0.01874764822423458
NIST16__NC2016_2300.png,NIST16,0.0,0.0,0.031004631891846657
NIST16__NC2016_2304.png,NIST16,0.0,0.0,0.6013239622116089
NIST16__NC2016_2305.png,NIST16,0.0,0.0,0.09999296069145203
NIST16__NC2016_2354.png,NIST16,0.0,0.0,0.011628890410065651
NIST16__NC2016_2372.png,NIST16,0.0,0.0,0.01922765001654625
NIST16__NC2016_2398.png,NIST16,0.0,0.0,0.3918396234512329
NIST16__NC2016_2403.png,NIST16,0.0,0.0,0.06900659948587418
NIST16__NC2016_2438.png,NIST16,0.0,0.0,0.11369265615940094
NIST16__NC2016_2441.png,NIST16,0.0,0.0,0.003100398927927017
NIST16__NC2016_2444.png,NIST16,0.0,0.0,0.21577070653438568
NIST16__NC2016_2456.png,NIST16,0.0,0.0,0.04168675094842911
NIST16__NC2016_2459.png,NIST16,0.0,0.0,0.030232593417167664
NIST16__NC2016_2487.png,NIST16,0.0,0.0,0.08809993416070938
NIST16__NC2016_2492.png,NIST16,0.0,0.0,0.0071891434490680695
NIST16__NC2016_2512.png,NIST16,0.0,0.0,0.08101357519626617
NIST16__NC2016_2550.png,NIST16,0.0,0.0,0.060518957674503326
NIST16__NC2016_2564.png,NIST16,0.0,0.0,0.051746223121881485
NIST16__NC2016_2571.png,NIST16,0.0,0.0,0.3172591030597687
NIST16__NC2016_2606.png,NIST16,0.0,0.0,0.0512448325753212
NIST16__NC2016_2618.png,NIST16,0.0,0.0,0.04271304979920387
NIST16__NC2016_2621.png,NIST16,0.0,0.0,0.011210937052965164
NIST16__NC2016_2624.png,NIST16,0.0,0.0,0.11559939384460449
NIST16__NC2016_2649.png,NIST16,0.0,0.0,0.09712831676006317
NIST16__NC2016_2666.png,NIST16,0.0,0.0,0.06423363834619522
NIST16__NC2016_2722.png,NIST16,0.0,0.0,0.01809571497142315
NIST16__NC2016_2754.png,NIST16,0.0,0.0,0.4738583266735077
NIST16__NC2016_2772.png,NIST16,0.0,0.0,0.01683012582361698
NIST16__NC2016_2785.png,NIST16,0.0,0.0,0.01094342302531004
NIST16__NC2016_2802.png,NIST16,0.0,0.0,0.04910169914364815
NIST16__NC2016_2812.png,NIST16,0.0,0.0,0.025434240698814392
NIST16__NC2016_2835.png,NIST16,0.0,0.0,0.04061593487858772
NIST16__NC2016_2858.png,NIST16,0.0,0.0,0.05792083218693733
NIST16__NC2016_2864.png,NIST16,0.0,0.0,0.025434240698814392
NIST16__NC2016_2901.png,NIST16,0.0,0.0,0.03835625946521759
NIST16__NC2016_2907.png,NIST16,0.0,0.0,0.03178214654326439
NIST16__NC2016_2942.png,NIST16,0.0,0.0,0.010033543221652508
NIST16__NC2016_3001.png,NIST16,0.0,0.0,0.09881767630577087
NIST16__NC2016_3004.png,NIST16,0.0,0.0,0.01137740258127451
NIST16__NC2016_3010.png,NIST16,0.0,0.0,0.21577070653438568
NIST16__NC2016_3042.png,NIST16,0.0,0.0,0.04620844125747681
NIST16__NC2016_3059.png,NIST16,0.0,0.0,0.080868661403656
NIST16__NC2016_3067.png,NIST16,0.0,0.0,0.016899384558200836
NIST16__NC2016_3092.png,NIST16,0.0,0.0,0.00826379843056202
NIST16__NC2016_3119.png,NIST16,0.0,0.0,0.0010338270803913474
NIST16__NC2016_3187.png,NIST16,0.0,0.0,0.1521403044462204
NIST16__NC2016_3195.png,NIST16,0.0,0.0,0.05295262485742569
NIST16__NC2016_3204.png,NIST16,0.0,0.0,0.09815745800733566
NIST16__NC2016_3207.png,NIST16,0.0,0.0,0.04228917136788368
NIST16__NC2016_3253.png,NIST16,0.0,0.0,0.4738583266735077
NIST16__NC2016_3304.png,NIST16,0.0,0.0,0.0825074166059494
NIST16__NC2016_3312.png,NIST16,0.0,0.0,0.11559939384460449
NIST16__NC2016_3335.png,NIST16,0.0,0.0,0.10559456050395966
NIST16__NC2016_3374.png,NIST16,0.0,0.0,0.010630862787365913
NIST16__NC2016_3382.png,NIST16,0.0,0.0,0.02074497565627098
NIST16__NC2016_3389.png,NIST16,0.0,0.0,0.1114388033747673
NIST16__NC2016_3397.png,NIST16,0.0,0.0,0.01965808868408203
NIST16__NC2016_3432.png,NIST16,0.0,0.0,0.04590730741620064
NIST16__NC2016_3475.png,NIST16,0.0,0.0,0.01916518062353134
NIST16__NC2016_3476.png,NIST16,0.0,0.0,0.1157161071896553
NIST16__NC2016_3491.png,NIST16,0.0,0.0,0.008267052471637726
NIST16__NC2016_3508.png,NIST16,0.0,0.0,0.023198068141937256
NIST16__NC2016_3563.png,NIST16,0.0,0.0,0.02743186615407467
NIST16__NC2016_3576.png,NIST16,0.0,0.0,0.023629166185855865
NIST16__NC2016_3577.png,NIST16,0.0,0.0,0.006013969890773296
NIST16__NC2016_3595.png,NIST16,0.0,0.0,0.10287469625473022
NIST16__NC2016_3601.png,NIST16,0.0,0.0,0.061635199934244156
NIST16__NC2016_3612.png,NIST16,0.0,0.0,0.05982954800128937
NIST16__NC2016_3627.png,NIST16,0.0,0.0,0.0013199078384786844
NIST16__NC2016_3660.png,NIST16,0.0,0.0,0.7289519906044006
NIST16__NC2016_3666.png,NIST16,0.0,0.0,0.7201319932937622
NIST16__NC2016_3675.png,NIST16,0.0,0.0,0.044951122254133224
NIST16__NC2016_3680.png,NIST16,0.0,0.0,0.052564527839422226
NIST16__NC2016_3688.png,NIST16,0.0,0.0,0.004559674765914679
NIST16__NC2016_3692.png,NIST16,0.0,0.0,0.042058855295181274
NIST16__NC2016_3704.png,NIST16,0.0,0.0,0.016812589019536972
NIST16__NC2016_3707.png,NIST16,0.0,0.0,0.08261018991470337
NIST16__NC2016_3725.png,NIST16,0.0,0.0,0.3172591030597687
NIST16__NC2016_3732.png,NIST16,0.0,0.0,0.09881767630577087
NIST16__NC2016_3801.png,NIST16,0.0,0.0,0.33186909556388855
NIST16__NC2016_3829.png,NIST16,0.0,0.0,0.07382243871688843
NIST16__NC2016_3832.png,NIST16,0.0,0.0,0.028125278651714325
NIST16__NC2016_3842.png,NIST16,0.0,0.0,0.11807794868946075
NIST16__NC2016_3850.png,NIST16,0.0,0.0,0.013455862179398537
NIST16__NC2016_3851.png,NIST16,0.0,0.0,0.029083991423249245
NIST16__NC2016_3854.png,NIST16,0.0,0.0,0.01137740258127451
NIST16__NC2016_3868.png,NIST16,0.0,0.0,0.032712388783693314
NIST16__NC2016_3906.png,NIST16,0.0,0.0,0.014348123222589493
NIST16__NC2016_3911.png,NIST16,0.0,0.0,0.03835625946521759
NIST16__NC2016_3938.png,NIST16,0.0,0.0,0.011466939933598042
NIST16__NC2016_3953.png,NIST16,0.0,0.0,0.04468432068824768
NIST16__NC2016_4009.png,NIST16,0.0,0.0,0.7201319932937622
NIST16__NC2016_4049.png,NIST16,0.0,0.0,0.09871671348810196
NIST16__NC2016_4053.png,NIST16,0.0,0.0,0.0812702476978302
NIST16__NC2016_4076.png,NIST16,0.0,0.0,0.0029355697333812714
NIST16__NC2016_4084.png,NIST16,0.0,0.0,0.022371454164385796
NIST16__NC2016_4145.png,NIST16,0.0,0.0,0.09002514183521271
NIST16__NC2016_4161.png,NIST16,0.0,0.0,0.24066175520420074
NIST16__NC2016_4166.png,NIST16,0.0,0.0,0.04617781564593315
NIST16__NC2016_4175.png,NIST16,0.0,0.0,0.02397862635552883
NIST16__NC2016_4188.png,NIST16,0.0,0.0,0.01388978585600853
NIST16__NC2016_4190.png,NIST16,0.0,0.0,0.052223462611436844
NIST16__NC2016_4192.png,NIST16,0.0,0.0,0.1008349359035492
NIST16__NC2016_4211.png,NIST16,0.0,0.0,0.14845633506774902
NIST16__NC2016_4219.png,NIST16,0.0,0.0,0.0654304176568985
NIST16__NC2016_4228.png,NIST16,0.0,0.0,0.05848956108093262
NIST16__NC2016_4232.png,NIST16,0.0,0.0,0.05848956108093262
NIST16__NC2016_4247.png,NIST16,0.0,0.0,0.12317600846290588
NIST16__NC2016_4274.png,NIST16,0.0,0.0,0.11142727732658386
NIST16__NC2016_4300.png,NIST16,0.0,0.0,0.08046872168779373
NIST16__NC2016_4301.png,NIST16,0.0,0.0,0.03352595493197441
NIST16__NC2016_4326.png,NIST16,0.0,0.0,0.04622803255915642
NIST16__NC2016_4327.png,NIST16,0.0,0.0,0.016933316364884377
NIST16__NC2016_4360.png,NIST16,0.0,0.0,0.01889214664697647
NIST16__NC2016_4363.png,NIST16,0.0,0.0,0.03795381262898445
NIST16__NC2016_4399.png,NIST16,0.0,0.0,0.010654106736183167
NIST16__NC2016_4427.png,NIST16,0.0,0.0,0.10357768833637238
NIST16__NC2016_4428.png,NIST16,0.0,0.0,0.09999296069145203
NIST16__NC2016_4429.png,NIST16,0.0,0.0,0.3015722632408142
NIST16__NC2016_4432.png,NIST16,0.0,0.0,0.10089030116796494
NIST16__NC2016_4434.png,NIST16,0.0,0.0,0.014797921292483807
NIST16__NC2016_4437.png,NIST16,0.0,0.0,0.0825074166059494
NIST16__NC2016_4463.png,NIST16,0.0,0.0,0.002554541453719139
NIST16__NC2016_4487.png,NIST16,0.0,0.0,0.05068061500787735
NIST16__NC2016_4498.png,NIST16,0.0,0.0,0.0012937500141561031
NIST16__NC2016_4503.png,NIST16,0.0,0.0,0.0028214307967573404
NIST16__NC2016_4507.png,NIST16,0.0,0.0,0.03382548689842224
NIST16__NC2016_4512.png,NIST16,0.0,0.0,0.0012911458034068346
NIST16__NC2016_4528.png,NIST16,0.0,0.0,0.07382243871688843
NIST16__NC2016_4534.png,NIST16,0.0,0.0,0.09851487725973129
NIST16__NC2016_4543.png,NIST16,0.0,0.0,0.10104724019765854
NIST16__NC2016_4544.png,NIST16,0.0,0.0,0.014831743203103542
NIST16__NC2016_4549.png,NIST16,0.0,0.0,0.054261140525341034
NIST16__NC2016_4571.png,NIST16,0.0,0.0,0.008267052471637726
NIST16__NC2016_4586.png,NIST16,0.0,0.0,0.015221595764160156
NIST16__NC2016_4589.png,NIST16,0.0,0.0,0.022696126252412796
NIST16__NC2016_4599.png,NIST16,0.0,0.0,0.07664532214403152
NIST16__NC2016_4604.png,NIST16,0.0,0.0,0.052564527839422226
NIST16__NC2016_4620.png,NIST16,0.0,0.0,0.1008349359035492
NIST16__NC2016_4621.png,NIST16,0.0,0.0,0.06423363834619522
NIST16__NC2016_4642.png,NIST16,0.0,0.0,0.03925986588001251
NIST16__NC2016_4651.png,NIST16,0.0,0.0,0.00844562891870737
NIST16__NC2016_4699.png,NIST16,0.0,0.0,0.0031519578769803047
NIST16__NC2016_4717.png,NIST16,0.0,0.0,0.0031519578769803047
NIST16__NC2016_4730.png,NIST16,0.0,0.0,0.06900659948587418
NIST16__NC2016_4804.png,NIST16,0.0,0.0,0.008317113853991032
NIST16__NC2016_4837.png,NIST16,0.0,0.0,0.012741046957671642
NIST16__NC2016_4867.png,NIST16,0.0,0.0,0.08724772185087204
NIST16__NC2016_4875.png,NIST16,0.0,0.0,0.08977720141410828
NIST16__NC2016_4883.png,NIST16,0.0,0.0,0.28686678409576416
NIST16__NC2016_4896.png,NIST16,0.0,0.0,0.013422966003417969
NIST16__NC2016_4901.png,NIST16,0.0,0.0,0.0026778269093483686
NIST16__NC2016_4936.png,NIST16,0.0,0.0,0.051746223121881485
NIST16__NC2016_4937.png,NIST16,0.0,0.0,0.14009910821914673
NIST16__NC2016_4940.png,NIST16,0.0,0.0,0.0007855097646825016
NIST16__NC2016_4956.png,NIST16,0.0,0.0,0.08065412193536758
NIST16__NC2016_4962.png,NIST16,0.0,0.0,0.11942358314990997
NIST16__NC2016_4981.png,NIST16,0.0,0.0,0.061635199934244156
NIST16__NC2016_4993.png,NIST16,0.0,0.0,0.16554032266139984
NIST16__NC2016_5009.png,NIST16,0.0,0.0,0.005803502630442381
NIST16__NC2016_5042.png,NIST16,0.0,0.0,0.26088905334472656
NIST16__NC2016_5048.png,NIST16,0.0,0.0,0.07331807166337967
NIST16__NC2016_5064.png,NIST16,0.0,0.0,0.011545776389539242
NIST16__NC2016_5131.png,NIST16,0.0,0.0,0.11511258035898209
NIST16__NC2016_5154.png,NIST16,0.0,0.0,0.009612316265702248
NIST16__NC2016_5174.png,NIST16,0.0,0.0,0.08809993416070938
NIST16__NC2016_5182.png,NIST16,0.0,0.0,0.16513746976852417
NIST16__NC2016_5196.png,NIST16,0.0,0.0,0.04910169914364815
NIST16__NC2016_5211.png,NIST16,0.0,0.0,0.30204373598098755
NIST16__NC2016_5218.png,NIST16,0.0,0.0,0.015263841487467289
NIST16__NC2016_5239.png,NIST16,0.0,0.0,0.007311197929084301
NIST16__NC2016_5240.png,NIST16,0.0,0.0,0.0021318516228348017
NIST16__NC2016_5243.png,NIST16,0.0,0.0,0.0058082775212824345
NIST16__NC2016_5257.png,NIST16,0.0,0.0,0.042058855295181274
NIST16__NC2016_5270.png,NIST16,0.0,0.0,0.021382808685302734
NIST16__NC2016_5275.png,NIST16,0.0,0.0,0.06194062530994415
NIST16__NC2016_5290.png,NIST16,0.0,0.0,0.03193565085530281
NIST16__NC2016_5300.png,NIST16,0.0,0.0,0.012087465263903141
NIST16__NC2016_5307.png,NIST16,0.0,0.0,0.014947916381061077
NIST16__NC2016_5313.png,NIST16,0.0,0.0,0.0654304176568985
NIST16__NC2016_5321.png,NIST16,0.0,0.0,0.004918619990348816
NIST16__NC2016_5334.png,NIST16,0.0,0.0,0.11545427143573761
NIST16__NC2016_5343.png,NIST16,0.0,0.0,0.017442742362618446
NIST16__NC2016_5345.png,NIST16,0.0,0.0,0.012087465263903141
NIST16__NC2016_5397.png,NIST16,0.0,0.0,0.04727606847882271
NIST16__NC2016_5442.png,NIST16,0.0,0.0,0.009272060357034206
NIST16__NC2016_5444.png,NIST16,0.0,0.0,0.0012911458034068346
NIST16__NC2016_5446.png,NIST16,0.0,0.0,0.011545776389539242
NIST16__NC2016_5512.png,NIST16,0.0,0.0,0.09092792868614197
NIST16__NC2016_5597.png,NIST16,0.0,0.0,0.021382808685302734
NIST16__NC2016_5604.png,NIST16,0.0,0.0,0.029083991423249245
NIST16__NC2016_5645.png,NIST16,0.0,0.0,0.008773677051067352
NIST16__NC2016_5702.png,NIST16,0.0,0.0,0.0016199784586206079
NIST16__NC2016_5730.png,NIST16,0.0,0.0,0.6545306444168091
NIST16__NC2016_5739.png,NIST16,0.0,0.0,0.01377834752202034
NIST16__NC2016_5749.png,NIST16,0.0,0.0,0.08724772185087204
NIST16__NC2016_5781.png,NIST16,0.0,0.0,0.04639141634106636
NIST16__NC2016_5809.png,NIST16,0.0,0.0,0.09858392924070358
NIST16__NC2016_5847.png,NIST16,0.0,0.0,0.07036466151475906
NIST16__NC2016_5881.png,NIST16,0.0,0.0,0.06489281356334686
NIST16__NC2016_5884.png,NIST16,0.0,0.0,0.02743186615407467
NIST16__NC2016_5887.png,NIST16,0.0,0.0,0.001700665452517569
NIST16__NC2016_5892.png,NIST16,0.0,0.0,0.14845633506774902
NIST16__NC2016_5913.png,NIST16,0.0,0.0,0.26088905334472656
NIST16__NC2016_5921.png,NIST16,0.0,0.0,0.030076846480369568
NIST16__NC2016_5929.png,NIST16,0.0,0.0,0.07903045415878296
NIST16__NC2016_5937.png,NIST16,0.0,0.0,0.010994619689881802
NIST16__NC2016_5943.png,NIST16,0.0,0.0,0.021645093336701393
NIST16__NC2016_6002.png,NIST16,0.0,0.0,0.0013199078384786844
NIST16__NC2016_6003.png,NIST16,0.0,0.0,0.03339315578341484
NIST16__NC2016_6005.png,NIST16,0.0,0.0,0.04727606847882271
NIST16__NC2016_6011.png,NIST16,0.0,0.0,0.018528267741203308
NIST16__NC2016_6014.png,NIST16,0.0,0.0,0.01377834752202034
NIST16__NC2016_6040.png,NIST16,0.0,0.0,0.016956284642219543
NIST16__NC2016_6058.png,NIST16,0.0,0.0,0.01965808868408203
NIST16__NC2016_6069.png,NIST16,0.0,0.0,0.012625664472579956
NIST16__NC2016_6103.png,NIST16,0.0,0.0,0.0571378618478775
NIST16__NC2016_6116.png,NIST16,0.0,0.0,0.0029487106949090958
NIST16__NC2016_6138.png,NIST16,0.0,0.0,0.04899166524410248
NIST16__NC2016_6142.png,NIST16,0.0,0.0,0.5966625809669495
NIST16__NC2016_6217.png,NIST16,0.0,0.0,0.0061097946017980576
NIST16__NC2016_6218.png,NIST16,0.0,0.0,0.01916518062353134
NIST16__NC2016_6233.png,NIST16,0.0,0.0,0.03382548689842224
NIST16__NC2016_6238.png,NIST16,0.0,0.0,0.03512142226099968
NIST16__NC2016_6253.png,NIST16,0.0,0.0,0.004062334541231394
NIST16__NC2016_6260.png,NIST16,0.0,0.0,0.0688357800245285
NIST16__NC2016_6287.png,NIST16,0.0,0.0,0.011836051940917969
NIST16__NC2016_6309.png,NIST16,0.0,0.0,0.07903045415878296
NIST16__NC2016_6312.png,NIST16,0.0,0.0,0.057235006242990494
NIST16__NC2016_6326.png,NIST16,0.0,0.0,0.002565104281529784
NIST16__NC2016_6343.png,NIST16,0.0,0.0,0.09092792868614197
NIST16__NC2016_6347.png,NIST16,0.0,0.0,0.0071891434490680695
NIST16__NC2016_6391.png,NIST16,0.0,0.0,0.09871671348810196
NIST16__NC2016_6412.png,NIST16,0.0,0.0,0.027204209938645363
NIST16__NC2016_6414.png,NIST16,0.0,0.0,0.023198068141937256
NIST16__NC2016_6426.png,NIST16,0.0,0.0,0.02287973277270794
NIST16__NC2016_6438.png,NIST16,0.0,0.0,0.01094342302531004
NIST16__NC2016_6450.png,NIST16,0.0,0.0,0.07947530597448349
NIST16__NC2016_6453.png,NIST16,0.0,0.0,0.0037762632127851248
NIST16__NC2016_6456.png,NIST16,0.0,0.0,0.2614997327327728
NIST16__NC2016_6479.png,NIST16,0.0,0.0,0.010364941321313381
NIST16__NC2016_6487.png,NIST16,0.0,0.0,0.016812589019536972
NIST16__NC2016_6495.png,NIST16,0.0,0.0,0.014947916381061077
NIST16__NC2016_6505.png,NIST16,0.0,0.0,0.053059060126543045
NIST16__NC2016_6518.png,NIST16,0.0,0.0,0.010630862787365913
NIST16__NC2016_6519.png,NIST16,0.0,0.0,0.004559674765914679
NIST16__NC2016_6555.png,NIST16,0.0,0.0,0.011466939933598042
NIST16__NC2016_6565.png,NIST16,0.0,0.0,0.028125278651714325
NIST16__NC2016_6572.png,NIST16,0.0,0.0,0.10287469625473022
NIST16__NC2016_6607.png,NIST16,0.0,0.0,0.01922765001654625
NIST16__NC2016_6619.png,NIST16,0.0,0.0,0.10401494801044464
NIST16__NC2016_6623.png,NIST16,0.0,0.0,0.001700665452517569
NIST16__NC2016_6625.png,NIST16,0.0,0.0,0.023629166185855865
NIST16__NC2016_6634.png,NIST16,0.0,0.0,0.005091520957648754
NIST16__NC2016_6640.png,NIST16,0.0,0.0,0.08046872168779373
NIST16__NC2016_6651.png,NIST16,0.0,0.0,0.3040734827518463
NIST16__NC2016_6673.png,NIST16,0.0,0.0,0.011400613002479076
NIST16__NC2016_6704.png,NIST16,0.0,0.0,0.05312548950314522
NIST16__NC2016_6722.png,NIST16,0.0,0.0,0.16554032266139984
NIST16__NC2016_6725.png,NIST16,0.0,0.0,0.08258404582738876
NIST16__NC2016_6733.png,NIST16,0.0,0.0,0.001827514497563243
NIST16__NC2016_6757.png,NIST16,0.0,0.0,0.022696126252412796
NIST16__NC2016_6796.png,NIST16,0.0,0.0,0.21176844835281372
NIST16__NC2016_6802.png,NIST16,0.0,0.0,0.14183171093463898
NIST16__NC2016_6806.png,NIST16,0.0,0.0,0.006013969890773296
NIST16__NC2016_6811.png,NIST16,0.0,0.0,0.016630185768008232
NIST16__NC2016_6817.png,NIST16,0.0,0.0,0.012741046957671642
NIST16__NC2016_6849.png,NIST16,0.0,0.0,0.061113737523555756
NIST16__NC2016_6880.png,NIST16,0.0,0.0,0.07947530597448349
NIST16__NC2016_6886.png,NIST16,0.0,0.0,0.027307609096169472
NIST16__NC2016_6888.png,NIST16,0.0,0.0,0.10089030116796494
NIST16__NC2016_6889.png,NIST16,0.0,0.0,0.010994619689881802
NIST16__NC2016_6890.png,NIST16,0.0,0.0,0.016899384558200836
NIST16__NC2016_6910.png,NIST16,0.0,0.0,0.018528267741203308
NIST16__NC2016_6969.png,NIST16,0.0,0.0,0.011836051940917969
NIST16__NC2016_7023.png,NIST16,0.0,0.0,0.011179719120264053
NIST16__NC2016_7025.png,NIST16,0.0,0.0,0.005685227923095226
NIST16__NC2016_7048.png,NIST16,0.0,0.0,0.11142727732658386
NIST16__NC2016_7065.png,NIST16,0.0,0.0,0.05792083218693733
NIST16__NC2016_7067.png,NIST16,0.0,0.0,0.022342918440699577
NIST16__NC2016_7094.png,NIST16,0.0,0.0,0.0012937500141561031
NIST16__NC2016_7095.png,NIST16,0.0,0.0,0.014831743203103542
NIST16__NC2016_7126.png,NIST16,0.0,0.0,0.0049571627750992775
NIST16__NC2016_7146.png,NIST16,0.0,0.0,0.045692864805459976
NIST16__NC2016_7151.png,NIST16,0.0,0.0,0.30204373598098755
NIST16__NC2016_7152.png,NIST16,0.0,0.0,0.0007155736093409359
NIST16__NC2016_7214.png,NIST16,0.0,0.0,0.031981516629457474
NIST16__NC2016_7262.png,NIST16,0.0,0.0,0.020256131887435913
NIST16__NC2016_7298.png,NIST16,0.0,0.0,0.11545427143573761
NIST16__NC2016_7312.png,NIST16,0.0,0.0,0.1659865379333496
NIST16__NC2016_7338.png,NIST16,0.0,0.0,0.031004631891846657
NIST16__NC2016_7339.png,NIST16,0.0,0.0,0.020525522530078888
NIST16__NC2016_7344.png,NIST16,0.0,0.0,0.013980500400066376
NIST16__NC2016_7352.png,NIST16,0.0,0.0,0.044951122254133224
NIST16__NC2016_7354.png,NIST16,0.0,0.0,0.005803502630442381
NIST16__NC2016_7356.png,NIST16,0.0,0.0,0.0058082775212824345
NIST16__NC2016_7359.png,NIST16,0.0,0.0,0.03512142226099968
NIST16__NC2016_7390.png,NIST16,0.0,0.0,0.02666935697197914
NIST16__NC2016_7398.png,NIST16,0.0,0.0,0.1157161071896553
NIST16__NC2016_7420.png,NIST16,0.0,0.0,0.021645093336701393
NIST16__NC2016_7429.png,NIST16,0.0,0.0,0.04622803255915642
NIST16__NC2016_7437.png,NIST16,0.0,0.0,0.013980500400066376
NIST16__NC2016_7480.png,NIST16,0.0,0.0,0.003628655569627881
NIST16__NC2016_7489.png,NIST16,0.0,0.0,0.0071126301772892475
NIST16__NC2016_7504.png,NIST16,0.0,0.0,0.09858392924070358
NIST16__NC2016_7511.png,NIST16,0.0,0.0,0.0071126301772892475
NIST16__NC2016_7534.png,NIST16,0.0,0.0,0.3456386923789978
NIST16__NC2016_7539.png,NIST16,0.0,0.0,0.04468432068824768
NIST16__NC2016_7561.png,NIST16,0.0,0.0,0.05295262485742569
NIST16__NC2016_7563.png,NIST16,0.0,0.0,0.0010765596525743604
NIST16__NC2016_7564.png,NIST16,0.0,0.0,0.004880393855273724
NIST16__NC2016_7572.png,NIST16,0.0,0.0,0.002774778986349702
NIST16__NC2016_7580.png,NIST16,0.0,0.0,0.05322001501917839
NIST16__NC2016_7587.png,NIST16,0.0,0.0,0.0812702476978302
NIST16__NC2016_7652.png,NIST16,0.0,0.0,0.1114388033747673
NIST16__NC2016_7654.png,NIST16,0.0,0.0,0.0010338270803913474
NIST16__NC2016_7666.png,NIST16,0.0,0.0,0.005685227923095226
NIST16__NC2016_7673.png,NIST16,0.0,0.0,0.03178214654326439
NIST16__NC2016_7691.png,NIST16,0.0,0.0,0.057235006242990494
NIST16__NC2016_7737.png,NIST16,0.0,0.0,0.061113737523555756
NIST16__NC2016_7747.png,NIST16,0.0,0.0,0.014348123222589493
NIST16__NC2016_7752.png,NIST16,0.0,0.0,0.12630797922611237
NIST16__NC2016_7759.png,NIST16,0.0,0.0,0.03774404525756836
NIST16__NC2016_7772.png,NIST16,0.0,0.0,0.014381968416273594
NIST16__NC2016_7781.png,NIST16,0.0,0.0,0.04704620689153671
NIST16__NC2016_7834.png,NIST16,0.0,0.0,0.3918396234512329
NIST16__NC2016_7865.png,NIST16,0.0,0.0,0.04704620689153671
NIST16__NC2016_7872.png,NIST16,0.0,0.0,0.027204209938645363
NIST16__NC2016_7878.png,NIST16,0.0,0.0,0.040341462939977646
NIST16__NC2016_7881.png,NIST16,0.0,0.0,0.016933316364884377
NIST16__NC2016_7882.png,NIST16,0.0,0.0,0.03193565085530281
NIST16__NC2016_7890.png,NIST16,0.0,0.0,0.012625664472579956
NIST16__NC2016_7894.png,NIST16,0.0,0.0,0.017442742362618446
NIST16__NC2016_7921.png,NIST16,0.0,0.0,0.06489281356334686
NIST16__NC2016_7953.png,NIST16,0.0,0.0,0.011210937052965164
NIST16__NC2016_7956.png,NIST16,0.0,0.0,0.015483686700463295
NIST16__NC2016_7989.png,NIST16,0.0,0.0,0.0007855097646825016
NIST16__NC2016_8051.png,NIST16,0.0,0.0,0.03867924213409424
NIST16__NC2016_8058.png,NIST16,0.0,0.0,0.05744233354926109
NIST16__NC2016_8065.png,NIST16,0.0,0.0,0.01388978585600853
NIST16__NC2016_8067.png,NIST16,0.0,0.0,0.09858392924070358
NIST16__NC2016_8091.png,NIST16,0.0,0.0,0.08258404582738876
NIST16__NC2016_8127.png,NIST16,0.0,0.0,0.004880393855273724
NIST16__NC2016_8148.png,NIST16,0.0,0.0,0.032712388783693314
NIST16__NC2016_8183.png,NIST16,0.0,0.0,0.02167135290801525
NIST16__NC2016_8236.png,NIST16,0.0,0.0,0.010033543221652508
NIST16__NC2016_8253.png,NIST16,0.0,0.0,0.03352595493197441
NIST16__NC2016_8265.png,NIST16,0.0,0.0,0.01991678960621357
NIST16__NC2016_8266.png,NIST16,0.0,0.0,0.3015722632408142
NIST16__NC2016_8350.png,NIST16,0.0,0.0,0.005091520957648754
NIST16__NC2016_8371.png,NIST16,0.0,0.0,0.012075424194335938
NIST16__NC2016_8411.png,NIST16,0.0,0.0,0.16513746976852417
NIST16__NC2016_8450.png,NIST16,0.0,0.0,0.0026778269093483686
NIST16__NC2016_8457.png,NIST16,0.0,0.0,0.0008999243145808578
NIST16__NC2016_8500.png,NIST16,0.0,0.0,0.08101357519626617
NIST16__NC2016_8517.png,NIST16,0.0,0.0,0.11942358314990997
NIST16__NC2016_8581.png,NIST16,0.0,0.0,0.11763875186443329
NIST16__NC2016_8586.png,NIST16,0.0,0.0,0.015263841487467289
NIST16__NC2016_8606.png,NIST16,0.0,0.0,0.011400613002479076
NIST16__NC2016_8618.png,NIST16,0.0,0.0,0.07494713366031647
NIST16__NC2016_8629.png,NIST16,0.0,0.0,0.6013239622116089
NIST16__NC2016_8682.png,NIST16,0.0,0.0,0.11763875186443329
NIST16__NC2016_8714.png,NIST16,0.0,0.0,0.04480154812335968
NIST16__NC2016_8720.png,NIST16,0.0,0.0,0.02994648925960064
NIST16__NC2016_8736.png,NIST16,0.0,0.0,0.052223462611436844
NIST16__NC2016_8738.png,NIST16,0.0,0.0,0.028484761714935303
NIST16__NC2016_8754.png,NIST16,0.0,0.0,0.015221595764160156
NIST16__NC2016_8769.png,NIST16,0.0,0.0,0.0037762632127851248
NIST16__NC2016_8796.png,NIST16,0.0,0.0,0.09829597175121307
NIST16__NC2016_8814.png,NIST16,0.0,0.0,0.04899166524410248
NIST16__NC2016_8834.png,NIST16,0.0,0.0,0.2614997327327728
NIST16__NC2016_8897.png,NIST16,0.0,0.0,0.025466138496994972
NIST16__NC2016_8900.png,NIST16,0.0,0.0,0.03472807630896568
NIST16__NC2016_8909.png,NIST16,0.0,0.0,0.02397862635552883
NIST16__NC2016_8926.png,NIST16,0.0,0.0,0.0026130415499210358
NIST16__NC2016_8965.png,NIST16,0.0,0.0,0.01991678960621357
NIST16__NC2016_8980.png,NIST16,0.0,0.0,0.0354766845703125
NIST16__NC2016_9009.png,NIST16,0.0,0.0,0.019454726949334145
NIST16__NC2016_9014.png,NIST16,0.0,0.0,0.06414460390806198
NIST16__NC2016_9038.png,NIST16,0.0,0.0,0.0016199784586206079
NIST16__NC2016_9055.png,NIST16,0.0,0.0,0.0029355697333812714
NIST16__NC2016_9073.png,NIST16,0.0,0.0,0.04661164432764053
NIST16__NC2016_9091.png,NIST16,0.0,0.0,0.01889214664697647
NIST16__NC2016_9108.png,NIST16,0.0,0.0,0.01160611305385828
NIST16__NC2016_9109.png,NIST16,0.0,0.0,0.04620844125747681
NIST16__NC2016_9112.png,NIST16,0.0,0.0,0.002924681408330798
NIST16__NC2016_9173.png,NIST16,0.0,0.0,0.030593499541282654
NIST16__NC2016_9176.png,NIST16,0.0,0.0,0.02167135290801525
NIST16__NC2016_9186.png,NIST16,0.0,0.0,0.022103730589151382
NIST16__NC2016_9191.png,NIST16,0.0,0.0,0.002565104281529784
NIST16__NC2016_9235.png,NIST16,0.0,0.0,0.10386256873607635
NIST16__NC2016_9241.png,NIST16,0.0,0.0,0.02074497565627098
NIST16__NC2016_9257.png,NIST16,0.0,0.0,0.03198830783367157
NIST16__NC2016_9272.png,NIST16,0.0,0.0,0.1521403044462204
NIST16__NC2016_9317.png,NIST16,0.0,0.0,0.022995831444859505
NIST16__NC2016_9347.png,NIST16,0.0,0.0,0.030232593417167664
NIST16__NC2016_9381.png,NIST16,0.0,0.0,0.022995831444859505
NIST16__NC2016_9402.png,NIST16,0.0,0.0,0.04921366646885872
NIST16__NC2016_9415.png,NIST16,0.0,0.0,0.0007155736093409359
NIST16__NC2016_9437.png,NIST16,0.0,0.0,0.022371454164385796
NIST16__NC2016_9445.png,NIST16,0.0,0.0,0.09002514183521271
NIST16__NC2016_9453.png,NIST16,0.0,0.0,0.060518957674503326
NIST16__NC2016_9462.png,NIST16,0.0,0.0,0.04228917136788368
NIST16__NC2016_9463.png,NIST16,0.0,0.0,0.008773677051067352
NIST16__NC2016_9513.png,NIST16,0.0,0.0,0.020256131887435913
NIST16__NC2016_9534.png,NIST16,0.0,0.0,0.0008999243145808578
NIST16__NC2016_9541.png,NIST16,0.0,0.0,0.03774404525756836
NIST16__NC2016_9573.png,NIST16,0.0,0.0,0.008878418244421482
NIST16__NC2016_9628.png,NIST16,0.0,0.0,0.020525522530078888
NIST16__NC2016_9629.png,NIST16,0.0,0.0,0.0571378618478775
NIST16__NC2016_9647.png,NIST16,0.0,0.0,0.05804808810353279
NIST16__NC2016_9651.png,NIST16,0.0,0.0,0.06194062530994415
NIST16__NC2016_9653.png,NIST16,0.0,0.0,0.017670009285211563
NIST16__NC2016_9691.png,NIST16,0.0,0.0,0.011628890410065651
NIST16__NC2016_9725.png,NIST16,0.0,0.0,0.013455862179398537
NIST16__NC2016_9727.png,NIST16,0.0,0.0,0.04661164432764053
NIST16__NC2016_9759.png,NIST16,0.0,0.0,0.0688357800245285
NIST16__NC2016_9766.png,NIST16,0.0,0.0,0.04061593487858772
NIST16__NC2016_9781.png,NIST16,0.0,0.0,0.24066175520420074
NIST16__NC2016_9789.png,NIST16,0.0,0.0,0.011179719120264053
NIST16__NC2016_9790.png,NIST16,0.0,0.0,0.011072839610278606
NIST16__NC2016_9807.png,NIST16,0.0,0.0,0.15483878552913666
NIST16__NC2016_9811.png,NIST16,0.0,0.0,0.14009910821914673
NIST16__NC2016_9818.png,NIST16,0.0,0.0,0.08261018991470337
NIST16__NC2016_9822.png,NIST16,0.0,0.0,0.07375260442495346
NIST16__NC2016_9857.png,NIST16,0.0,0.0,0.012189322151243687
NIST16__NC2016_9868.png,NIST16,0.0,0.0,0.013422966003417969
NIST16__NC2016_9904.png,NIST16,0.0,0.0,0.005579655058681965
NIST16__NC2016_9962.png,NIST16,0.0,0.0,0.007311197929084301
NIST16__NC2016_9984.png,NIST16,0.0,0.0,0.4836309552192688
NIST16__NC2016_9994.png,NIST16,0.0,0.0,0.0031054688151925802
coverage__1.png,coverage,0.0,0.0,0.13064692914485931
coverage__10.png,coverage,0.0,0.0,0.03147565945982933
coverage__100.png,coverage,0.0,0.0,0.14858567714691162
coverage__11.png,coverage,0.0,0.0,0.202797994017601
coverage__12.png,coverage,0.0,0.0,0.1255776733160019
coverage__13.png,coverage,0.0,0.0,0.08826744556427002
coverage__14.png,coverage,0.0,0.0,0.09233777970075607
coverage__15.png,coverage,0.0,0.0,0.14846667647361755
coverage__16.png,coverage,0.0,0.0,0.1183980256319046
coverage__17.png,coverage,0.0,0.0,0.21622730791568756
coverage__18.png,coverage,0.0,0.0,0.12474915385246277
coverage__19.png,coverage,0.0,0.0,0.24914294481277466
coverage__2.png,coverage,0.0,0.0,0.11648102104663849
coverage__20.png,coverage,0.0,0.0,0.13614113628864288
coverage__21.png,coverage,0.0,0.0,0.04108715057373047
coverage__22.png,coverage,0.0,0.0,0.11976335197687149
coverage__23.png,coverage,0.0,0.0,0.13244621455669403
coverage__24.png,coverage,0.0,0.0,0.13577014207839966
coverage__25.png,coverage,0.0,0.0,0.14714355766773224
coverage__26.png,coverage,0.0,0.0,0.19364051520824432
coverage__27.png,coverage,0.0,0.0,0.1274596005678177
coverage__28.png,coverage,0.0,0.0,0.06839273124933243
coverage__29.png,coverage,0.0,0.0,0.13838237524032593
coverage__3.png,coverage,0.0,0.0,0.13873417675495148
coverage__30.png,coverage,0.0,0.0,0.023171192035079002
coverage__31.png,coverage,0.0,0.0,0.14939214289188385
coverage__32.png,coverage,0.0,0.0,0.0813818871974945
coverage__33.png,coverage,0.0,0.0,0.22175021469593048
coverage__34.png,coverage,0.0,0.0,0.08922919631004333
coverage__35.png,coverage,0.0,0.0,0.136415034532547
coverage__36.png,coverage,0.0,0.0,0.07978533208370209
coverage__37.png,coverage,0.0,0.0,0.10142527520656586
coverage__38.png,coverage,0.0,0.0,0.10249467194080353
coverage__39.png,coverage,0.0,0.0,0.12201414257287979
coverage__4.png,coverage,0.0,0.0,0.08784843981266022
coverage__40.png,coverage,0.0,0.0,0.01487606018781662
coverage__41.png,coverage,0.0,0.0,0.07408814877271652
coverage__42.png,coverage,0.0,0.0,0.05202986299991608
coverage__43.png,coverage,0.0,0.0,0.09944173693656921
coverage__44.png,coverage,0.0,0.0,0.05328946188092232
coverage__45.png,coverage,0.0,0.0,0.1387394666671753
coverage__46.png,coverage,0.0,0.0,0.0027217676397413015
coverage__47.png,coverage,0.0,0.0,0.020073121413588524
coverage__48.png,coverage,0.0,0.0,0.12461728602647781
coverage__49.png,coverage,0.0,0.0,0.025579223409295082
coverage__5.png,coverage,0.0,0.0,0.16364309191703796
coverage__50.png,coverage,0.0,0.0,0.1592501848936081
coverage__51.png,coverage,0.0,0.0,0.20049802958965302
coverage__52.png,coverage,0.0,0.0,0.13120150566101074
coverage__53.png,coverage,0.0,0.0,0.10210840404033661
coverage__54.png,coverage,0.0,0.0,0.06727141886949539
coverage__55.png,coverage,0.0,0.0,0.13264082372188568
coverage__56.png,coverage,0.0,0.0,0.03024517558515072
coverage__57.png,coverage,0.0,0.0,0.01975143514573574
coverage__58.png,coverage,0.0,0.0,0.011961247771978378
coverage__59.png,coverage,0.0,0.0,0.13923364877700806
coverage__6.png,coverage,0.0,0.0,0.13823845982551575
coverage__60.png,coverage,0.0,0.0,0.029104897752404213
coverage__61.png,coverage,0.0,0.0,0.08697127550840378
coverage__62.png,coverage,0.0,0.0,0.03616873547434807
coverage__63.png,coverage,0.0,0.0,0.17130610346794128
coverage__64.png,coverage,0.0,0.0,0.09309544414281845
coverage__65.png,coverage,0.0,0.0,0.022591078653931618
coverage__66.png,coverage,0.0,0.0,0.13398894667625427
coverage__67.png,coverage,0.0,0.0,0.2296065092086792
coverage__68.png,coverage,0.0,0.0,0.05440507456660271
coverage__69.png,coverage,0.0,0.0,0.17585906386375427
coverage__7.png,coverage,0.0,0.0,0.06532933562994003
coverage__70.png,coverage,0.0,0.0,0.060053687542676926
coverage__71.png,coverage,0.0,0.0,0.08313915133476257
coverage__72.png,coverage,0.0,0.0,0.14132800698280334
coverage__73.png,coverage,0.0,0.0,0.046124011278152466
coverage__74.png,coverage,0.0,0.0,0.08656198531389236
coverage__75.png,coverage,0.0,0.0,0.1517246961593628
coverage__76.png,coverage,0.0,0.0,0.12121212482452393
coverage__77.png,coverage,0.0,0.0,0.1328481286764145
coverage__78.png,coverage,0.0,0.0,0.05677104368805885
coverage__79.png,coverage,0.0,0.0,0.1135726347565651
coverage__8.png,coverage,0.0,0.0,0.11107535660266876
coverage__80.png,coverage,0.0,0.0,0.043759848922491074
coverage__81.png,coverage,0.0,0.0,0.15744216740131378
coverage__82.png,coverage,0.0,0.0,0.12313694506883621
coverage__83.png,coverage,0.0,0.0,0.20729276537895203
coverage__84.png,coverage,0.0,0.0,0.16625867784023285
coverage__85.png,coverage,0.0,0.0,0.11258400976657867
coverage__86.png,coverage,0.0,0.0,0.1550629436969757
coverage__87.png,coverage,0.0,0.0,0.17101135849952698
coverage__88.png,coverage,0.0,0.0,0.12579520046710968
coverage__89.png,coverage,0.0,0.0,0.13156753778457642
coverage__9.png,coverage,0.0,0.0,0.07951682806015015
coverage__90.png,coverage,0.0,0.0,0.10508416593074799
coverage__91.png,coverage,0.0,0.0,0.05449516698718071
coverage__92.png,coverage,0.0,0.0,0.27350059151649475
coverage__93.png,coverage,0.0,0.0,0.09333311021327972
coverage__94.png,coverage,0.0,0.0,0.2787330448627472
coverage__95.png,coverage,0.0,0.0,0.01577477715909481
coverage__96.png,coverage,0.0,0.0,0.19611577689647675
coverage__97.png,coverage,0.0,0.0,0.184316948056221
coverage__98.png,coverage,0.0,0.0,0.012688939459621906
coverage__99.png,coverage,0.0,0.0,0.10326533019542694
wild__2217.png,wild,0.0,0.0,0.5845479369163513
wild__2251.png,wild,0.0,0.0,0.29503610730171204
wild__2301.png,wild,0.0,0.0,0.2553333342075348
wild__2308.png,wild,0.0,0.0,0.09610416740179062
wild__2318.png,wild,0.0,0.0,0.11235694587230682
wild__2395.png,wild,0.0,0.0,0.07860416918992996
wild__2508.png,wild,0.0,0.0,0.2895236015319824
wild__2511.png,wild,0.0,0.0,0.17114652693271637
wild__2525.png,wild,0.0,0.0,0.2350965291261673
wild__2536.png,wild,0.0,0.0,0.18736250698566437
wild__2564.png,wild,0.0,0.0,0.10760624706745148
wild__2574.png,wild,0.0,0.0,0.25244027376174927
wild__2577.png,wild,0.0,0.0,0.5483930706977844
wild__2581.png,wild,0.0,0.0,0.07086250185966492
wild__2701.png,wild,0.0,0.0,0.062215276062488556
wild__2705.png,wild,0.0,0.0,0.2843916714191437
wild__2785.png,wild,0.0,0.0,0.09034235775470734
wild__2810.png,wild,0.0,0.0,0.32972848415374756
wild__2839.png,wild,0.0,0.0,0.259710431098938
wild__2844.png,wild,0.0,0.0,0.11680624634027481
wild__2867.png,wild,0.0,0.0,0.24369028210639954
wild__2874.png,wild,0.0,0.0,0.08021944761276245
wild__2882.png,wild,0.0,0.0,0.10685277730226517
wild__2896.png,wild,0.0,0.0,0.020137500017881393
wild__2908.png,wild,0.0,0.0,0.2002173662185669
wild__2915.png,wild,0.0,0.0,0.3095465302467346
wild__5046.png,wild,0.0,0.0,0.35274791717529297
wild__5055.png,wild,0.0,0.0,0.23769861459732056
wild__5118.png,wild,0.0,0.0,0.3943583369255066
wild__5137.png,wild,0.0,0.0,0.24051527678966522
wild__5143.png,wild,0.0,0.0,0.24109096825122833
wild__5179.png,wild,0.0,0.0,0.06712708622217178
wild__5193.png,wild,0.0,0.0,0.34499791264533997
wild__5198.png,wild,0.0,0.0,0.00802847184240818
wild__5200.png,wild,0.0,0.0,0.31308749318122864
wild__5204.png,wild,0.0,0.0,0.3982902765274048
wild__5264.png,wild,0.0,0.0,0.012352777644991875
wild__5266.png,wild,0.0,0.0,0.22970764338970184
wild__5270.png,wild,0.0,0.0,0.5360437631607056
wild__5304.png,wild,0.0,0.0,0.13737916946411133
wild__5367.png,wild,0.0,0.0,0.14591458439826965
wild__5435.png,wild,0.0,0.0,0.05844375118613243
wild__5481.png,wild,0.0,0.0,0.03615972399711609
wild__5482.png,wild,0.0,0.0,0.11496736109256744
wild__5483.png,wild,0.0,0.0,0.47632986307144165
wild__5492.png,wild,0.0,0.0,0.24277083575725555
wild__5537.png,wild,0.0,0.0,0.008249999955296516
wild__5544.png,wild,0.0,0.0,0.4040888845920563
wild__5558.png,wild,0.0,0.0,0.19993333518505096
wild__5559.png,wild,0.0,0.0,0.2807742953300476
wild__5567.png,wild,0.0,0.0,0.6224486231803894
wild__5609.png,wild,0.0,0.0,0.5405145883560181
wild__5656.png,wild,0.0,0.0,0.23413263261318207
wild__5660.png,wild,0.0,0.0,0.543351411819458
wild__5693.png,wild,0.0,0.0,0.13603472709655762
wild__5696.png,wild,0.0,0.0,0.126348614692688
wild__5698.png,wild,0.0,0.0,0.03869444504380226
wild__5707.png,wild,0.0,0.0,0.08449583500623703
wild__5708.png,wild,0.0,0.0,0.21318958699703217
wild__5731.png,wild,0.0,0.0,0.08163958042860031
wild__5735.png,wild,0.0,0.0,0.20841597020626068
wild__5763.png,wild,0.0,0.0,0.23285971581935883
wild__5770.png,wild,0.0,0.0,0.12026180326938629
wild__5781.png,wild,0.0,0.0,0.4055125117301941
wild__5789.png,wild,0.0,0.0,0.14984722435474396
wild__5801.png,wild,0.0,0.0,0.10398472100496292
wild__5808.png,wild,0.0,0.0,0.3987555503845215
wild__5811.png,wild,0.0,0.0,0.2552652657032013
wild__5813.png,wild,0.0,0.0,0.35362499952316284
wild__5821.png,wild,0.0,0.0,0.1040826365351677
wild__5834.png,wild,0.0,0.0,0.14675624668598175
wild__5836.png,wild,0.0,0.0,0.06088472157716751
wild__5839.png,wild,0.0,0.0,0.43470001220703125
wild__im11_edit1.png,wild,0.0,0.0,0.08700135350227356
wild__im11_edit2.png,wild,0.0,0.0,0.082246795296669
wild__im12_edit1.png,wild,0.0,0.0,0.11281874775886536
wild__im12_edit2.png,wild,0.0,0.0,0.04324973002076149
wild__im12_edit3.png,wild,0.0,0.0,0.04265543445944786
wild__im13_edit1.png,wild,0.0,0.0,0.06143663078546524
wild__im14_edit1.png,wild,0.0,0.0,0.02384086512029171
wild__im14_edit2.png,wild,0.0,0.0,0.11938940733671188
wild__im15_edit2.png,wild,0.0,0.0,0.06884694844484329
wild__im16_edit1.png,wild,0.0,0.0,0.06312785297632217
wild__im17_edit1.png,wild,0.0,0.0,0.08578571677207947
wild__im17_edit2.png,wild,0.0,0.0,0.08079145103693008
wild__im18_edit1.png,wild,0.0,0.0,0.052164170891046524
wild__im18_edit2.png,wild,0.0,0.0,0.11191347986459732
wild__im19_edit1.png,wild,0.0,0.0,0.044678062200546265
wild__im19_edit2.png,wild,0.0,0.0,0.056205786764621735
wild__im19_edit3.png,wild,0.0,0.0,0.12334924191236496
wild__im19_edit4.png,wild,0.0,0.0,0.11183015257120132
wild__im1_edit1.png,wild,0.0,0.0,0.10116007179021835
wild__im1_edit2.png,wild,0.0,0.0,0.2767656147480011
wild__im1_edit3.png,wild,0.0,0.0,0.2234942764043808
wild__im1_edit4.png,wild,0.0,0.0,0.07390975952148438
wild__im20_edit1.png,wild,0.0,0.0,0.3411037027835846
wild__im21_edit1.png,wild,0.0,0.0,0.1000518798828125
wild__im22_edit1.png,wild,0.0,0.0,0.3820953369140625
wild__im22_edit2.png,wild,0.0,0.0,0.09187274426221848
wild__im23_edit1.png,wild,0.0,0.0,0.07943238317966461
wild__im23_edit2.png,wild,0.0,0.0,0.04146626591682434
wild__im23_edit3.png,wild,0.0,0.0,0.32123470306396484
wild__im23_edit4.png,wild,0.0,0.0,0.03712546452879906
wild__im23_edit5.png,wild,0.0,0.0,0.10106047242879868
wild__im24_edit1.png,wild,0.0,0.0,0.13540254533290863
wild__im24_edit2.png,wild,0.0,0.0,0.09339866787195206
wild__im24_edit3.png,wild,0.0,0.0,0.040951598435640335
wild__im25_edit1.png,wild,0.0,0.0,0.15222731232643127
wild__im25_edit2.png,wild,0.0,0.0,0.17894680798053741
wild__im25_edit3.png,wild,0.0,0.0,0.0805213674902916
wild__im25_edit4.png,wild,0.0,0.0,0.13957460224628448
wild__im25_edit5.png,wild,0.0,0.0,0.06483455747365952
wild__im26_edit1.png,wild,0.0,0.0,0.08635445684194565
wild__im27_edit1.png,wild,0.0,0.0,0.09468882530927658
wild__im27_edit2.png,wild,0.0,0.0,0.09408094733953476
wild__im28_edit1.png,wild,0.0,0.0,0.08472463488578796
wild__im29_edit2.png,wild,0.0,0.0,0.15258251130580902
wild__im2_edit1.png,wild,0.0,0.0,0.1652633100748062
wild__im2_edit2.png,wild,0.0,0.0,0.16664361953735352
wild__im2_edit3.png,wild,0.0,0.0,0.4011337161064148
wild__im30_edit1.png,wild,0.0,0.0,0.14697708189487457
wild__im30_edit2.png,wild,0.0,0.0,0.27887269854545593
wild__im30_edit3.png,wild,0.0,0.0,0.3590241074562073
wild__im30_edit4.png,wild,0.0,0.0,0.1914854645729065
wild__im30_edit5.png,wild,0.0,0.0,0.22953657805919647
wild__im30_edit6.png,wild,0.0,0.0,0.05636816844344139
wild__im31_edit1.png,wild,0.0,0.0,0.14796066284179688
wild__im31_edit11.png,wild,0.0,0.0,0.1058160662651062
wild__im31_edit12.png,wild,0.0,0.0,0.4907113313674927
wild__im31_edit13.png,wild,0.0,0.0,0.07089799642562866
wild__im31_edit2.png,wild,0.0,0.0,0.2544746696949005
wild__im31_edit3.png,wild,0.0,0.0,0.04286133497953415
wild__im31_edit4.png,wild,0.0,0.0,0.297272652387619
wild__im31_edit5.png,wild,0.0,0.0,0.320589542388916
wild__im31_edit6.png,wild,0.0,0.0,0.5572486519813538
wild__im31_edit7.png,wild,0.0,0.0,0.3230760097503662
wild__im31_edit8.png,wild,0.0,0.0,0.061443936079740524
wild__im31_edit9.png,wild,0.0,0.0,0.1952788084745407
wild__im32_edit1.png,wild,0.0,0.0,0.14058640599250793
wild__im32_edit2.png,wild,0.0,0.0,0.035587918013334274
wild__im32_edit3.png,wild,0.0,0.0,0.11174991726875305
wild__im32_edit4.png,wild,0.0,0.0,0.14311960339546204
wild__im32_edit5.png,wild,0.0,0.0,0.04888276010751724
wild__im32_edit6.png,wild,0.0,0.0,0.0503157377243042
wild__im32_edit7.png,wild,0.0,0.0,0.09607065469026566
wild__im32_edit8.png,wild,0.0,0.0,0.08639322966337204
wild__im32_edit9.png,wild,0.0,0.0,0.03390851244330406
wild__im33_edit1.png,wild,0.0,0.0,0.044065192341804504
wild__im33_edit2.png,wild,0.0,0.0,0.2556297183036804
wild__im34_edit1.png,wild,0.0,0.0,0.062098026275634766
wild__im35_edit1.png,wild,0.0,0.0,0.22512653470039368
wild__im35_edit11.png,wild,0.0,0.0,0.05650019273161888
wild__im35_edit12.png,wild,0.0,0.0,0.025994056835770607
wild__im35_edit2.png,wild,0.0,0.0,0.31570833921432495
wild__im35_edit3.png,wild,0.0,0.0,0.3082515299320221
wild__im35_edit4.png,wild,0.0,0.0,0.23950058221817017
wild__im35_edit5.png,wild,0.0,0.0,0.26870015263557434
wild__im35_edit6.png,wild,0.0,0.0,0.31798791885375977
wild__im35_edit7.png,wild,0.0,0.0,0.029586847871541977
wild__im35_edit8.png,wild,0.0,0.0,0.16840416193008423
wild__im35_edit9.png,wild,0.0,0.0,0.1609359234571457
wild__im36_edit1.png,wild,0.0,0.0,0.05982818081974983
wild__im36_edit2.png,wild,0.0,0.0,0.22360332310199738
wild__im36_edit3.png,wild,0.0,0.0,0.10745934396982193
wild__im36_edit4.png,wild,0.0,0.0,0.34833359718322754
wild__im36_edit5.png,wild,0.0,0.0,0.15373282134532928
wild__im37_edit1.png,wild,0.0,0.0,0.02309183031320572
wild__im37_edit2.png,wild,0.0,0.0,0.08548202365636826
wild__im37_edit3.png,wild,0.0,0.0,0.12318947911262512
wild__im37_edit4.png,wild,0.0,0.0,0.3146961033344269
wild__im37_edit5.png,wild,0.0,0.0,0.025832248851656914
wild__im37_edit6.png,wild,0.0,0.0,0.20481283962726593
wild__im37_edit7.png,wild,0.0,0.0,0.08840702474117279
wild__im37_edit8.png,wild,0.0,0.0,0.37101125717163086
wild__im38_edit1.png,wild,0.0,0.0,0.15377293527126312
wild__im39_edit1.png,wild,0.0,0.0,0.014824304729700089
wild__im3_edit1.png,wild,0.0,0.0,0.06379340589046478
wild__im40_edit1.png,wild,0.0,0.0,0.01042925100773573
wild__im41_edit1.png,wild,0.0,0.0,0.04920845478773117
wild__im41_edit2.png,wild,0.0,0.0,0.047941312193870544
wild__im41_edit3.png,wild,0.0,0.0,0.08044382929801941
wild__im42_edit1.png,wild,0.0,0.0,0.05972612276673317
wild__im42_edit2.png,wild,0.0,0.0,0.044398970901966095
wild__im42_edit3.png,wild,0.0,0.0,0.06620340794324875
wild__im42_edit4.png,wild,0.0,0.0,0.04555469751358032
wild__im42_edit5.png,wild,0.0,0.0,0.32892242074012756
wild__im4_edit1.png,wild,0.0,0.0,0.24230733513832092
wild__im5_edit1.png,wild,0.0,0.0,0.4020755887031555
wild__im6_edit1.png,wild,0.0,0.0,0.25329136848449707
wild__im7_edit2.png,wild,0.0,0.0,0.20311354100704193
wild__im7_edit3.png,wild,0.0,0.0,0.042883001267910004
wild__im7_edit4.png,wild,0.0,0.0,0.06874962896108627
wild__im7_edit6.png,wild,0.0,0.0,0.04655199870467186
wild__im7_edit7.png,wild,0.0,0.0,0.17589309811592102
wild__im8_edit1.png,wild,0.0,0.0,0.034757331013679504
wild__im8_edit3.png,wild,0.0,0.0,0.06299811601638794
wild__im8_edit4.png,wild,0.0,0.0,0.060814324766397476
wild__im9_edit1.png,wild,0.0,0.0,0.0042949458584189415
wild__im9_edit2.png,wild,0.0,0.0,0.08444583415985107
wild__im9_edit3.png,wild,0.0,0.0,0.05661759153008461
wild__im9_edit4.png,wild,0.0,0.0,0.06681852042675018
